-- phpMyAdmin SQL Dump
-- version 3.2.4
-- http://www.phpmyadmin.net
--
-- Host: localhost
-- Generation Time: Sep 24, 2013 at 05:31 AM
-- Server version: 5.1.44
-- PHP Version: 5.3.1

SET SQL_MODE="NO_AUTO_VALUE_ON_ZERO";


/*!40101 SET @OLD_CHARACTER_SET_CLIENT=@@CHARACTER_SET_CLIENT */;
/*!40101 SET @OLD_CHARACTER_SET_RESULTS=@@CHARACTER_SET_RESULTS */;
/*!40101 SET @OLD_COLLATION_CONNECTION=@@COLLATION_CONNECTION */;
/*!40101 SET NAMES utf8 */;

--
-- Database: `antikode_standard`
--

-- --------------------------------------------------------

--
-- Table structure for table `cities`
--

CREATE TABLE IF NOT EXISTS `cities` (
  `city_id` int(11) NOT NULL AUTO_INCREMENT,
  `city_name` varchar(50) NOT NULL,
  `country_id` varchar(50) NOT NULL,
  `province` varchar(50) NOT NULL,
  PRIMARY KEY (`city_id`)
) ENGINE=MyISAM  DEFAULT CHARSET=latin1 AUTO_INCREMENT=333 ;

--
-- Dumping data for table `cities`
--

INSERT INTO `cities` (`city_id`, `city_name`, `country_id`, `province`) VALUES
(1, 'Banda Aceh', 'Indonesia', 'Aceh'),
(2, 'Denpasar', 'Indonesia', 'Bali'),
(3, 'Balaraja', 'Indonesia', 'Banten'),
(4, 'Bengkulu', 'Indonesia', 'Bengkulu'),
(5, 'Gorontalo', 'Indonesia', 'Gorontalo'),
(6, 'Jakarta', 'Indonesia', 'Jakarta'),
(7, 'Jambi', 'Indonesia', 'Jambi'),
(8, 'Bandung', 'Indonesia', 'Jawa Barat'),
(9, 'Semarang', 'Indonesia', 'Jawa Tengah'),
(10, 'Surabaya', 'Indonesia', 'Jawa Timur'),
(11, 'Pontianak', 'Indonesia', 'Kalimantan Barat'),
(12, 'Banjarmasin', 'Indonesia', 'Kalimantan Selatan'),
(13, 'Palangkaraya', 'Indonesia', 'Kalimantan Tengah'),
(14, 'Samarinda', 'Indonesia', 'Kalimantan Timur'),
(15, 'Tanjung Selor', 'Indonesia', 'Kalimantan Utara'),
(16, 'Pangkal Pinang', 'Indonesia', 'Kepulauan Bangka Belitung'),
(17, 'Tanjung Pinang', 'Indonesia', 'Kepulauan Riau'),
(18, 'Bandar Lampung', 'Indonesia', 'Lampung'),
(19, 'Ambon', 'Indonesia', 'Maluku'),
(20, 'Ternate', 'Indonesia', 'Maluku Utara'),
(21, 'Dompu', 'Indonesia', 'Nusa Tenggara Barat'),
(22, 'Kupang', 'Indonesia', 'Nusa Tenggara Timur'),
(23, 'Jayapura', 'Indonesia', 'Papua'),
(24, 'Manokwari', 'Indonesia', 'Papua Barat'),
(25, 'Pekanbaru', 'Indonesia', 'Riau'),
(26, 'Mamuju', 'Indonesia', 'Sulawesi Barat'),
(27, 'Makasar', 'Indonesia', 'Sulawesi Selatan'),
(28, 'Palu', 'Indonesia', 'Sulawesi Tengah'),
(29, 'Kendari', 'Indonesia', 'Sulawesi Tenggara'),
(30, 'Manado', 'Indonesia', 'Sulawesi Utara'),
(31, 'Padang', 'Indonesia', 'Sumatera Barat'),
(32, 'Palembang', 'Indonesia', 'Sumatera Selatan'),
(33, 'Medan', 'Indonesia', 'Sumatera Utara'),
(34, 'Yogyakarta', 'Indonesia', 'Yogyakarta'),
(35, 'Banjar', 'Indonesia', 'Jawa Barat'),
(36, 'Bogor', 'Indonesia', 'Jawa Barat'),
(37, 'Cimahi', 'Indonesia', 'Jawa Barat'),
(38, 'Cirebon', 'Indonesia', 'Jawa Barat'),
(39, 'Depok', 'Indonesia', 'Jawa Barat'),
(40, 'Sukabumi', 'Indonesia', 'Jawa Barat'),
(41, 'Tasikmalaya', 'Indonesia', 'Jawa Barat'),
(42, 'Tangerang', 'Indonesia', 'Banten'),
(43, 'Serpong', 'Indonesia', 'Banten'),
(44, 'Serang', 'Indonesia', 'Banten'),
(45, 'Cilegon', 'Indonesia', 'Banten'),
(46, 'Lhokseumawe', 'Indonesia', 'Aceh'),
(47, 'Gianyar', 'Indonesia', 'Bali'),
(48, 'Jimbaran', 'Indonesia', 'Bali'),
(49, 'Kuta', 'Indonesia', 'Bali'),
(50, 'Ngurahrai', 'Indonesia', 'Bali'),
(51, 'Nusa Dua', 'Indonesia', 'Bali'),
(52, 'Sanur', 'Indonesia', 'Bali'),
(53, 'Singaraja', 'Indonesia', 'Bali'),
(54, 'Ubud', 'Indonesia', 'Bali'),
(55, 'Belinyu', 'Indonesia', 'Kepulauan Bangka Belitung'),
(56, 'Gantung', 'Indonesia', 'Kepulauan Bangka Belitung'),
(57, 'Manggar', 'Indonesia', 'Kepulauan Bangka Belitung'),
(58, 'Mentok', 'Indonesia', 'Kepulauan Bangka Belitung'),
(59, 'Marawang', 'Indonesia', 'Kepulauan Bangka Belitung'),
(60, 'Tanjung Pandan', 'Indonesia', 'Kepulauan Bangka Belitung'),
(61, 'Bintaro', 'Indonesia', 'Banten'),
(62, 'Cikupa', 'Indonesia', 'Banten'),
(63, 'Cipondoh', 'Indonesia', 'Banten'),
(64, 'Karawaci', 'Indonesia', 'Banten'),
(65, 'Pamulang', 'Indonesia', 'Banten'),
(66, 'Pandegelang', 'Indonesia', 'Banten'),
(67, 'Panimbang', 'Indonesia', 'Banten'),
(68, 'Rangkas Bitung', 'Indonesia', 'Banten'),
(69, 'Tigaraksa', 'Indonesia', 'Banten'),
(70, 'Curug', 'Indonesia', 'Bengkulu'),
(71, 'Rajang Lebong', 'Indonesia', 'Bengkulu'),
(72, 'Bantul', 'Indonesia', 'Yogyakarta'),
(73, 'Ngaglik', 'Indonesia', 'Yogyakarta'),
(74, 'Prambanan', 'Indonesia', 'Yogyakarta'),
(75, 'Sleman', 'Indonesia', 'Yogyakarta'),
(76, 'Bekasi', 'Indonesia', 'Jawa Barat'),
(77, 'Karawang', 'Indonesia', 'Jawa Barat'),
(78, 'Bojonggede, Cibinong', 'Indonesia', 'Jawa Barat'),
(79, 'Ciamis', 'Indonesia', 'Jawa Barat'),
(80, 'Cianjur', 'Indonesia', 'Jawa Barat'),
(81, 'Ciawi, Cibinong', 'Indonesia', 'Jawa Barat'),
(82, 'Ciawi, Singaparna', 'Sukabumi', 'Jawa Barat'),
(83, 'Cibadak, Sukabumi', 'Indonesia', 'Jawa Barat'),
(84, 'Cibinong, Bogor', 'Indonesia', 'Jawa Barat'),
(85, 'Cibinong, Cianjur', 'Indonesia', 'Jawa Barat'),
(86, 'Cibitung, Cikarang', 'Indonesia', 'Jawa Barat'),
(87, 'Cibitung, Pandegelang', 'Indonesia', 'Jawa Barat'),
(88, 'Cibitung, Sukabumi', 'Indonesia', 'Jawa Barat'),
(89, 'Cibubur', 'Indonesia', 'Jawa Barat'),
(90, 'Cikampek', 'Indonesia', 'Jawa Barat'),
(91, 'Cikarang', 'Indonesia', 'Jawa Barat'),
(92, 'Cileungsi', 'Indonesia', 'Jawa Barat'),
(93, 'Cipanas, Cianjur', 'Indonesia', 'Jawa Barat'),
(94, 'Citeureup', 'Indonesia', 'Jawa Barat'),
(95, 'Dayeuh Kolot', 'Indonesia', 'Jawa Barat'),
(96, 'Garut', 'Indonesia', 'Jawa Barat'),
(97, 'Indramayu', 'Indonesia', 'Jawa Barat'),
(98, 'Jatibarang, Brebes', 'Indonesia', 'Jawa Barat'),
(99, 'Jatibarang, Indramayu', 'Indonesia', 'Jawa Barat'),
(100, 'Jatinangor', 'Indonesia', 'Jawa Barat'),
(101, 'Jatiwangi', 'Indonesia', 'Jawa Barat'),
(102, 'Kadipaten, Majalengka', 'Indonesia', 'Jawa Barat'),
(103, 'Kadipaten, Singaparna', 'Indonesia', 'Jawa Barat'),
(104, 'Kuningan', 'Indonesia', 'Jawa Barat'),
(105, 'Lembang, Ngamprah', 'Indonesia', 'Jawa Barat'),
(106, 'Losari, Brebes', 'Indonesia', 'Jawa Barat'),
(107, 'Lorasi, Sumber', 'Indonesia', 'Jawa Barat'),
(108, 'Majalaya, Karawang', 'Indonesia', 'Jawa Barat'),
(109, 'Majalengka', 'Indonesia', 'Jawa Barat'),
(110, 'Megamendung', 'Indonesia', 'Jawa Barat'),
(111, 'Padalarang', 'Indonesia', 'Jawa Barat'),
(112, 'Palimanan', 'Indonesia', 'Jawa Barat'),
(113, 'Purwakarta', 'Indonesia', 'Jawa Barat'),
(114, 'Purwakarta, Cilegon', 'Indonesia', 'Jawa Barat'),
(115, 'Rancaekek, Soreang', 'Indonesia', 'Jawa Barat'),
(116, 'Soreang', 'Indonesia', 'Jawa Barat'),
(117, 'Subang', 'Indonesia', 'Jawa Barat'),
(118, 'Sumedang', 'Indonesia', 'Jawa Barat'),
(119, 'Tambun, Cikarang', 'Indonesia', 'Jawa Barat'),
(120, 'Cilacap', 'Indonesia', 'Jawa Tengah'),
(121, 'Magelang', 'Indonesia', 'Jawa Tengah'),
(122, 'Solo / Surakarta', 'Indonesia', 'Jawa Tengah'),
(123, 'Ajibarang', 'Indonesia', 'Jawa Tengah'),
(124, 'Ambarawa', 'Indonesia', 'Jawa Tengah'),
(125, 'Banjarnegara', 'Indonesia', 'Jawa Tengah'),
(126, 'Banyumas, Purwokerto', 'Indonesia', 'Jawa Tengah'),
(127, 'Blora', 'Indonesia', 'Jawa Tengah'),
(128, 'Boyolali', 'Indonesia', 'Jawa Tengah'),
(129, 'Cepu, Blora', 'Indonesia', 'Jawa Tengah'),
(130, 'Delanggu, Klaten', 'Indonesia', 'Jawa Tengah'),
(131, 'Demak', 'Indonesia', 'Jawa Tengah'),
(132, 'Jepara', 'Indonesia', 'Jawa Tengah'),
(133, 'Karang Anyar', 'Indonesia', 'Jawa Tengah'),
(134, 'Kebumen', 'Indonesia', 'Jawa Tengah'),
(135, 'Kendal', 'Indonesia', 'Jawa Tengah'),
(136, 'Klaten', 'Indonesia', 'Jawa Tengah'),
(137, 'Kudus', 'Indonesia', 'Jawa Tengah'),
(138, 'Muntilan, Magelang', 'Indonesia', 'Jawa Tengah'),
(139, 'Pati', 'Indonesia', 'Jawa Tengah'),
(140, 'Pekalongan', 'Indonesia', 'Jawa Tengah'),
(141, 'Pemalang', 'Indonesia', 'Jawa Tengah'),
(142, 'Purbalingga', 'Indonesia', 'Jawa Tengah'),
(143, 'Purwodadi, Grobogan', 'Indonesia', 'Jawa Tengah'),
(144, 'Purwokerto', 'Indonesia', 'Jawa Tengah'),
(145, 'Purworejo', 'Indonesia', 'Jawa Tengah'),
(146, 'Rembang', 'Indonesia', 'Jawa Tengah'),
(147, 'Salatiga', 'Indonesia', 'Jawa Tengah'),
(148, 'Slawi', 'Indonesia', 'Jawa Tengah'),
(149, 'Sukoharjo', 'Indonesia', 'Jawa Tengah'),
(150, 'Tahunan, Jepara', 'Indonesia', 'Jawa Tengah'),
(151, 'Tegal', 'Indonesia', 'Jawa Tengah'),
(152, 'Temanggung', 'Indonesia', 'Jawa Tengah'),
(153, 'Ungaran', 'Indonesia', 'Jawa Tengah'),
(154, 'Wonogiri', 'Indonesia', 'Jawa Tengah'),
(155, 'Wonopringgo, Kajen', 'Indonesia', 'Jawa Tengah'),
(156, 'Wonosobo', 'Indonesia', 'Jawa Tengah'),
(157, 'Bangkalan', 'Indonesia', 'Jawa Timur'),
(158, 'Banyuwangi', 'Indonesia', 'Jawa Timur'),
(159, 'Batu', 'Indonesia', 'Jawa Timur'),
(160, 'Blitar', 'Indonesia', 'Jawa Timur'),
(161, 'Bojonegoro', 'Indonesia', 'Jawa Timur'),
(162, 'Bondowoso', 'Indonesia', 'Jawa Timur'),
(163, 'Buduran, Sidoarjo', 'Indonesia', 'Jawa Timur'),
(164, 'Gresik', 'Indonesia', 'Jawa Timur'),
(165, 'Jember', 'Indonesia', 'Jawa Timur'),
(166, 'Jombang', 'Indonesia', 'Jawa Timur'),
(167, 'Kediri', 'Indonesia', 'Jawa Timur'),
(168, 'Lamongan', 'Indonesia', 'Jawa Timur'),
(169, 'Lumajang', 'Indonesia', 'Jawa Timur'),
(170, 'Madiun', 'Indonesia', 'Jawa Timur'),
(171, 'Magetan', 'Indonesia', 'Jawa Timur'),
(172, 'Malang', 'Indonesia', 'Jawa Timur'),
(173, 'Mojokerto', 'Indonesia', 'Jawa Timur'),
(174, 'Nganjuk', 'Indonesia', 'Jawa Timur'),
(175, 'Ngawi', 'Indonesia', 'Jawa Timur'),
(176, 'Pamekasan', 'Indonesia', 'Jawa Timur'),
(177, 'Pandaan', 'Indonesia', 'Jawa Timur'),
(178, 'Pare, Kediri', 'Indonesia', 'Jawa Timur'),
(179, 'Pasuruan', 'Indonesia', 'Jawa Timur'),
(180, 'Ponorogo', 'Indonesia', 'Jawa Timur'),
(181, 'Probolinggo', 'Indonesia', 'Jawa Timur'),
(182, 'Sedati, Sidoarjo', 'Indonesia', 'Jawa Timur'),
(183, 'Sidoarjo', 'Indonesia', 'Jawa Timur'),
(184, 'Situbondo', 'Indonesia', 'Jawa Timur'),
(185, 'Sumenep', 'Indonesia', 'Jawa Timur'),
(186, 'Tlogosari, Bondowoso', 'Indonesia', 'Jawa Timur'),
(187, 'Trenggalek', 'Indonesia', 'Jawa Timur'),
(188, 'Tuban', 'Indonesia', 'Jawa Timur'),
(189, 'Tulungagung', 'Indonesia', 'Jawa Timur'),
(190, 'Turi (Lamongan)', 'Indonesia', 'Jawa Timur'),
(191, 'Waru (Sidoarjo)', 'Indonesia', 'Jawa Timur'),
(192, 'Kotabaru, Pulaulaut', 'Indonesia', 'Kalimantan Selatan'),
(193, 'Kandangan, Kab.Hulu Sungai Selatan', 'Indonesia', 'Kalimantan Selatan'),
(194, 'Banjarbaru', 'Indonesia', 'Kalimantan Selatan'),
(195, 'Batu Licin', 'Indonesia', 'Kalimantan Selatan'),
(196, 'Barabai', 'Indonesia', 'Kalimantan Selatan'),
(197, 'Ketapang', 'Indonesia', 'Kalimantan Barat'),
(198, 'Ketapang, Sampang', 'Indonesia', 'Kalimantan Barat'),
(199, 'Nanga Pinoh, Melawi', 'Indonesia', 'Kalimantan Barat'),
(200, 'Pemangkat', 'Indonesia', 'Kalimantan Barat'),
(201, 'Sambas', 'Indonesia', 'Kalimantan Barat'),
(202, 'Sanggau', 'Indonesia', 'Kalimantan Barat'),
(203, 'Singkawang', 'Indonesia', 'Kalimantan Barat'),
(204, 'Sintang', 'Indonesia', 'Kalimantan Barat'),
(205, 'Sui Raya, Kubu Raya', 'Indonesia', 'Kalimantan Barat'),
(206, 'Martapura, Banjar', 'Indonesia', 'Kalimantan Selatan'),
(207, 'Paringin, Kab. Balangan', 'Indonesia', 'Kalimantan Selatan'),
(208, 'Pelaihari', 'Indonesia', 'Kalimantan Selatan'),
(209, 'Kuala Kapuas', 'Indonesia', 'Kalimantan Tengah'),
(210, 'Muara Teweh', 'Indonesia', 'Kalimantan Tengah'),
(211, 'Palangkaraya', 'Indonesia', 'Kalimantan Tengah'),
(212, 'Pangkalan Banteng', 'Indonesia', 'Kalimantan Tengah'),
(213, 'Pangkalan Bun', 'Indonesia', 'Kalimantan Tengah'),
(214, 'Sampit', 'Indonesia', 'Kalimantan Tengah'),
(215, 'Balikpapan', 'Indonesia', 'Kalimantan Timur'),
(216, 'Bontang', 'Indonesia', 'Kalimantan Timur'),
(217, 'Melak, Sendawar', 'Indonesia', 'Kalimantan Timur'),
(218, 'Nunukan', 'Indonesia', 'Kalimantan Timur'),
(219, 'Samarinda', 'Indonesia', 'Kalimantan Timur'),
(220, 'Sangatta, Bontang', 'Indonesia', 'Kalimantan Timur'),
(221, 'Tanah Grogot, Kab. Paser', 'Indonesia', 'Kalimantan Timur'),
(222, 'Tanjung Selor', 'Indonesia', 'Kalimantan Timur'),
(223, 'Tarakan', 'Indonesia', 'Kalimantan Timur'),
(224, 'Tenggarong, Kutai', 'Indonesia', 'Kalimantan Timur'),
(225, 'Batam', 'Indonesia', 'Kepulauan Riau'),
(226, 'Kundur, Karimun', 'Indonesia', 'Kepulauan Riau'),
(227, 'Lagoi, Bintan', 'Indonesia', 'Kepulauan Riau'),
(228, 'Tanjung Balai Karimun', 'Indonesia', 'Kepulauan Riau'),
(229, 'Tanjung Uban / Bintan Utara', 'Indonesia', 'Kepulauan Riau'),
(230, 'Bakauheuni', 'Indonesia', 'Lampung'),
(231, 'Bukit Kemuning', 'Indonesia', 'Lampung'),
(232, 'Kalianda', 'Indonesia', 'Lampung'),
(233, 'Kota Agung', 'Indonesia', 'Lampung'),
(234, 'Kotabumi', 'Indonesia', 'Lampung'),
(235, 'Liwa', 'Indonesia', 'Lampung'),
(236, 'Metro', 'Indonesia', 'Lampung'),
(237, 'Pringsewu', 'Indonesia', 'Lampung'),
(238, 'Seputih Bawang, Gunung Sugih', 'Indonesia', 'Lampung'),
(239, 'Bima', 'Indonesia', 'Nusa Tenggara Timur'),
(240, 'Kalabahi', 'Indonesia', 'Nusa Tenggara Timur'),
(241, 'Loweleba', 'Indonesia', 'Nusa Tenggara Timur'),
(242, 'Maumere', 'Indonesia', 'Nusa Tenggara Timur'),
(243, 'Ruteng, Kab. Manggarai', 'Indonesia', 'Nusa Tenggara Timur'),
(244, 'Waingapu, Kab. Sumba Timur', 'Indonesia', 'Nusa Tenggara Timur'),
(245, 'Biak', 'Indonesia', 'Papua'),
(246, 'Kuala Kencana, Timika', 'Indonesia', 'Papua'),
(247, 'Merauke', 'Indonesia', 'Papua'),
(248, 'Serui', 'Indonesia', 'Papua'),
(249, 'Timika', 'Indonesia', 'Papua'),
(250, 'Manokwari', 'Indonesia', 'Papua Barat'),
(251, 'Sorong', 'Indonesia', 'Papua Barat'),
(252, 'Bagansiapi Api', 'Indonesia', 'Riau'),
(253, 'Bangkinang', 'Indonesia', 'Riau'),
(254, 'Bengkalis', 'Indonesia', 'Riau'),
(255, 'Dumai', 'Indonesia', 'Riau'),
(256, 'Duri', 'Indonesia', 'Riau'),
(257, 'Marpoyan', 'Indonesia', 'Riau'),
(258, 'Nongsa / Kabil - Batam', 'Indonesia', 'Riau'),
(259, 'Pangkalan Kerinci', 'Indonesia', 'Riau'),
(260, 'Rengat', 'Indonesia', 'Riau'),
(261, 'Rumbai', 'Indonesia', 'Riau'),
(262, 'Siak Sri Indrapura', 'Indonesia', 'Riau'),
(263, 'Teluk Kuantan', 'Indonesia', 'Riau'),
(264, 'Tembilahan', 'Indonesia', 'Riau'),
(265, 'Majene', 'Indonesia', 'Sulawesi Barat'),
(266, 'Mamasa', 'Indonesia', 'Sulawesi Barat'),
(267, 'Polewali', 'Indonesia', 'Sulawesi Barat'),
(268, 'Banawa', 'Indonesia', 'Sulawesi Selatan'),
(269, 'Benteng, Selayar', 'Indonesia', 'Sulawesi Selatan'),
(270, 'Bulukumba', 'Indonesia', 'Sulawesi Selatan'),
(271, 'Maros', 'Indonesia', 'Sulawesi Selatan'),
(272, 'Palopo', 'Indonesia', 'Sulawesi Selatan'),
(273, 'Pare Pare', 'Indonesia', 'Sulawesi Selatan'),
(274, 'Pinrang', 'Indonesia', 'Sulawesi Selatan'),
(275, 'Rantepao, Tana Toraja', 'Indonesia', 'Sulawesi Selatan'),
(276, 'Sengkang', 'Indonesia', 'Sulawesi Selatan'),
(277, 'Soroako', 'Indonesia', 'Sulawesi Selatan'),
(278, 'Sangguminasa, Gowa', 'Indonesia', 'Sulawesi Selatan'),
(279, 'Ampana Kota', 'Indonesia', 'Sulawesi Tengah'),
(280, 'Banggai', 'Indonesia', 'Sulawesi Tengah'),
(281, 'Buol', 'Indonesia', 'Sulawesi Tengah'),
(282, 'Luwuk', 'Indonesia', 'Sulawesi Tengah'),
(283, 'Parigi', 'Indonesia', 'Sulawesi Tengah'),
(284, 'Poso', 'Indonesia', 'Sulawesi Tengah'),
(285, 'Sigi Biromanu, Donggala', 'Indonesia', 'Sulawesi Tengah'),
(286, 'Tolitoli', 'Indonesia', 'Sulawesi Tengah'),
(287, 'Bau-bau', 'Indonesia', 'Sulawesi Tenggara'),
(288, 'Kolaka', 'Indonesia', 'Sulawesi Tenggara'),
(289, 'Unaaha, Konawe', 'Indonesia', 'Sulawesi Tenggara'),
(290, 'Airmadidi', 'Indonesia', 'Sulawesi Utara'),
(291, 'Amurang', 'Indonesia', 'Sulawesi Utara'),
(292, 'Bitung', 'Indonesia', 'Sulawesi Utara'),
(293, 'Kotamobagu', 'Indonesia', 'Sulawesi Utara'),
(294, 'Tahuna', 'Indonesia', 'Sulawesi Utara'),
(295, 'Tomohon', 'Indonesia', 'Sulawesi Utara'),
(296, 'Tondano', 'Indonesia', 'Sulawesi Utara'),
(297, 'Batusangkar', 'Indonesia', 'Sumatera Barat'),
(298, 'Bukittinggi', 'Indonesia', 'Sumatera Barat'),
(299, 'Gunung Sitoli, Nias', 'Indonesia', 'Sumatera Barat'),
(300, 'Padang Panjang', 'Indonesia', 'Sumatera Barat'),
(301, 'Payakumbuh', 'Indonesia', 'Sumatera Barat'),
(302, 'Sawahlunto', 'Indonesia', 'Sumatera Barat'),
(303, 'Solok', 'Indonesia', 'Sumatera Barat'),
(304, 'Baturaja', 'Indonesia', 'Sumatera Selatan'),
(305, 'Indrajaya', 'Indonesia', 'Sumatera Selatan'),
(306, 'Kayu Agung', 'Indonesia', 'Sumatera Selatan'),
(307, 'Lahat', 'Indonesia', 'Sumatera Selatan'),
(308, 'Lubuk Linggau', 'Indonesia', 'Sumatera Selatan'),
(309, 'Martapura', 'Indonesia', 'Sumatera Selatan'),
(310, 'Muara Belikan, Muara Enim', 'Indonesia', 'Sumatera Selatan'),
(311, 'Pagar Alam', 'Indonesia', 'Sumatera Selatan'),
(312, 'Plaju', 'Indonesia', 'Sumatera Selatan'),
(313, 'Prabumulih', 'Indonesia', 'Sumatera Selatan'),
(314, 'Sekayu', 'Indonesia', 'Sumatera Selatan'),
(315, 'Belawan', 'Indonesia', 'Sumatera Utara'),
(316, 'Binjai', 'Indonesia', 'Sumatera Utara'),
(317, 'Kabanjahe', 'Indonesia', 'Sumatera Utara'),
(318, 'Kisaran', 'Indonesia', 'Sumatera Utara'),
(319, 'Lubuk Pakam', 'Indonesia', 'Sumatera Utara'),
(320, 'Padang Sidempuan', 'Indonesia', 'Sumatera Utara'),
(321, 'Pematangsiantar', 'Indonesia', 'Sumatera Utara'),
(322, 'Rantau Prapat', 'Indonesia', 'Sumatera Utara'),
(323, 'Sei Rampah', 'Indonesia', 'Sumatera Utara'),
(324, 'Sibolga', 'Indonesia', 'Sumatera Utara'),
(325, 'Sibuhuan', 'Indonesia', 'Sumatera Utara'),
(326, 'Sidikalang', 'Indonesia', 'Sumatera Utara'),
(327, 'Sipirok', 'Indonesia', 'Sumatera Utara'),
(328, 'Stabat', 'Indonesia', 'Sumatera Utara'),
(329, 'Tanjung Balai Asahan', 'Indonesia', 'Sumatera Utara'),
(330, 'Tanjung Morawa', 'Indonesia', 'Sumatera Utara'),
(331, 'Tarutung', 'Indonesia', 'Sumatera Utara'),
(332, 'Tebing Tinggi', 'Indonesia', 'Sumatera Utara');

-- --------------------------------------------------------

--
-- Table structure for table `countries`
--

CREATE TABLE IF NOT EXISTS `countries` (
  `id` int(11) NOT NULL AUTO_INCREMENT,
  `country_code` varchar(2) NOT NULL DEFAULT '',
  `country_name` varchar(100) NOT NULL DEFAULT '',
  PRIMARY KEY (`id`)
) ENGINE=MyISAM  DEFAULT CHARSET=utf8 AUTO_INCREMENT=240 ;

--
-- Dumping data for table `countries`
--

INSERT INTO `countries` (`id`, `country_code`, `country_name`) VALUES
(1, 'US', 'United States'),
(2, 'CA', 'Canada'),
(3, 'AF', 'Afghanistan'),
(4, 'AL', 'Albania'),
(5, 'DZ', 'Algeria'),
(6, 'DS', 'American Samoa'),
(7, 'AD', 'Andorra'),
(8, 'AO', 'Angola'),
(9, 'AI', 'Anguilla'),
(10, 'AQ', 'Antarctica'),
(11, 'AG', 'Antigua and/or Barbuda'),
(12, 'AR', 'Argentina'),
(13, 'AM', 'Armenia'),
(14, 'AW', 'Aruba'),
(15, 'AU', 'Australia'),
(16, 'AT', 'Austria'),
(17, 'AZ', 'Azerbaijan'),
(18, 'BS', 'Bahamas'),
(19, 'BH', 'Bahrain'),
(20, 'BD', 'Bangladesh'),
(21, 'BB', 'Barbados'),
(22, 'BY', 'Belarus'),
(23, 'BE', 'Belgium'),
(24, 'BZ', 'Belize'),
(25, 'BJ', 'Benin'),
(26, 'BM', 'Bermuda'),
(27, 'BT', 'Bhutan'),
(28, 'BO', 'Bolivia'),
(29, 'BA', 'Bosnia and Herzegovina'),
(30, 'BW', 'Botswana'),
(31, 'BV', 'Bouvet Island'),
(32, 'BR', 'Brazil'),
(33, 'IO', 'British lndian Ocean Territory'),
(34, 'BN', 'Brunei Darussalam'),
(35, 'BG', 'Bulgaria'),
(36, 'BF', 'Burkina Faso'),
(37, 'BI', 'Burundi'),
(38, 'KH', 'Cambodia'),
(39, 'CM', 'Cameroon'),
(40, 'CV', 'Cape Verde'),
(41, 'KY', 'Cayman Islands'),
(42, 'CF', 'Central African Republic'),
(43, 'TD', 'Chad'),
(44, 'CL', 'Chile'),
(45, 'CN', 'China'),
(46, 'CX', 'Christmas Island'),
(47, 'CC', 'Cocos (Keeling) Islands'),
(48, 'CO', 'Colombia'),
(49, 'KM', 'Comoros'),
(50, 'CG', 'Congo'),
(51, 'CK', 'Cook Islands'),
(52, 'CR', 'Costa Rica'),
(53, 'HR', 'Croatia (Hrvatska)'),
(54, 'CU', 'Cuba'),
(55, 'CY', 'Cyprus'),
(56, 'CZ', 'Czech Republic'),
(57, 'DK', 'Denmark'),
(58, 'DJ', 'Djibouti'),
(59, 'DM', 'Dominica'),
(60, 'DO', 'Dominican Republic'),
(61, 'TP', 'East Timor'),
(62, 'EC', 'Ecudaor'),
(63, 'EG', 'Egypt'),
(64, 'SV', 'El Salvador'),
(65, 'GQ', 'Equatorial Guinea'),
(66, 'ER', 'Eritrea'),
(67, 'EE', 'Estonia'),
(68, 'ET', 'Ethiopia'),
(69, 'FK', 'Falkland Islands (Malvinas)'),
(70, 'FO', 'Faroe Islands'),
(71, 'FJ', 'Fiji'),
(72, 'FI', 'Finland'),
(73, 'FR', 'France'),
(74, 'FX', 'France, Metropolitan'),
(75, 'GF', 'French Guiana'),
(76, 'PF', 'French Polynesia'),
(77, 'TF', 'French Southern Territories'),
(78, 'GA', 'Gabon'),
(79, 'GM', 'Gambia'),
(80, 'GE', 'Georgia'),
(81, 'DE', 'Germany'),
(82, 'GH', 'Ghana'),
(83, 'GI', 'Gibraltar'),
(84, 'GR', 'Greece'),
(85, 'GL', 'Greenland'),
(86, 'GD', 'Grenada'),
(87, 'GP', 'Guadeloupe'),
(88, 'GU', 'Guam'),
(89, 'GT', 'Guatemala'),
(90, 'GN', 'Guinea'),
(91, 'GW', 'Guinea-Bissau'),
(92, 'GY', 'Guyana'),
(93, 'HT', 'Haiti'),
(94, 'HM', 'Heard and Mc Donald Islands'),
(95, 'HN', 'Honduras'),
(96, 'HK', 'Hong Kong'),
(97, 'HU', 'Hungary'),
(98, 'IS', 'Iceland'),
(99, 'IN', 'India'),
(100, 'ID', 'Indonesia'),
(101, 'IR', 'Iran (Islamic Republic of)'),
(102, 'IQ', 'Iraq'),
(103, 'IE', 'Ireland'),
(104, 'IL', 'Israel'),
(105, 'IT', 'Italy'),
(106, 'CI', 'Ivory Coast'),
(107, 'JM', 'Jamaica'),
(108, 'JP', 'Japan'),
(109, 'JO', 'Jordan'),
(110, 'KZ', 'Kazakhstan'),
(111, 'KE', 'Kenya'),
(112, 'KI', 'Kiribati'),
(113, 'KP', 'Korea, Democratic People''s Republic of'),
(114, 'KR', 'Korea, Republic of'),
(115, 'KW', 'Kuwait'),
(116, 'KG', 'Kyrgyzstan'),
(117, 'LA', 'Lao People''s Democratic Republic'),
(118, 'LV', 'Latvia'),
(119, 'LB', 'Lebanon'),
(120, 'LS', 'Lesotho'),
(121, 'LR', 'Liberia'),
(122, 'LY', 'Libyan Arab Jamahiriya'),
(123, 'LI', 'Liechtenstein'),
(124, 'LT', 'Lithuania'),
(125, 'LU', 'Luxembourg'),
(126, 'MO', 'Macau'),
(127, 'MK', 'Macedonia'),
(128, 'MG', 'Madagascar'),
(129, 'MW', 'Malawi'),
(130, 'MY', 'Malaysia'),
(131, 'MV', 'Maldives'),
(132, 'ML', 'Mali'),
(133, 'MT', 'Malta'),
(134, 'MH', 'Marshall Islands'),
(135, 'MQ', 'Martinique'),
(136, 'MR', 'Mauritania'),
(137, 'MU', 'Mauritius'),
(138, 'TY', 'Mayotte'),
(139, 'MX', 'Mexico'),
(140, 'FM', 'Micronesia, Federated States of'),
(141, 'MD', 'Moldova, Republic of'),
(142, 'MC', 'Monaco'),
(143, 'MN', 'Mongolia'),
(144, 'MS', 'Montserrat'),
(145, 'MA', 'Morocco'),
(146, 'MZ', 'Mozambique'),
(147, 'MM', 'Myanmar'),
(148, 'NA', 'Namibia'),
(149, 'NR', 'Nauru'),
(150, 'NP', 'Nepal'),
(151, 'NL', 'Netherlands'),
(152, 'AN', 'Netherlands Antilles'),
(153, 'NC', 'New Caledonia'),
(154, 'NZ', 'New Zealand'),
(155, 'NI', 'Nicaragua'),
(156, 'NE', 'Niger'),
(157, 'NG', 'Nigeria'),
(158, 'NU', 'Niue'),
(159, 'NF', 'Norfork Island'),
(160, 'MP', 'Northern Mariana Islands'),
(161, 'NO', 'Norway'),
(162, 'OM', 'Oman'),
(163, 'PK', 'Pakistan'),
(164, 'PW', 'Palau'),
(165, 'PA', 'Panama'),
(166, 'PG', 'Papua New Guinea'),
(167, 'PY', 'Paraguay'),
(168, 'PE', 'Peru'),
(169, 'PH', 'Philippines'),
(170, 'PN', 'Pitcairn'),
(171, 'PL', 'Poland'),
(172, 'PT', 'Portugal'),
(173, 'PR', 'Puerto Rico'),
(174, 'QA', 'Qatar'),
(175, 'RE', 'Reunion'),
(176, 'RO', 'Romania'),
(177, 'RU', 'Russian Federation'),
(178, 'RW', 'Rwanda'),
(179, 'KN', 'Saint Kitts and Nevis'),
(180, 'LC', 'Saint Lucia'),
(181, 'VC', 'Saint Vincent and the Grenadines'),
(182, 'WS', 'Samoa'),
(183, 'SM', 'San Marino'),
(184, 'ST', 'Sao Tome and Principe'),
(185, 'SA', 'Saudi Arabia'),
(186, 'SN', 'Senegal'),
(187, 'SC', 'Seychelles'),
(188, 'SL', 'Sierra Leone'),
(189, 'SG', 'Singapore'),
(190, 'SK', 'Slovakia'),
(191, 'SI', 'Slovenia'),
(192, 'SB', 'Solomon Islands'),
(193, 'SO', 'Somalia'),
(194, 'ZA', 'South Africa'),
(195, 'GS', 'South Georgia South Sandwich Islands'),
(196, 'ES', 'Spain'),
(197, 'LK', 'Sri Lanka'),
(198, 'SH', 'St. Helena'),
(199, 'PM', 'St. Pierre and Miquelon'),
(200, 'SD', 'Sudan'),
(201, 'SR', 'Suriname'),
(202, 'SJ', 'Svalbarn and Jan Mayen Islands'),
(203, 'SZ', 'Swaziland'),
(204, 'SE', 'Sweden'),
(205, 'CH', 'Switzerland'),
(206, 'SY', 'Syrian Arab Republic'),
(207, 'TW', 'Taiwan'),
(208, 'TJ', 'Tajikistan'),
(209, 'TZ', 'Tanzania, United Republic of'),
(210, 'TH', 'Thailand'),
(211, 'TG', 'Togo'),
(212, 'TK', 'Tokelau'),
(213, 'TO', 'Tonga'),
(214, 'TT', 'Trinidad and Tobago'),
(215, 'TN', 'Tunisia'),
(216, 'TR', 'Turkey'),
(217, 'TM', 'Turkmenistan'),
(218, 'TC', 'Turks and Caicos Islands'),
(219, 'TV', 'Tuvalu'),
(220, 'UG', 'Uganda'),
(221, 'UA', 'Ukraine'),
(222, 'AE', 'United Arab Emirates'),
(223, 'GB', 'United Kingdom'),
(224, 'UM', 'United States minor outlying islands'),
(225, 'UY', 'Uruguay'),
(226, 'UZ', 'Uzbekistan'),
(227, 'VU', 'Vanuatu'),
(228, 'VA', 'Vatican City State'),
(229, 'VE', 'Venezuela'),
(230, 'VN', 'Vietnam'),
(231, 'VG', 'Virigan Islands (British)'),
(232, 'VI', 'Virgin Islands (U.S.)'),
(233, 'WF', 'Wallis and Futuna Islands'),
(234, 'EH', 'Western Sahara'),
(235, 'YE', 'Yemen'),
(236, 'YU', 'Yugoslavia'),
(237, 'ZR', 'Zaire'),
(238, 'ZM', 'Zambia'),
(239, 'ZW', 'Zimbabwe');

-- --------------------------------------------------------

--
-- Table structure for table `delivery_city`
--

CREATE TABLE IF NOT EXISTS `delivery_city` (
  `id` int(10) unsigned NOT NULL AUTO_INCREMENT,
  `delivery_id` int(11) NOT NULL DEFAULT '0',
  `city` varchar(100) NOT NULL DEFAULT '',
  `state` int(11) NOT NULL,
  PRIMARY KEY (`id`)
) ENGINE=MyISAM  DEFAULT CHARSET=latin1 AUTO_INCREMENT=555 ;

--
-- Dumping data for table `delivery_city`
--

INSERT INTO `delivery_city` (`id`, `delivery_id`, `city`, `state`) VALUES
(1, 2, 'BANDA ACEH', 1),
(2, 2, 'BIREUN', 1),
(3, 2, 'BIANG KEUJERUEN', 1),
(4, 2, 'BLANGPIDIE', 1),
(5, 2, 'CALANG', 1),
(6, 2, 'JANTO', 1),
(7, 2, 'KOTA CANE', 1),
(8, 2, 'KREUNG GEUKEUH', 1),
(9, 2, 'KUALA SIMPANG', 1),
(10, 2, 'LANGSA', 1),
(11, 2, 'LHOKSEUMAWE', 1),
(12, 2, 'LHOKSUKOH', 1),
(13, 2, 'MEULBUOH', 1),
(14, 2, 'SABANG', 1),
(15, 2, 'SIGLI', 1),
(16, 2, 'SINABANG', 1),
(17, 2, 'SINGKIL', 1),
(18, 2, 'SUKAMAKMUR', 1),
(19, 2, 'TAKENGON', 1),
(20, 2, 'TAPAK TUAN', 1),
(21, 2, 'SUBULUSSALAM', 1),
(22, 2, 'MEREUDU', 1),
(23, 2, 'KREUENG SABEE', 1),
(24, 2, 'SIMPANG TIGA REDELON', 1),
(25, 2, 'OTHER PROV ACEH', 1),
(26, 2, 'BAGAN BATU', 2),
(27, 2, 'BAGAN SIAPI API', 2),
(28, 2, 'BANGKINANG', 2),
(29, 2, 'BENGKALIS', 2),
(30, 2, 'DUMAI', 2),
(31, 2, 'DURI', 2),
(32, 2, 'MINAS', 2),
(33, 2, 'PANGKALAN KERINCI', 2),
(34, 2, 'PASIR PANGARAYAN', 2),
(35, 2, 'PEKANBARU', 2),
(36, 2, 'PERAWANG', 2),
(37, 2, 'RENGAT', 2),
(38, 2, 'SIAK INDRAPURA', 2),
(39, 2, 'TELUK KUANTAN', 2),
(40, 2, 'TEMBILAHAN', 2),
(41, 2, 'UJUNG BATU', 2),
(42, 2, 'RUMBAI', 2),
(43, 2, 'MARPOYAN', 2),
(44, 2, 'DABO SINGKEP', 3),
(45, 2, 'BATAM', 3),
(46, 2, 'NATUNA/RANAI', 3),
(47, 2, 'TANJUNG BALAI KARIMUN', 3),
(48, 2, 'LAGOI', 3),
(49, 2, 'NONGSA', 3),
(50, 2, 'KABIL', 3),
(51, 2, 'TANJUNG PINANG', 3),
(52, 2, 'LINGGA/DAIK', 3),
(53, 2, 'TANJUNG UBAN', 3),
(54, 2, 'BANDAR SRI BINTAN', 3),
(55, 2, 'OTHER RIAU', 3),
(56, 2, 'BANGKO', 4),
(57, 2, 'JAMBI', 4),
(58, 2, 'KUALA TUNGKAL', 4),
(59, 2, 'MUARA BULIAN', 4),
(60, 2, 'MUARA BUNGKO', 4),
(61, 2, 'MUARA SABAK', 4),
(62, 2, 'MUARA TEBO', 4),
(63, 2, 'RAMBA', 4),
(64, 2, 'SAROLANGUN', 4),
(65, 2, 'SENGETI', 4),
(66, 2, 'SUNGAI PENUH', 4),
(67, 2, 'OTHER JAMBI', 4),
(68, 2, 'BALIGE', 5),
(69, 2, 'BINJAI', 5),
(70, 2, 'DOLOG SANGGUL', 5),
(71, 2, 'GUNUNG SITOLI/NIAS', 5),
(72, 2, 'KABAN JAHE', 5),
(73, 2, 'KISARAN', 5),
(74, 2, 'LAGUBOTI', 5),
(75, 2, 'LUBUK PAKAM', 5),
(76, 2, 'MEDAN', 5),
(77, 2, 'PADANG SIDEMPUAN', 5),
(78, 2, 'PANGURUPAN', 5),
(79, 2, 'PANYAMBUNGAN', 5),
(80, 2, 'PEMATANG SIANTAR', 5),
(81, 2, 'RANTAU PRAPAT', 5),
(82, 2, 'SALAK', 5),
(83, 2, 'SIBOLGA', 5),
(84, 2, 'SIBORONGGOBONG', 5),
(85, 2, 'SIDIKALANG', 5),
(86, 2, 'STABAT', 5),
(87, 2, 'TANJUNG BALAI ASAHAN', 5),
(88, 2, 'TANJUNG MORAWA', 5),
(89, 2, 'TARUTUNG', 5),
(90, 2, 'TEBING TINGGI', 5),
(91, 2, 'SEI RAMPAH', 5),
(92, 2, 'SIBUHUAN', 5),
(93, 2, 'SIPIROK', 5),
(94, 2, 'PANGKALAN BRANDAN', 5),
(95, 2, 'GUNUNG TUA', 5),
(96, 2, 'LIMAPULUH', 5),
(97, 2, 'BELAWAN', 5),
(98, 2, 'TELUK DALAM', 5),
(99, 2, 'OTHER SUMUT', 5),
(100, 2, 'BATU SANGKAR', 6),
(101, 2, 'BUKIT TINGGI', 6),
(102, 2, 'DHARMAS RAYA', 6),
(103, 2, 'KEP.PAGAI', 6),
(104, 2, 'LUBUK ALUNG', 6),
(105, 2, 'LUBUK BASUNG', 6),
(106, 2, 'LUBUK SIKAPING', 6),
(107, 2, 'SAWAH LUNTO', 6),
(108, 2, 'PADANG', 6),
(109, 2, 'PADANG PANJANG', 6),
(110, 2, 'PAINAN', 6),
(111, 2, 'PARIAMAN', 6),
(112, 2, 'PAYAKUMBUH', 6),
(113, 2, 'SOLOK', 6),
(114, 2, 'AROSUKA', 6),
(115, 2, 'TUA PEJAT', 6),
(116, 2, 'SIJUNJUNG/MUARA', 6),
(117, 2, 'SOLOK SELATAN', 6),
(118, 2, 'LIMA PULUH KOTA', 6),
(119, 2, 'PADANG PARIAMAN', 6),
(120, 2, 'OTHER SUMBAR', 6),
(121, 2, 'BATURAJA', 7),
(122, 2, 'EMPAT LAWANG', 7),
(123, 2, 'INDRALAYA', 7),
(124, 2, 'KAYU AGUNG', 7),
(125, 2, 'LAHAT', 7),
(126, 2, 'LUBUK LINGGAU', 7),
(127, 2, 'MARTA PURA', 7),
(128, 2, 'MUARA DUA', 7),
(129, 2, 'MUARA ENIM', 7),
(130, 2, 'PAGAR ALAM', 7),
(131, 2, 'PALEMBANG', 7),
(132, 2, 'BANYUASIN', 7),
(133, 2, 'PRABUMULIH', 7),
(134, 2, 'SEKAYU', 7),
(135, 2, 'SUNGAI LILIN', 7),
(136, 2, 'TANJUNG ENIM', 7),
(137, 2, 'PLAJU', 7),
(138, 2, 'MUSI RAWAS', 7),
(139, 2, 'OTHER SUMSEL', 7),
(140, 2, 'AMPLAPURA', 8),
(141, 2, 'BADUNG/MENGUWI', 8),
(142, 2, 'BANGLI', 8),
(143, 2, 'BULELENG', 8),
(144, 2, 'SINGARAJA', 8),
(145, 2, 'DENPASAR', 8),
(146, 2, 'GIANYAR UBUD', 8),
(147, 2, 'JEMBRANA/NEGARA', 8),
(148, 2, 'KLUNGKUNG/SAMARAPURA', 8),
(149, 2, 'KUTA', 8),
(150, 2, 'SANUR', 8),
(151, 2, 'NUSA DUA', 8),
(152, 2, 'TABANAN', 8),
(153, 2, 'NGURAH RAI', 8),
(154, 2, 'JIMBARAN', 8),
(155, 2, 'GILIMANUK', 8),
(156, 2, 'OTHER BALI', 8),
(157, 2, 'BELINYU', 9),
(158, 2, 'JEBUS', 9),
(159, 2, 'KELAPA', 9),
(160, 2, 'KOBA', 9),
(161, 2, 'MENTOK', 9),
(162, 2, 'PANGKAL PINANG', 9),
(163, 2, 'SUNGAI LIAT', 9),
(164, 2, 'TOBOALI', 9),
(165, 2, 'MANGGAR', 9),
(166, 2, 'BELITUNG', 9),
(167, 2, 'OTHER BANGKA BELITUNG', 9),
(168, 2, 'AGRAMAKMUR', 10),
(169, 2, 'BENGKULU', 10),
(170, 2, 'KAUR', 10),
(171, 2, 'CURUP', 10),
(172, 2, 'KEPAHYANG', 10),
(173, 2, 'LEBONG/MUARA AMAN', 10),
(174, 2, 'MANNA', 10),
(175, 2, 'MUKO MUKO', 10),
(176, 2, 'TAIS', 10),
(177, 2, 'OTHER BENGKULU', 10),
(178, 2, 'BANDAR LAMPUNG', 11),
(179, 2, 'KALIANDA', 11),
(180, 2, 'KOTA AGUNG', 11),
(181, 2, 'KOTA BUMI', 11),
(182, 2, 'MENGGALA', 11),
(183, 2, 'METRO', 11),
(184, 2, 'PRINGSEWU', 11),
(185, 2, 'LIWA', 11),
(186, 2, 'SUKADANA', 11),
(187, 2, 'GUNUNG SUGIH', 11),
(188, 2, 'BAKAUHEUNI', 11),
(189, 2, 'GEDONG TATAAN', 11),
(190, 2, 'BLAMBANGAN UMPU', 11),
(191, 2, 'BANDAR JAYA', 11),
(192, 2, 'BUKIT KEMUNING', 11),
(193, 2, 'KRUI', 11),
(194, 2, 'SUMBER JAYA', 11),
(195, 2, 'TALANG PADANG', 11),
(196, 2, 'OTHER LAMPUNG', 11),
(197, 2, 'BOGOR', 12),
(198, 2, 'CIBINONG', 12),
(199, 2, 'BEKASI', 12),
(200, 2, 'CIKARANG', 12),
(201, 2, 'DEPOK', 12),
(202, 2, 'KARAWANG', 12),
(203, 2, 'CIKAMPEK', 12),
(204, 2, 'CILEGON', 13),
(205, 2, 'RANGKAS BITUNG', 13),
(206, 2, 'SERANG', 13),
(207, 2, 'PANDEGLANG', 13),
(208, 2, 'MERAK', 13),
(209, 2, 'BALARAJA', 13),
(210, 2, 'BANDARA', 13),
(211, 2, 'SERPONG', 13),
(212, 2, 'TANGERANG', 13),
(213, 2, 'TIGARAKSA', 13),
(214, 2, 'OTHER BANTEN', 13),
(215, 2, 'SUKABUMI', 14),
(216, 2, 'CIANJUR', 14),
(217, 2, 'CIREBON', 14),
(218, 2, 'INDRAMAYU', 14),
(219, 2, 'KUNINGAN', 14),
(220, 2, 'MAJALENGKA', 14),
(221, 2, 'JATIBARANG', 14),
(222, 2, 'KADIPATEN', 14),
(223, 2, 'LOSARI', 14),
(224, 2, 'PALIMANAN', 14),
(225, 2, 'JATIWANGI', 14),
(226, 2, 'SUMBER', 14),
(227, 2, 'BANDUNG', 14),
(228, 2, 'BANJAR', 14),
(229, 2, 'CIAMIS', 14),
(230, 2, 'CIMAHI', 14),
(231, 2, 'GARUT', 14),
(232, 2, 'PURWAKARTA', 14),
(233, 2, 'SUBANG', 14),
(234, 2, 'SUMEDANG', 14),
(235, 2, 'TASIKMALAYA', 14),
(236, 2, 'CIMAREHE', 14),
(237, 2, 'SOREANG', 14),
(238, 2, 'SINGAPARNA', 14),
(239, 2, 'JATINANGOR', 14),
(240, 2, 'PADALARANG', 14),
(241, 2, 'RANCAEKEK', 14),
(242, 2, 'MAJALAYA', 14),
(243, 2, 'LEMBANG', 14),
(244, 2, 'OTHER JAWA BARAT', 14),
(245, 2, 'CILACAP', 15),
(246, 2, 'MAJENANG', 15),
(247, 2, 'BOYOLALI', 15),
(248, 2, 'KARANG ANYAR', 15),
(249, 2, 'KLATEN', 15),
(250, 2, 'SOLO', 15),
(251, 2, 'SRAGEN', 15),
(252, 2, 'SUKOHARJO', 15),
(253, 2, 'WONOGIRI', 15),
(254, 2, 'KARTOSURO', 15),
(255, 2, 'AMBARAWA', 15),
(256, 2, 'AJIBARANG', 15),
(257, 2, 'BANJARNEGARA', 15),
(258, 2, 'BANYUMAS', 15),
(259, 2, 'BATANG BLORA', 15),
(260, 2, 'BOJONEGORO', 15),
(261, 2, 'BREBES', 15),
(262, 2, 'BUMIAYU', 15),
(263, 2, 'CEPU', 15),
(264, 2, 'DEMAK', 15),
(265, 2, 'GROBONGAN', 15),
(266, 2, 'JEPARA', 15),
(267, 2, 'KENDAL', 15),
(268, 2, 'KUDUS', 15),
(269, 2, 'PATI', 15),
(270, 2, 'PEKALONGAN', 15),
(271, 2, 'PEMALANG', 15),
(272, 2, 'PURBALINGGA', 15),
(273, 2, 'PURWODADI', 15),
(274, 2, 'PURWOKERTO', 15),
(275, 2, 'REMBANG', 15),
(276, 2, 'SALATIGA', 15),
(277, 2, 'SEMARANG', 15),
(278, 2, 'SLAWI', 15),
(279, 2, 'TEGAL', 15),
(280, 2, 'UNGARAN', 15),
(281, 2, 'KEBUMEN', 15),
(282, 2, 'MAGELANG', 15),
(283, 2, 'PURWOREJO', 15),
(284, 2, 'TEMANGGUNG', 15),
(285, 2, 'WONOSOBO', 15),
(286, 2, 'MUNGKID', 15),
(287, 2, 'OTHER JATENG', 15),
(288, 2, 'BANTUL', 16),
(289, 2, 'D.I YOGYAKARTA', 16),
(290, 2, 'KULON PROGO', 16),
(291, 2, 'WATES', 16),
(292, 2, 'SLEMAN', 16),
(293, 2, 'WONOSARI', 16),
(294, 2, 'PRAMBANAN', 16),
(295, 2, 'OTHER JOGJAKARTA', 16),
(296, 2, 'BANGKALAN', 17),
(297, 2, 'GRESIK', 17),
(298, 2, 'JOMBANG', 17),
(299, 2, 'LAMONGAN', 17),
(300, 2, 'NGANJUK', 17),
(301, 2, 'PAMEKASAN', 17),
(302, 2, 'SAMPANG', 17),
(303, 2, 'SIDOARJO', 17),
(304, 2, 'SUMENEP', 17),
(305, 2, 'SURABAYA', 17),
(306, 2, 'TRENGGALEK', 17),
(307, 2, 'TUBAN', 17),
(308, 2, 'TULUNG AGUNG', 17),
(309, 2, 'PANDAAN', 17),
(310, 2, 'PASURUAN', 17),
(311, 2, 'JEMBER', 17),
(312, 2, 'BANYUWANGI', 17),
(313, 2, 'BONDOWOSO', 17),
(314, 2, 'PROBOLINGGO', 17),
(315, 2, 'LUMAJANG', 17),
(316, 2, 'SITOBUNDO', 17),
(317, 2, 'KRAKSAAN', 17),
(318, 2, 'PAITON', 17),
(319, 2, 'MALANG', 17),
(320, 2, 'BATU', 17),
(321, 2, 'BLITAR', 17),
(322, 2, 'KEPANJEN', 17),
(323, 2, 'SINGOSARI', 17),
(324, 2, 'MOJOKERTO', 17),
(325, 2, 'KENDIRI', 17),
(326, 2, 'MADIUN', 17),
(327, 2, 'CARUBAN', 17),
(328, 2, 'MAGETAN', 17),
(329, 2, 'NGAWI', 17),
(330, 2, 'PACITAN', 17),
(331, 2, 'PONOROGO', 17),
(332, 2, 'OTHER JATIM', 17),
(333, 2, 'BENGKAYANG', 18),
(334, 2, 'KETAPANG', 18),
(335, 2, 'MEMPAWAH', 18),
(336, 2, 'NANGAH PINOH/MELAWI', 18),
(337, 2, 'NGABANG', 18),
(338, 2, 'PONTIANAK', 18),
(339, 2, 'PUTUS SIBAU', 18),
(340, 2, 'SAMBAS', 18),
(341, 2, 'SANGGAU', 18),
(342, 2, 'SEKADAU', 18),
(343, 2, 'SINGKAWANG', 18),
(344, 2, 'SINTANG', 18),
(345, 2, 'KUBU RAYA/SUNGAI RAYA', 18),
(346, 2, 'KAYONG UTARA', 18),
(347, 2, 'WAJOK', 18),
(348, 2, 'OTHER KALIMANTAN BARAT', 18),
(349, 2, 'AMUNTAI', 19),
(350, 2, 'BALANGAN/PARINGIN', 19),
(351, 2, 'BANJAR/MARTAPURA', 19),
(352, 2, 'BANJARMASIN', 19),
(353, 2, 'BARABAI', 19),
(354, 2, 'BATU LICIN', 19),
(355, 2, 'BUNTOK/BARITO SEL', 19),
(356, 2, 'KANDANGAN', 19),
(357, 2, 'KOTA BARU', 19),
(358, 2, 'MARABAHAN', 19),
(359, 2, 'MUARA TEWEH', 19),
(360, 2, 'PELEIHARI', 19),
(361, 2, 'PURUKCAHU', 19),
(362, 2, 'RANTAU', 19),
(363, 2, 'SUNGAI DANAU', 19),
(364, 2, 'TAMIANGLAYANG', 19),
(365, 2, 'TANJUNG', 19),
(366, 2, 'BANJAR BARU', 19),
(367, 2, 'OTHER KALIMANTAN SELATAN', 19),
(368, 2, 'KASONGAN', 20),
(369, 2, 'KUALA KAPUAS', 20),
(370, 2, 'KUALA KURUN', 20),
(371, 2, 'KUALA PEMBUANG', 20),
(372, 2, 'LAMANDAU/NANGEBULIK', 20),
(373, 2, 'PALANGKARAYA', 20),
(374, 2, 'PANGKALAN BUN', 20),
(375, 2, 'PULAU PISAU', 20),
(376, 2, 'SAMPIT', 20),
(377, 2, 'SUKAMARA', 20),
(378, 2, 'BUNTOK', 20),
(379, 2, 'OTHER KALIMANTAN TENGAH', 20),
(380, 2, 'BALIKPAPAN', 21),
(381, 2, 'PANAJAM', 21),
(382, 2, 'TANAH GROGOT', 21),
(383, 2, 'TANJUNG REDEP/BERAU', 21),
(384, 2, 'KUTAI PANTAI/SENIPAH/HANDIL', 21),
(385, 2, 'SENDAWAR', 21),
(386, 2, 'ANGGANA', 21),
(387, 2, 'KUTAI BARAT', 21),
(388, 2, 'LOA KULU', 21),
(389, 2, 'MUARA BADAK', 21),
(390, 2, 'PALARAN', 21),
(391, 2, 'SAMARINDA', 21),
(392, 2, 'SANGA SANGA', 21),
(393, 2, 'TENGGARONG/ KUTAI KERTANI', 21),
(394, 2, 'BONTANG', 21),
(395, 2, 'TELUK PANDAN', 21),
(396, 2, 'SANGATA', 21),
(397, 2, 'TARAKAN', 21),
(398, 2, 'TANJUNG SELOR', 21),
(399, 2, 'MALINAU', 21),
(400, 2, 'NUNUKAN', 21),
(401, 2, 'SEBATIK', 21),
(402, 2, 'OTHER KALIMANTAN TIMUR', 21),
(403, 2, 'KEPULAUAN BANGGAI', 22),
(404, 2, 'BUAL', 22),
(405, 2, 'DONGGALA/BANAWA', 22),
(406, 2, 'LUWUK', 22),
(407, 2, 'MOROWALI/KOLONEDALE', 22),
(408, 2, 'PALU', 22),
(409, 2, 'PERIGI', 22),
(410, 2, 'POSO', 22),
(411, 2, 'TOJO UNA UNA/AMPANA', 22),
(412, 2, 'TOLI TOLI', 22),
(413, 2, 'OTHER SULAWESI TENGAH', 22),
(414, 2, 'BANTA ENG', 23),
(415, 2, 'BARRU', 23),
(416, 2, 'WATAMPONE', 23),
(417, 2, 'BULUKUMBA', 23),
(418, 2, 'ENREKANG', 23),
(419, 2, 'SUNGGUMINASA', 23),
(420, 2, 'JENE PONTO', 23),
(421, 2, 'MAKALE', 23),
(422, 2, 'MAKASAR', 23),
(423, 2, 'MAROS', 23),
(424, 2, 'MASAMBA', 23),
(425, 2, 'PALOPO', 23),
(426, 2, 'PARE-PARE', 23),
(427, 2, 'PINRANG', 23),
(428, 2, 'BENTENG', 23),
(429, 2, 'SENGKANG', 23),
(430, 2, 'SUNDENRENG RAPPANG', 23),
(431, 2, 'SINJAI', 23),
(432, 2, 'WATANSOMPENG', 23),
(433, 2, 'SOROAKO', 23),
(434, 2, 'MALILI', 23),
(435, 2, 'TAKALAR', 23),
(436, 2, 'BELOPA', 23),
(437, 2, 'OTHER SULAWESI SELATAN', 23),
(438, 2, 'MAJENE', 24),
(439, 2, 'MAMASA', 24),
(440, 2, 'MAMUJU', 24),
(441, 2, 'PASANGKAYU', 24),
(442, 2, 'POLEWALI', 24),
(443, 2, 'OTHER SULAWESI  BARAT', 24),
(444, 2, 'ANDOLO', 25),
(445, 2, 'BAU-BAU', 25),
(446, 2, 'RUMBIA', 25),
(447, 2, 'KENDARI', 25),
(448, 2, 'KOLAKA', 25),
(449, 2, 'LASU SUA', 25),
(450, 2, 'RAHA', 25),
(451, 2, 'UNAAHA', 25),
(452, 2, 'WAKATOBI/WANGI WANGI', 25),
(453, 2, 'PASAR WAJO', 25),
(454, 2, 'MALUKU', 25),
(455, 2, 'AMBON', 25),
(456, 2, 'DOBO', 25),
(457, 2, 'HUNIMOA', 25),
(458, 2, 'PIRU', 25),
(459, 2, 'MASOHI', 25),
(460, 2, 'NAMLEA', 25),
(461, 2, 'SAUMLAKI/TUAL', 25),
(462, 2, 'JAILOLO', 25),
(463, 2, 'LABUHA', 25),
(464, 2, 'MABA', 25),
(465, 2, 'SANANA', 25),
(466, 2, 'WEDA/SOASIU', 25),
(467, 2, 'TERNATE', 25),
(468, 2, 'TOBELO', 25),
(469, 2, 'TIDORE', 25),
(470, 2, 'OTHER SULAWESI TENGGARA', 25),
(471, 2, 'TILAMUTA', 26),
(472, 2, 'SUWAWA', 26),
(473, 2, 'GORONTALO', 26),
(474, 2, 'LIMBOTO', 26),
(475, 2, 'MARISA', 26),
(476, 2, 'KWANDANG', 26),
(477, 2, 'OTHER GORONTALO', 26),
(478, 2, 'AMURANG', 27),
(479, 2, 'BITUNG', 27),
(480, 2, 'KOTAMOBAGU', 27),
(481, 2, 'MANADO', 27),
(482, 2, 'AIRMADIDI', 27),
(483, 2, 'TAHUNA', 27),
(484, 2, 'TOMOHON', 27),
(485, 2, 'TONDANO', 27),
(486, 2, 'RATAHAN', 27),
(487, 2, 'BOROKO', 27),
(488, 2, 'OTHER SULAWESI UTARA', 27),
(489, 2, 'BIMA', 28),
(490, 2, 'BATU HIJAU', 28),
(491, 2, 'RAMBA/WOHA', 28),
(492, 2, 'DOMPU', 28),
(493, 2, 'GERUNG', 28),
(494, 2, 'MATARAM', 28),
(495, 2, 'PRAYA', 28),
(496, 2, 'SELONG', 28),
(497, 2, 'SEMBAWA-BESAR', 28),
(498, 2, 'TALIWANG', 28),
(499, 2, 'OTHER NTB', 28),
(500, 2, 'KALABAHI', 29),
(501, 2, 'ATAMBUA', 29),
(502, 2, 'ROTE NDAO', 29),
(503, 2, 'BAJAWA', 29),
(504, 2, 'ENDE', 29),
(505, 2, 'KAFEMENAHU', 29),
(506, 2, 'KUPANG', 29),
(507, 2, 'LABUAN BAJO', 29),
(508, 2, 'LARANTUKA', 29),
(509, 2, 'LEWOLEBA', 29),
(510, 2, 'MAUMERE', 29),
(511, 2, 'MANGGARAI/SOE', 29),
(512, 2, 'WAIKABUBAK', 29),
(513, 2, 'WAINGAPU', 29),
(514, 2, 'BORONG', 29),
(515, 2, 'MBAY', 29),
(516, 2, 'OELAMASI', 29),
(517, 2, 'TAMBOLAKA', 29),
(518, 2, 'WAIBAKUL', 29),
(519, 2, 'OTHER NTT', 29),
(520, 2, 'AGATS', 30),
(521, 2, 'BIAK', 30),
(522, 2, 'JAYAPURA', 30),
(523, 2, 'WARIS', 30),
(524, 2, 'MAAPI', 30),
(525, 2, 'MERAUKE', 30),
(526, 2, 'MULIA', 30),
(527, 2, 'NABIRE', 30),
(528, 2, 'OKSIBIL', 30),
(529, 2, 'PANIAI', 30),
(530, 2, 'SARMI', 30),
(531, 2, 'SORENDIWARI', 30),
(532, 2, 'KARUBAGA', 30),
(533, 2, 'WAMENA', 30),
(534, 2, 'BOTWA/MAROPEN', 30),
(535, 2, 'SUMOHAI', 30),
(536, 2, 'YAPEN WAROPEN', 30),
(537, 2, 'SENTANI', 30),
(538, 2, 'MAMBERAMO', 30),
(539, 2, 'BOVEN DIGUL', 30),
(540, 2, 'OTHER PAPUA', 30),
(541, 2, 'FAK-FAK', 31),
(542, 2, 'KAIMANA', 31),
(543, 2, 'MANOKWARI', 31),
(544, 2, 'RAJA AMPAT/WAISAI', 31),
(545, 2, 'SORONG', 31),
(546, 2, 'BINTUNI', 31),
(547, 2, 'SORONG SEL', 31),
(548, 2, 'RASEI', 31),
(549, 2, 'OTHER PAPUA BARAT', 31),
(550, 2, 'TIMIKA', 31),
(551, 2, 'TEMBAGA PURA', 31),
(552, 2, 'OTHER TIMIKA', 31),
(553, 2, 'DKI JAKARTA', 12),
(554, 2, 'AMBIL DI TEMPAT', 32);

-- --------------------------------------------------------

--
-- Table structure for table `delivery_cost`
--

CREATE TABLE IF NOT EXISTS `delivery_cost` (
  `id` int(11) unsigned NOT NULL AUTO_INCREMENT,
  `delivery_city_id` int(11) NOT NULL DEFAULT '0',
  `type` varchar(20) NOT NULL DEFAULT '',
  `cost` int(11) NOT NULL DEFAULT '0',
  `express_cost` int(11) NOT NULL,
  `weight` int(11) NOT NULL DEFAULT '0',
  PRIMARY KEY (`id`)
) ENGINE=MyISAM  DEFAULT CHARSET=latin1 AUTO_INCREMENT=555 ;

--
-- Dumping data for table `delivery_cost`
--

INSERT INTO `delivery_cost` (`id`, `delivery_city_id`, `type`, `cost`, `express_cost`, `weight`) VALUES
(1, 1, 'Baju / Kaos', 29500, 0, 1),
(2, 2, 'Baju / Kaos', 25400, 0, 1),
(3, 3, 'Baju / Kaos', 40500, 0, 1),
(4, 4, 'Baju / Kaos', 49500, 0, 1),
(5, 5, 'Baju / Kaos', 45000, 0, 1),
(6, 6, 'Baju / Kaos', 28400, 0, 1),
(7, 7, 'Baju / Kaos', 35500, 0, 1),
(8, 8, 'Baju / Kaos', 28400, 0, 1),
(9, 9, 'Baju / Kaos', 28400, 0, 1),
(10, 10, 'Baju / Kaos', 25400, 0, 1),
(11, 11, 'Baju / Kaos', 25400, 0, 1),
(12, 12, 'Baju / Kaos', 28400, 0, 1),
(13, 13, 'Baju / Kaos', 25400, 0, 1),
(14, 14, 'Baju / Kaos', 28400, 0, 1),
(15, 15, 'Baju / Kaos', 28400, 0, 1),
(16, 16, 'Baju / Kaos', 35500, 0, 1),
(17, 17, 'Baju / Kaos', 35500, 0, 1),
(18, 18, 'Baju / Kaos', 35500, 0, 1),
(19, 19, 'Baju / Kaos', 35500, 0, 1),
(20, 20, 'Baju / Kaos', 35500, 0, 1),
(21, 21, 'Baju / Kaos', 28400, 0, 1),
(22, 22, 'Baju / Kaos', 28400, 0, 1),
(23, 23, 'Baju / Kaos', 28400, 0, 1),
(24, 24, 'Baju / Kaos', 28400, 0, 1),
(25, 25, 'Baju / Kaos', 50600, 0, 1),
(26, 26, 'Baju / Kaos', 48000, 0, 1),
(27, 27, 'Baju / Kaos', 38000, 0, 1),
(28, 28, 'Baju / Kaos', 36500, 0, 1),
(29, 29, 'Baju / Kaos', 35000, 0, 1),
(30, 30, 'Baju / Kaos', 29500, 0, 1),
(31, 31, 'Baju / Kaos', 29500, 0, 1),
(32, 32, 'Baju / Kaos', 18300, 0, 1),
(33, 33, 'Baju / Kaos', 25400, 0, 1),
(34, 34, 'Baju / Kaos', 25400, 0, 1),
(35, 35, 'Baju / Kaos', 9200, 0, 1),
(36, 36, 'Baju / Kaos', 25400, 0, 1),
(37, 37, 'Baju / Kaos', 20300, 0, 1),
(38, 38, 'Baju / Kaos', 30400, 0, 1),
(39, 39, 'Baju / Kaos', 25400, 0, 1),
(40, 40, 'Baju / Kaos', 20300, 0, 1),
(41, 41, 'Baju / Kaos', 25400, 0, 1),
(42, 42, 'Baju / Kaos', 15300, 0, 1),
(43, 43, 'Baju / Kaos', 15300, 0, 1),
(44, 44, 'Baju / Kaos', 60000, 0, 1),
(45, 45, 'Baju / Kaos', 20500, 0, 1),
(46, 46, 'Baju / Kaos', 31500, 0, 1),
(47, 47, 'Baju / Kaos', 15300, 0, 1),
(48, 48, 'Baju / Kaos', 31500, 0, 1),
(49, 49, 'Baju / Kaos', 11300, 0, 1),
(50, 50, 'Baju / Kaos', 11300, 0, 1),
(51, 51, 'Baju / Kaos', 12300, 0, 1),
(52, 52, 'Baju / Kaos', 30400, 0, 1),
(53, 53, 'Baju / Kaos', 21400, 0, 1),
(54, 54, 'Baju / Kaos', 32000, 0, 1),
(55, 55, 'Baju / Kaos', 40500, 0, 1),
(56, 56, 'Baju / Kaos', 48000, 0, 1),
(57, 57, 'Baju / Kaos', 17000, 0, 1),
(58, 58, 'Baju / Kaos', 17300, 0, 1),
(59, 59, 'Baju / Kaos', 11300, 0, 1),
(60, 60, 'Baju / Kaos', 16300, 0, 1),
(61, 61, 'Baju / Kaos', 65800, 0, 1),
(62, 62, 'Baju / Kaos', 17300, 0, 1),
(63, 63, 'Baju / Kaos', 65800, 0, 1),
(64, 64, 'Baju / Kaos', 17300, 0, 1),
(65, 65, 'Baju / Kaos', 65800, 0, 1),
(66, 66, 'Baju / Kaos', 17300, 0, 1),
(67, 67, 'Baju / Kaos', 80900, 0, 1),
(68, 68, 'Baju / Kaos', 47500, 0, 1),
(69, 69, 'Baju / Kaos', 33500, 0, 1),
(70, 70, 'Baju / Kaos', 35500, 0, 1),
(71, 71, 'Baju / Kaos', 35500, 0, 1),
(72, 72, 'Baju / Kaos', 15300, 0, 1),
(73, 73, 'Baju / Kaos', 15300, 0, 1),
(74, 74, 'Baju / Kaos', 35500, 0, 1),
(75, 75, 'Baju / Kaos', 13300, 0, 1),
(76, 76, 'Baju / Kaos', 9200, 0, 1),
(77, 77, 'Baju / Kaos', 18300, 0, 1),
(78, 78, 'Baju / Kaos', 35500, 0, 1),
(79, 79, 'Baju / Kaos', 35500, 0, 1),
(80, 80, 'Baju / Kaos', 18300, 0, 1),
(81, 81, 'Baju / Kaos', 24900, 0, 1),
(82, 82, 'Baju / Kaos', 35500, 0, 1),
(83, 83, 'Baju / Kaos', 20300, 0, 1),
(84, 84, 'Baju / Kaos', 35500, 0, 1),
(85, 85, 'Baju / Kaos', 23400, 0, 1),
(86, 86, 'Baju / Kaos', 20300, 0, 1),
(87, 87, 'Baju / Kaos', 20300, 0, 1),
(88, 88, 'Baju / Kaos', 20300, 0, 1),
(89, 89, 'Baju / Kaos', 25400, 0, 1),
(90, 90, 'Baju / Kaos', 17300, 0, 1),
(91, 91, 'Baju / Kaos', 35500, 0, 1),
(92, 92, 'Baju / Kaos', 35500, 0, 1),
(93, 93, 'Baju / Kaos', 35500, 0, 1),
(94, 94, 'Baju / Kaos', 15300, 0, 1),
(95, 95, 'Baju / Kaos', 20300, 0, 1),
(96, 96, 'Baju / Kaos', 20300, 0, 1),
(97, 97, 'Baju / Kaos', 23500, 0, 1),
(98, 98, 'Baju / Kaos', 35500, 0, 1),
(99, 99, 'Baju / Kaos', 44600, 0, 1),
(100, 100, 'Baju / Kaos', 23500, 0, 1),
(101, 101, 'Baju / Kaos', 29000, 0, 1),
(102, 102, 'Baju / Kaos', 56500, 0, 1),
(103, 103, 'Baju / Kaos', 35500, 0, 1),
(104, 104, 'Baju / Kaos', 17300, 0, 1),
(105, 105, 'Baju / Kaos', 20300, 0, 1),
(106, 106, 'Baju / Kaos', 17300, 0, 1),
(107, 107, 'Baju / Kaos', 17300, 0, 1),
(108, 108, 'Baju / Kaos', 9200, 0, 1),
(109, 109, 'Baju / Kaos', 12300, 0, 1),
(110, 110, 'Baju / Kaos', 16300, 0, 1),
(111, 111, 'Baju / Kaos', 16300, 0, 1),
(112, 112, 'Baju / Kaos', 12300, 0, 1),
(113, 113, 'Baju / Kaos', 12300, 0, 1),
(114, 114, 'Baju / Kaos', 28000, 0, 1),
(115, 115, 'Baju / Kaos', 30400, 0, 1),
(116, 116, 'Baju / Kaos', 30400, 0, 1),
(117, 117, 'Baju / Kaos', 30400, 0, 1),
(118, 118, 'Baju / Kaos', 16300, 0, 1),
(119, 119, 'Baju / Kaos', 16300, 0, 1),
(120, 120, 'Baju / Kaos', 45600, 0, 1),
(121, 121, 'Baju / Kaos', 28500, 0, 1),
(122, 122, 'Baju / Kaos', 51000, 0, 1),
(123, 123, 'Baju / Kaos', 10200, 0, 1),
(124, 124, 'Baju / Kaos', 10200, 0, 1),
(125, 125, 'Baju / Kaos', 15300, 0, 1),
(126, 126, 'Baju / Kaos', 12300, 0, 1),
(127, 127, 'Baju / Kaos', 17300, 0, 1),
(128, 128, 'Baju / Kaos', 17300, 0, 1),
(129, 129, 'Baju / Kaos', 15300, 0, 1),
(130, 130, 'Baju / Kaos', 17300, 0, 1),
(131, 131, 'Baju / Kaos', 5200, 0, 1),
(132, 132, 'Baju / Kaos', 33500, 0, 1),
(133, 133, 'Baju / Kaos', 10200, 0, 1),
(134, 134, 'Baju / Kaos', 15300, 0, 1),
(135, 135, 'Baju / Kaos', 17300, 0, 1),
(136, 136, 'Baju / Kaos', 13300, 0, 1),
(137, 137, 'Baju / Kaos', 15300, 0, 1),
(138, 138, 'Baju / Kaos', 25400, 0, 1),
(139, 139, 'Baju / Kaos', 32500, 0, 1),
(140, 140, 'Baju / Kaos', 40000, 0, 1),
(141, 141, 'Baju / Kaos', 23500, 0, 1),
(142, 142, 'Baju / Kaos', 24500, 0, 1),
(143, 143, 'Baju / Kaos', 26500, 0, 1),
(144, 144, 'Baju / Kaos', 17300, 0, 1),
(145, 145, 'Baju / Kaos', 17000, 0, 1),
(146, 146, 'Baju / Kaos', 23500, 0, 1),
(147, 147, 'Baju / Kaos', 15300, 0, 1),
(148, 148, 'Baju / Kaos', 9200, 0, 1),
(149, 149, 'Baju / Kaos', 18000, 0, 1),
(150, 150, 'Baju / Kaos', 5200, 0, 1),
(151, 151, 'Baju / Kaos', 19000, 0, 1),
(152, 152, 'Baju / Kaos', 15300, 0, 1),
(153, 153, 'Baju / Kaos', 5200, 0, 1),
(154, 154, 'Baju / Kaos', 5200, 0, 1),
(155, 155, 'Baju / Kaos', 15300, 0, 1),
(156, 156, 'Baju / Kaos', 23400, 0, 1),
(157, 157, 'Baju / Kaos', 30500, 0, 1),
(158, 158, 'Baju / Kaos', 17300, 0, 1),
(159, 159, 'Baju / Kaos', 17300, 0, 1),
(160, 160, 'Baju / Kaos', 17300, 0, 1),
(161, 161, 'Baju / Kaos', 17300, 0, 1),
(162, 162, 'Baju / Kaos', 9200, 0, 1),
(163, 163, 'Baju / Kaos', 11300, 0, 1),
(164, 164, 'Baju / Kaos', 17300, 0, 1),
(165, 165, 'Baju / Kaos', 17300, 0, 1),
(166, 166, 'Baju / Kaos', 23500, 0, 1),
(167, 167, 'Baju / Kaos', 23400, 0, 1),
(168, 168, 'Baju / Kaos', 26500, 0, 1),
(169, 169, 'Baju / Kaos', 19000, 0, 1),
(170, 170, 'Baju / Kaos', 20300, 0, 1),
(171, 171, 'Baju / Kaos', 32500, 0, 1),
(172, 172, 'Baju / Kaos', 20300, 0, 1),
(173, 173, 'Baju / Kaos', 20300, 0, 1),
(174, 174, 'Baju / Kaos', 20300, 0, 1),
(175, 175, 'Baju / Kaos', 20300, 0, 1),
(176, 176, 'Baju / Kaos', 20300, 0, 1),
(177, 177, 'Baju / Kaos', 16400, 0, 1),
(178, 178, 'Baju / Kaos', 14500, 0, 1),
(179, 179, 'Baju / Kaos', 11300, 0, 1),
(180, 180, 'Baju / Kaos', 13300, 0, 1),
(181, 181, 'Baju / Kaos', 25400, 0, 1),
(182, 182, 'Baju / Kaos', 12300, 0, 1),
(183, 183, 'Baju / Kaos', 12300, 0, 1),
(184, 184, 'Baju / Kaos', 12300, 0, 1),
(185, 185, 'Baju / Kaos', 12300, 0, 1),
(186, 186, 'Baju / Kaos', 12300, 0, 1),
(187, 187, 'Baju / Kaos', 12300, 0, 1),
(188, 188, 'Baju / Kaos', 33500, 0, 1),
(189, 189, 'Baju / Kaos', 15300, 0, 1),
(190, 190, 'Baju / Kaos', 15300, 0, 1),
(191, 191, 'Baju / Kaos', 30000, 0, 1),
(192, 192, 'Baju / Kaos', 32000, 0, 1),
(193, 193, 'Baju / Kaos', 25400, 0, 1),
(194, 194, 'Baju / Kaos', 25400, 0, 1),
(195, 195, 'Baju / Kaos', 15300, 0, 1),
(196, 196, 'Baju / Kaos', 32500, 0, 1),
(197, 197, 'Baju / Kaos', 9500, 0, 1),
(198, 198, 'Baju / Kaos', 17000, 0, 1),
(199, 199, 'Baju / Kaos', 9500, 0, 1),
(200, 200, 'Baju / Kaos', 8000, 0, 1),
(201, 201, 'Baju / Kaos', 17500, 0, 1),
(202, 202, 'Baju / Kaos', 10000, 0, 1),
(203, 203, 'Baju / Kaos', 11500, 0, 1),
(204, 204, 'Baju / Kaos', 7500, 0, 1),
(205, 205, 'Baju / Kaos', 2200, 0, 1),
(206, 206, 'Baju / Kaos', 10000, 0, 1),
(207, 207, 'Baju / Kaos', 10000, 0, 1),
(208, 208, 'Baju / Kaos', 10000, 0, 1),
(209, 209, 'Baju / Kaos', 7500, 0, 1),
(210, 210, 'Baju / Kaos', 15000, 0, 1),
(211, 211, 'Baju / Kaos', 5000, 0, 1),
(212, 212, 'Baju / Kaos', 5000, 0, 1),
(213, 213, 'Baju / Kaos', 7000, 0, 1),
(214, 214, 'Baju / Kaos', 2200, 0, 1),
(215, 215, 'Baju / Kaos', 10000, 0, 1),
(216, 216, 'Baju / Kaos', 11000, 0, 1),
(217, 217, 'Baju / Kaos', 9000, 0, 1),
(218, 218, 'Baju / Kaos', 15000, 0, 1),
(219, 219, 'Baju / Kaos', 6000, 0, 1),
(220, 220, 'Baju / Kaos', 4200, 0, 1),
(221, 221, 'Baju / Kaos', 4200, 0, 1),
(222, 222, 'Baju / Kaos', 4200, 0, 1),
(223, 223, 'Baju / Kaos', 4200, 0, 1),
(224, 224, 'Baju / Kaos', 4200, 0, 1),
(225, 225, 'Baju / Kaos', 4200, 0, 1),
(226, 226, 'Baju / Kaos', 4200, 0, 1),
(227, 227, 'Baju / Kaos', 15000, 0, 1),
(228, 228, 'Baju / Kaos', 33000, 0, 1),
(229, 229, 'Baju / Kaos', 13500, 0, 1),
(230, 230, 'Baju / Kaos', 15000, 0, 1),
(231, 231, 'Baju / Kaos', 15000, 0, 1),
(232, 232, 'Baju / Kaos', 10000, 0, 1),
(233, 233, 'Baju / Kaos', 10000, 0, 1),
(234, 234, 'Baju / Kaos', 0, 0, 1),
(235, 235, 'Baju / Kaos', 15000, 0, 1),
(236, 236, 'Baju / Kaos', 15000, 0, 1),
(237, 237, 'Baju / Kaos', 10000, 0, 1),
(238, 238, 'Baju / Kaos', 2200, 0, 1),
(239, 239, 'Baju / Kaos', 10000, 0, 1),
(240, 240, 'Baju / Kaos', 14000, 0, 1),
(241, 241, 'Baju / Kaos', 10000, 0, 1),
(242, 242, 'Baju / Kaos', 15000, 0, 1),
(243, 243, 'Baju / Kaos', 15000, 0, 1),
(244, 244, 'Baju / Kaos', 7200, 0, 1),
(245, 245, 'Baju / Kaos', 13000, 0, 1),
(246, 246, 'Baju / Kaos', 7200, 0, 1),
(247, 247, 'Baju / Kaos', 22500, 0, 1),
(248, 248, 'Baju / Kaos', 8200, 0, 1),
(249, 249, 'Baju / Kaos', 8200, 0, 1),
(250, 250, 'Baju / Kaos', 8200, 0, 1),
(251, 251, 'Baju / Kaos', 8200, 0, 1),
(252, 252, 'Baju / Kaos', 8200, 0, 1),
(253, 253, 'Baju / Kaos', 8200, 0, 1),
(254, 254, 'Baju / Kaos', 8200, 0, 1),
(255, 255, 'Baju / Kaos', 17000, 0, 1),
(256, 256, 'Baju / Kaos', 23500, 0, 1),
(257, 257, 'Baju / Kaos', 20000, 0, 1),
(258, 258, 'Baju / Kaos', 18500, 0, 1),
(259, 259, 'Baju / Kaos', 20000, 0, 1),
(260, 260, 'Baju / Kaos', 26000, 0, 1),
(261, 261, 'Baju / Kaos', 24000, 0, 1),
(262, 262, 'Baju / Kaos', 28000, 0, 1),
(263, 263, 'Baju / Kaos', 23500, 0, 1),
(264, 264, 'Baju / Kaos', 20000, 0, 1),
(265, 265, 'Baju / Kaos', 8200, 0, 1),
(266, 266, 'Baju / Kaos', 8200, 0, 1),
(267, 267, 'Baju / Kaos', 8200, 0, 1),
(268, 268, 'Baju / Kaos', 17000, 0, 1),
(269, 269, 'Baju / Kaos', 6200, 0, 1),
(270, 270, 'Baju / Kaos', 9200, 0, 1),
(271, 271, 'Baju / Kaos', 10200, 0, 1),
(272, 272, 'Baju / Kaos', 9200, 0, 1),
(273, 273, 'Baju / Kaos', 8200, 0, 1),
(274, 274, 'Baju / Kaos', 10200, 0, 1),
(275, 275, 'Baju / Kaos', 12200, 0, 1),
(276, 276, 'Baju / Kaos', 7200, 0, 1),
(277, 277, 'Baju / Kaos', 2200, 0, 1),
(278, 278, 'Baju / Kaos', 12300, 0, 1),
(279, 279, 'Baju / Kaos', 12300, 0, 1),
(280, 280, 'Baju / Kaos', 4200, 0, 1),
(281, 281, 'Baju / Kaos', 12300, 0, 1),
(282, 282, 'Baju / Kaos', 7200, 0, 1),
(283, 283, 'Baju / Kaos', 12300, 0, 1),
(284, 284, 'Baju / Kaos', 12300, 0, 1),
(285, 285, 'Baju / Kaos', 12300, 0, 1),
(286, 286, 'Baju / Kaos', 12300, 0, 1),
(287, 287, 'Baju / Kaos', 17300, 0, 1),
(288, 288, 'Baju / Kaos', 14500, 0, 1),
(289, 289, 'Baju / Kaos', 19000, 0, 1),
(290, 290, 'Baju / Kaos', 10200, 0, 1),
(291, 291, 'Baju / Kaos', 7200, 0, 1),
(292, 292, 'Baju / Kaos', 7200, 0, 1),
(293, 293, 'Baju / Kaos', 7200, 0, 1),
(294, 294, 'Baju / Kaos', 7200, 0, 1),
(295, 295, 'Baju / Kaos', 14300, 0, 1),
(296, 296, 'Baju / Kaos', 35000, 0, 1),
(297, 297, 'Baju / Kaos', 18000, 0, 1),
(298, 298, 'Baju / Kaos', 8200, 0, 1),
(299, 299, 'Baju / Kaos', 8200, 0, 1),
(300, 300, 'Baju / Kaos', 8200, 0, 1),
(301, 301, 'Baju / Kaos', 23400, 0, 1),
(302, 302, 'Baju / Kaos', 23400, 0, 1),
(303, 303, 'Baju / Kaos', 4200, 0, 1),
(304, 304, 'Baju / Kaos', 23400, 0, 1),
(305, 305, 'Baju / Kaos', 4200, 0, 1),
(306, 306, 'Baju / Kaos', 14300, 0, 1),
(307, 307, 'Baju / Kaos', 7200, 0, 1),
(308, 308, 'Baju / Kaos', 12300, 0, 1),
(309, 309, 'Baju / Kaos', 9200, 0, 1),
(310, 310, 'Baju / Kaos', 10200, 0, 1),
(311, 311, 'Baju / Kaos', 22000, 0, 1),
(312, 312, 'Baju / Kaos', 30000, 0, 1),
(313, 313, 'Baju / Kaos', 26500, 0, 1),
(314, 314, 'Baju / Kaos', 7200, 0, 1),
(315, 315, 'Baju / Kaos', 14300, 0, 1),
(316, 316, 'Baju / Kaos', 14300, 0, 1),
(317, 317, 'Baju / Kaos', 14300, 0, 1),
(318, 318, 'Baju / Kaos', 14300, 0, 1),
(319, 319, 'Baju / Kaos', 7200, 0, 1),
(320, 320, 'Baju / Kaos', 22000, 0, 1),
(321, 321, 'Baju / Kaos', 24500, 0, 1),
(322, 322, 'Baju / Kaos', 14300, 0, 1),
(323, 323, 'Baju / Kaos', 8200, 0, 1),
(324, 324, 'Baju / Kaos', 8200, 0, 1),
(325, 325, 'Baju / Kaos', 6200, 0, 1),
(326, 326, 'Baju / Kaos', 6200, 0, 1),
(327, 327, 'Baju / Kaos', 16500, 0, 1),
(328, 328, 'Baju / Kaos', 9200, 0, 1),
(329, 329, 'Baju / Kaos', 9200, 0, 1),
(330, 330, 'Baju / Kaos', 15300, 0, 1),
(331, 331, 'Baju / Kaos', 9200, 0, 1),
(332, 332, 'Baju / Kaos', 30400, 0, 1),
(333, 333, 'Baju / Kaos', 36000, 0, 1),
(334, 334, 'Baju / Kaos', 28400, 0, 1),
(335, 335, 'Baju / Kaos', 20300, 0, 1),
(336, 336, 'Baju / Kaos', 25400, 0, 1),
(337, 337, 'Baju / Kaos', 20300, 0, 1),
(338, 338, 'Baju / Kaos', 10200, 0, 1),
(339, 339, 'Baju / Kaos', 32500, 0, 1),
(340, 340, 'Baju / Kaos', 32500, 0, 1),
(341, 341, 'Baju / Kaos', 23400, 0, 1),
(342, 342, 'Baju / Kaos', 23400, 0, 1),
(343, 343, 'Baju / Kaos', 15300, 0, 1),
(344, 344, 'Baju / Kaos', 23400, 0, 1),
(345, 345, 'Baju / Kaos', 23400, 0, 1),
(346, 346, 'Baju / Kaos', 23400, 0, 1),
(347, 347, 'Baju / Kaos', 23400, 0, 1),
(348, 348, 'Baju / Kaos', 41600, 0, 1),
(349, 349, 'Baju / Kaos', 36000, 0, 1),
(350, 350, 'Baju / Kaos', 48500, 0, 1),
(351, 351, 'Baju / Kaos', 30000, 0, 1),
(352, 352, 'Baju / Kaos', 26500, 0, 1),
(353, 353, 'Baju / Kaos', 36000, 0, 1),
(354, 354, 'Baju / Kaos', 37000, 0, 1),
(355, 355, 'Baju / Kaos', 43000, 0, 1),
(356, 356, 'Baju / Kaos', 22400, 0, 1),
(357, 357, 'Baju / Kaos', 22400, 0, 1),
(358, 358, 'Baju / Kaos', 22400, 0, 1),
(359, 359, 'Baju / Kaos', 22400, 0, 1),
(360, 360, 'Baju / Kaos', 22400, 0, 1),
(361, 361, 'Baju / Kaos', 35500, 0, 1),
(362, 362, 'Baju / Kaos', 22400, 0, 1),
(363, 363, 'Baju / Kaos', 22400, 0, 1),
(364, 364, 'Baju / Kaos', 35500, 0, 1),
(365, 365, 'Baju / Kaos', 22400, 0, 1),
(366, 366, 'Baju / Kaos', 30000, 0, 1),
(367, 367, 'Baju / Kaos', 44600, 0, 1),
(368, 368, 'Baju / Kaos', 20300, 0, 1),
(369, 369, 'Baju / Kaos', 20300, 0, 1),
(370, 370, 'Baju / Kaos', 40500, 0, 1),
(371, 371, 'Baju / Kaos', 40500, 0, 1),
(372, 372, 'Baju / Kaos', 40500, 0, 1),
(373, 373, 'Baju / Kaos', 10200, 0, 1),
(374, 374, 'Baju / Kaos', 20300, 0, 1),
(375, 375, 'Baju / Kaos', 40500, 0, 1),
(376, 376, 'Baju / Kaos', 22400, 0, 1),
(377, 377, 'Baju / Kaos', 40500, 0, 1),
(378, 378, 'Baju / Kaos', 43000, 0, 1),
(379, 379, 'Baju / Kaos', 50600, 0, 1),
(380, 380, 'Baju / Kaos', 31000, 0, 1),
(381, 381, 'Baju / Kaos', 37500, 0, 1),
(382, 382, 'Baju / Kaos', 30400, 0, 1),
(383, 383, 'Baju / Kaos', 25400, 0, 1),
(384, 384, 'Baju / Kaos', 37500, 0, 1),
(385, 385, 'Baju / Kaos', 37500, 0, 1),
(386, 386, 'Baju / Kaos', 45000, 0, 1),
(387, 387, 'Baju / Kaos', 37500, 0, 1),
(388, 388, 'Baju / Kaos', 37500, 0, 1),
(389, 389, 'Baju / Kaos', 37500, 0, 1),
(390, 390, 'Baju / Kaos', 37500, 0, 1),
(391, 391, 'Baju / Kaos', 15300, 0, 1),
(392, 392, 'Baju / Kaos', 37500, 0, 1),
(393, 393, 'Baju / Kaos', 20300, 0, 1),
(394, 394, 'Baju / Kaos', 40500, 0, 1),
(395, 395, 'Baju / Kaos', 25400, 0, 1),
(396, 396, 'Baju / Kaos', 25400, 0, 1),
(397, 397, 'Baju / Kaos', 20300, 0, 1),
(398, 398, 'Baju / Kaos', 25400, 0, 1),
(399, 399, 'Baju / Kaos', 35500, 0, 1),
(400, 400, 'Baju / Kaos', 35500, 0, 1),
(401, 401, 'Baju / Kaos', 35500, 0, 1),
(402, 402, 'Baju / Kaos', 47600, 0, 1),
(403, 403, 'Baju / Kaos', 45600, 0, 1),
(404, 404, 'Baju / Kaos', 35500, 0, 1),
(405, 405, 'Baju / Kaos', 52000, 0, 1),
(406, 406, 'Baju / Kaos', 30400, 0, 1),
(407, 407, 'Baju / Kaos', 35500, 0, 1),
(408, 408, 'Baju / Kaos', 17300, 0, 1),
(409, 409, 'Baju / Kaos', 35500, 0, 1),
(410, 410, 'Baju / Kaos', 30400, 0, 1),
(411, 411, 'Baju / Kaos', 35500, 0, 1),
(412, 412, 'Baju / Kaos', 30400, 0, 1),
(413, 413, 'Baju / Kaos', 56700, 0, 1),
(414, 414, 'Baju / Kaos', 45000, 0, 1),
(415, 415, 'Baju / Kaos', 43000, 0, 1),
(416, 416, 'Baju / Kaos', 25400, 0, 1),
(417, 417, 'Baju / Kaos', 43500, 0, 1),
(418, 418, 'Baju / Kaos', 25400, 0, 1),
(419, 419, 'Baju / Kaos', 25400, 0, 1),
(420, 420, 'Baju / Kaos', 25400, 0, 1),
(421, 421, 'Baju / Kaos', 25400, 0, 1),
(422, 422, 'Baju / Kaos', 10200, 0, 1),
(423, 423, 'Baju / Kaos', 25400, 0, 1),
(424, 424, 'Baju / Kaos', 25400, 0, 1),
(425, 425, 'Baju / Kaos', 25400, 0, 1),
(426, 426, 'Baju / Kaos', 25400, 0, 1),
(427, 427, 'Baju / Kaos', 25400, 0, 1),
(428, 428, 'Baju / Kaos', 58000, 0, 1),
(429, 429, 'Baju / Kaos', 25400, 0, 1),
(430, 430, 'Baju / Kaos', 25400, 0, 1),
(431, 431, 'Baju / Kaos', 25400, 0, 1),
(432, 432, 'Baju / Kaos', 25400, 0, 1),
(433, 433, 'Baju / Kaos', 25400, 0, 1),
(434, 434, 'Baju / Kaos', 25400, 0, 1),
(435, 435, 'Baju / Kaos', 25400, 0, 1),
(436, 436, 'Baju / Kaos', 53000, 0, 1),
(437, 437, 'Baju / Kaos', 32500, 0, 1),
(438, 438, 'Baju / Kaos', 40500, 0, 1),
(439, 439, 'Baju / Kaos', 40500, 0, 1),
(440, 440, 'Baju / Kaos', 35450, 0, 1),
(441, 441, 'Baju / Kaos', 40500, 0, 1),
(442, 442, 'Baju / Kaos', 40500, 0, 1),
(443, 443, 'Baju / Kaos', 50600, 0, 1),
(444, 444, 'Baju / Kaos', 60500, 0, 1),
(445, 445, 'Baju / Kaos', 53000, 0, 1),
(446, 446, 'Baju / Kaos', 40500, 0, 1),
(447, 447, 'Baju / Kaos', 17300, 0, 1),
(448, 448, 'Baju / Kaos', 40500, 0, 1),
(449, 449, 'Baju / Kaos', 40500, 0, 1),
(450, 450, 'Baju / Kaos', 40500, 0, 1),
(451, 451, 'Baju / Kaos', 40500, 0, 1),
(452, 452, 'Baju / Kaos', 40500, 0, 1),
(453, 453, 'Baju / Kaos', 40500, 0, 1),
(454, 454, 'Baju / Kaos', 30400, 0, 1),
(455, 455, 'Baju / Kaos', 45000, 0, 1),
(456, 456, 'Baju / Kaos', 86500, 0, 1),
(457, 457, 'Baju / Kaos', 65800, 0, 1),
(458, 458, 'Baju / Kaos', 65800, 0, 1),
(459, 459, 'Baju / Kaos', 65800, 0, 1),
(460, 460, 'Baju / Kaos', 65800, 0, 1),
(461, 461, 'Baju / Kaos', 65800, 0, 1),
(462, 462, 'Baju / Kaos', 65800, 0, 1),
(463, 463, 'Baju / Kaos', 65800, 0, 1),
(464, 464, 'Baju / Kaos', 65800, 0, 1),
(465, 465, 'Baju / Kaos', 65800, 0, 1),
(466, 466, 'Baju / Kaos', 65800, 0, 1),
(467, 467, 'Baju / Kaos', 22400, 0, 1),
(468, 468, 'Baju / Kaos', 65800, 0, 1),
(469, 469, 'Baju / Kaos', 65800, 0, 1),
(470, 470, 'Baju / Kaos', 50600, 0, 1),
(471, 471, 'Baju / Kaos', 40500, 0, 1),
(472, 472, 'Baju / Kaos', 40500, 0, 1),
(473, 473, 'Baju / Kaos', 39500, 0, 1),
(474, 474, 'Baju / Kaos', 40500, 0, 1),
(475, 475, 'Baju / Kaos', 40500, 0, 1),
(476, 476, 'Baju / Kaos', 40500, 0, 1),
(477, 477, 'Baju / Kaos', 50600, 0, 1),
(478, 478, 'Baju / Kaos', 47500, 0, 1),
(479, 479, 'Baju / Kaos', 46500, 0, 1),
(480, 480, 'Baju / Kaos', 40500, 0, 1),
(481, 481, 'Baju / Kaos', 17300, 0, 1),
(482, 482, 'Baju / Kaos', 61000, 0, 1),
(483, 483, 'Baju / Kaos', 40500, 0, 1),
(484, 484, 'Baju / Kaos', 40500, 0, 1),
(485, 485, 'Baju / Kaos', 40500, 0, 1),
(486, 486, 'Baju / Kaos', 40500, 0, 1),
(487, 487, 'Baju / Kaos', 58000, 0, 1),
(488, 488, 'Baju / Kaos', 50600, 0, 1),
(489, 489, 'Baju / Kaos', 37000, 0, 1),
(490, 490, 'Baju / Kaos', 30000, 0, 1),
(491, 491, 'Baju / Kaos', 18300, 0, 1),
(492, 492, 'Baju / Kaos', 36500, 0, 1),
(493, 493, 'Baju / Kaos', 18300, 0, 1),
(494, 494, 'Baju / Kaos', 9200, 0, 1),
(495, 495, 'Baju / Kaos', 18300, 0, 1),
(496, 496, 'Baju / Kaos', 18300, 0, 1),
(497, 497, 'Baju / Kaos', 18300, 0, 1),
(498, 498, 'Baju / Kaos', 18300, 0, 1),
(499, 499, 'Baju / Kaos', 24400, 0, 1),
(500, 500, 'Baju / Kaos', 40500, 0, 1),
(501, 501, 'Baju / Kaos', 55500, 0, 1),
(502, 502, 'Baju / Kaos', 40500, 0, 1),
(503, 503, 'Baju / Kaos', 58000, 0, 1),
(504, 504, 'Baju / Kaos', 58000, 0, 1),
(505, 505, 'Baju / Kaos', 40500, 0, 1),
(506, 506, 'Baju / Kaos', 17300, 0, 1),
(507, 507, 'Baju / Kaos', 40500, 0, 1),
(508, 508, 'Baju / Kaos', 40500, 0, 1),
(509, 509, 'Baju / Kaos', 40500, 0, 1),
(510, 510, 'Baju / Kaos', 40500, 0, 1),
(511, 511, 'Baju / Kaos', 40500, 0, 1),
(512, 512, 'Baju / Kaos', 40500, 0, 1),
(513, 513, 'Baju / Kaos', 40500, 0, 1),
(514, 514, 'Baju / Kaos', 75000, 0, 1),
(515, 515, 'Baju / Kaos', 40500, 0, 1),
(516, 516, 'Baju / Kaos', 40500, 0, 1),
(517, 517, 'Baju / Kaos', 65800, 0, 1),
(518, 518, 'Baju / Kaos', 40500, 0, 1),
(519, 519, 'Baju / Kaos', 80900, 0, 1),
(520, 520, 'Baju / Kaos', 92500, 0, 1),
(521, 521, 'Baju / Kaos', 92500, 0, 1),
(522, 522, 'Baju / Kaos', 104000, 0, 1),
(523, 523, 'Baju / Kaos', 86000, 0, 1),
(524, 524, 'Baju / Kaos', 86000, 0, 1),
(525, 525, 'Baju / Kaos', 65800, 0, 1),
(526, 526, 'Baju / Kaos', 86000, 0, 1),
(527, 527, 'Baju / Kaos', 72900, 0, 1),
(528, 528, 'Baju / Kaos', 86000, 0, 1),
(529, 529, 'Baju / Kaos', 86000, 0, 1),
(530, 530, 'Baju / Kaos', 86000, 0, 1),
(531, 531, 'Baju / Kaos', 86000, 0, 1),
(532, 532, 'Baju / Kaos', 86000, 0, 1),
(533, 533, 'Baju / Kaos', 65800, 0, 1),
(534, 534, 'Baju / Kaos', 86000, 0, 1),
(535, 535, 'Baju / Kaos', 86000, 0, 1),
(536, 536, 'Baju / Kaos', 86000, 0, 1),
(537, 537, 'Baju / Kaos', 86000, 0, 1),
(538, 538, 'Baju / Kaos', 86000, 0, 1),
(539, 539, 'Baju / Kaos', 138500, 0, 1),
(540, 540, 'Baju / Kaos', 111200, 0, 1),
(541, 541, 'Baju / Kaos', 138500, 0, 1),
(542, 542, 'Baju / Kaos', 86000, 0, 1),
(543, 543, 'Baju / Kaos', 86000, 0, 1),
(544, 544, 'Baju / Kaos', 86000, 0, 1),
(545, 545, 'Baju / Kaos', 70800, 0, 1),
(546, 546, 'Baju / Kaos', 104000, 0, 1),
(548, 548, 'Baju / Kaos', 86000, 0, 1),
(549, 549, 'Baju / Kaos', 111200, 0, 1),
(550, 550, 'Baju / Kaos', 65800, 0, 1),
(551, 551, 'Baju / Kaos', 86000, 0, 1),
(552, 552, 'Baju / Kaos', 111200, 0, 1),
(553, 553, 'Baju / Kaos', 6000, 12000, 1),
(554, 554, 'Baju / Kaos', 0, 0, 1);

-- --------------------------------------------------------

--
-- Table structure for table `delivery_countries`
--

CREATE TABLE IF NOT EXISTS `delivery_countries` (
  `id` int(11) NOT NULL AUTO_INCREMENT,
  `code` varchar(3) COLLATE utf8_unicode_ci NOT NULL,
  `name` varchar(255) COLLATE utf8_unicode_ci NOT NULL,
  PRIMARY KEY (`id`)
) ENGINE=MyISAM  DEFAULT CHARSET=utf8 COLLATE=utf8_unicode_ci AUTO_INCREMENT=3 ;

--
-- Dumping data for table `delivery_countries`
--

INSERT INTO `delivery_countries` (`id`, `code`, `name`) VALUES
(1, 'ID', 'Indonesia'),
(2, 'US', 'U.S.A');

-- --------------------------------------------------------

--
-- Table structure for table `delivery_state`
--

CREATE TABLE IF NOT EXISTS `delivery_state` (
  `id` int(11) NOT NULL AUTO_INCREMENT,
  `name` varchar(100) NOT NULL,
  `country_id` int(11) NOT NULL,
  PRIMARY KEY (`id`)
) ENGINE=MyISAM  DEFAULT CHARSET=latin1 AUTO_INCREMENT=35 ;

--
-- Dumping data for table `delivery_state`
--

INSERT INTO `delivery_state` (`id`, `name`, `country_id`) VALUES
(1, 'PROVINSI D.I ACEH', 1),
(2, 'PROVINSI RIAU', 1),
(3, 'KEPULAUAN RIAU', 1),
(4, 'PROVINSI JAMBI', 1),
(5, 'PROVINSI SUMATERA UTARA', 1),
(6, 'PROVINSI SUMATERA BARAT', 1),
(7, 'PROVINSI SUMATERA SELATAN', 1),
(8, 'PROVINSI BALI', 1),
(9, 'PROVINSI BANGKA BELITUNG', 1),
(10, 'PROVINSI BENGKULU', 1),
(11, 'PROVINSI LAMPUNG', 1),
(12, 'DKI JAKARTA', 1),
(13, 'PROVINSI BANTEN', 1),
(14, 'PROVINSI JAWA BARAT', 1),
(15, 'PROVINSI JAWA TENGAH', 1),
(16, 'PROVINSI D.I YOGYAKARTA', 1),
(17, 'PROVINSI JAWA TIMUR', 1),
(18, 'PROVINSI KALIMANTAN BARAT', 1),
(19, 'PROVINSI KALIMANTAN SELATAN', 1),
(20, 'PROVINSI KALIMANTAN TENGAH', 1),
(21, 'PROVINSI KALIMANTAN TIMUR', 1),
(22, 'PROVINSI SULAWESI TENGAH', 1),
(23, 'PROVINSI SULAWESI SELATAN', 1),
(24, 'PROVINSI SULAWESI BARAT', 1),
(25, 'PROVINSI SULAWESI TENGGARA', 1),
(26, 'PROVINSI GORONTALO', 1),
(27, 'PROVINSI SULAWESI UTARA', 1),
(28, 'PROVINSI NTB', 1),
(29, 'PROVINSI NTT', 1),
(30, 'PROVINSI PAPUA', 1),
(31, 'PROVINSI PAPUA BARAT', 1),
(32, 'AMBIL DI TEMPAT', 1),
(33, 'Arizona', 2),
(34, 'Arkansas', 2);

-- --------------------------------------------------------

--
-- Table structure for table `province`
--

CREATE TABLE IF NOT EXISTS `province` (
  `province_id` int(11) NOT NULL AUTO_INCREMENT,
  `country_id` varchar(50) NOT NULL,
  `province_name` varchar(50) NOT NULL,
  PRIMARY KEY (`province_id`)
) ENGINE=MyISAM  DEFAULT CHARSET=latin1 AUTO_INCREMENT=36 ;

--
-- Dumping data for table `province`
--

INSERT INTO `province` (`province_id`, `country_id`, `province_name`) VALUES
(1, 'Indonesia', 'Aceh'),
(2, 'Indonesia', 'Bali'),
(3, 'Indonesia', 'Banten'),
(4, 'Indonesia', 'Bengkulu'),
(5, 'Indonesia', 'Gorontalo'),
(6, 'Indonesia', 'Jakarta'),
(7, 'Indonesia', 'Jambi'),
(8, 'Indonesia', 'Jawa Barat'),
(9, 'Indonesia', 'Jawa Tengah'),
(10, 'Indonesia', 'Jawa Timur'),
(11, 'Indonesia', 'Kalimantan Barat'),
(12, 'Indonesia', 'Kalimantan Selatan'),
(13, 'Indonesia', 'Kalimantan Tengah'),
(14, 'Indonesia', 'Kalimantan Timur'),
(15, 'Indonesia', 'Kalimantan Utara'),
(16, 'Indonesia', 'Kepulauan Bangka Belitung'),
(17, 'Indonesia', 'Kepulauan Riau'),
(18, 'Indonesia', 'Lampung'),
(19, 'Indonesia', 'Maluku'),
(20, 'Indonesia', 'Maluku Utara'),
(21, 'Indonesia', 'Nusa Tenggara Barat'),
(22, 'Indonesia', 'Nusa Tenggara Timur'),
(23, 'Indonesia', 'Papua'),
(24, 'Indonesia', 'Papua Barat'),
(25, 'Indonesia', 'Riau'),
(26, 'Indonesia', 'Sulawesi Barat'),
(27, 'Indonesia', 'Sulawesi Selatan'),
(28, 'Indonesia', 'Sulawesi Tengah'),
(29, 'Indonesia', 'Sulawesi Tenggara'),
(30, 'Indonesia', 'Sulawesi Utara'),
(31, 'Indonesia', 'Sumatera Barat'),
(32, 'Indonesia', 'Sumatera Selatan'),
(33, 'Indonesia', 'Sumatera Utara'),
(34, 'Indonesia', 'Yogyakarta');

-- --------------------------------------------------------

--
-- Table structure for table `tbl_about`
--

CREATE TABLE IF NOT EXISTS `tbl_about` (
  `id` int(11) NOT NULL AUTO_INCREMENT,
  `fill` text NOT NULL,
  `type` text NOT NULL,
  PRIMARY KEY (`id`)
) ENGINE=MyISAM  DEFAULT CHARSET=latin1 AUTO_INCREMENT=6 ;

--
-- Dumping data for table `tbl_about`
--

INSERT INTO `tbl_about` (`id`, `fill`, `type`) VALUES
(1, '<p>\r\n	&nbsp;</p>\r\n<p class="p1">\r\n	<span style="font-family:gotham rounded book;">Founded in 1979, Melissa is recognized in Brazil and around the world for its curatorial work in fashion, art and design, in addition to the innovative development of its key raw material: plastic. Back in the 80&rsquo;s, they signed their first international partnership agreement with renowned fashion designer Jean Paul Gaultier, then raising the banner of affordable luxury and democratization of design.</span></p>\r\n<p class="p1">\r\n	<span style="font-family:gotham rounded book;">Since then, more than 20 partnership agreements with illustrious names in fashion, design, music and celebrities were signed. In the beginning, it was not only Jean Paul Gaultier. Thierry Mugler and Patrick Cox also created head-turning pieces because of their innovation and boldness. 2004 was the beginning of the lasting and successful partnership with the renowned Campana Brothers.&nbsp;</span></p>\r\n<p class="p1">\r\n	<span style="font-family:gotham rounded book;">Designers J. <span class="GRnoSuggestion GRcorrect" grcontextid="Maskrey:0" grmarkguid="33a4c526-75c5-4ac8-9adf-d601d55dc3cd" gruiphraseguid="14300b52-3832-480a-b3fe-50e62ad2066b" style="">Maskrey</span>, an English lady renowned for her work with crystals, and Karim Rashid, an Egyptian man, known as the &ldquo;Prince of Plastic&rdquo;, were the next ones to sign their Melissas. In 2008, two extraordinary women joined the list: the British fashion designer Vivienne Westwood and Iraqi architect Zaha Hadid.</span></p>\r\n<p class="p1">\r\n	<span style="font-family:gotham rounded book;">In recent years, Melissa has continued to surprise their fans with partnerships such as with the talented Gareth Pugh, from London, and with the charismatic Jason Wu, from Taipei, two strong names of the new generation of couture designers. More recently, the beautiful Alessandra Ambr&oacute;sio and the redhead Julia Petit have also customized brand models, beside Brazilian fashion designer Pedro Louren&ccedil;o and the traditional English stamping brand Liberty Art Fabrics.&nbsp;</span></p>\r\n<p class="p1">\r\n	<span style="font-family:gotham rounded book;">The aim of the brand is to go for what&rsquo;s new, launching and <span class="GRcorrect" grcontextid="recreating:0" grmarkguid="334e940c-c2c3-4484-a7c9-36b1a9d099f4" gruiphraseguid="28d8ca17-9c40-456b-b874-5706024f2d60" style="">recreating</span> trends, and the outcome of that work is already recognized in the four corners of the world! Proving this, in 2009, Melissa had two models mentioned in the book &ldquo;Fifty Shoes That Changed the World&rdquo;, produced by the Design Museum London. Melissa Lady Dragon + Vivienne Westwood and Melissa + Zaha Hadid were those elected by the publication.</span></p>\r\n', 'description'),
(2, '<p>\r\n	Lorem ipsum dolor sit amet, consectetuer adipiscing elit, sed diam nonummy nibh euismod tincidunt ut laoreet dolore magna aliquam erat volutpat. Ut wisi enim ad minim veniam, quis nostrud exerci tation ullamcorper suscipit lobortis nisl ut aliquip ex ea commodo consequat. asd</p>\r\n<p>\r\n	<img alt="" src="http://localhost/antikode/bionicfarm/upload/images/sample_recipe.jpg" /></p>\r\n<p>\r\n	Lorem ipsum dolor sit amet, consectetuer adipiscing elit, sed diam nonummy nibh euismod tincidunt ut laoreet dolore magna aliquam erat volutpat. Ut wisi enim ad minim veniam, quis nostrud exerci tation ullamcorper suscipit lobortis nisl ut aliquip ex ea commodo consequat.</p>\r\n', 'about'),
(4, '<p>\r\n	Lorem ipsum dolor sit amet, consectetuer adipiscing elit, sed diam nonummy nibh euismod tincidunt ut laoreet dolore magna aliquam erat volutpat. Ut wisi enim ad minim veniam, quis nostrud exerci tation ullamcorper suscipit lobortis nisl ut aliquip ex ea commodo consequat.</p>\r\n<p>\r\n	Product Facilities</p>\r\n<p>\r\n	<img alt="" src="http://localhost/antikode/github/bionicorganic/upload/images/promo-1.jpg" /></p>\r\n', 'facilities'),
(5, '<p>\r\n	Quality Management</p>\r\n', 'quality');

-- --------------------------------------------------------

--
-- Table structure for table `tbl_account`
--

CREATE TABLE IF NOT EXISTS `tbl_account` (
  `id` int(11) NOT NULL AUTO_INCREMENT,
  `account_bank` text NOT NULL,
  `account_number` text NOT NULL,
  `account_name` text NOT NULL,
  PRIMARY KEY (`id`)
) ENGINE=MyISAM  DEFAULT CHARSET=latin1 AUTO_INCREMENT=3 ;

--
-- Dumping data for table `tbl_account`
--

INSERT INTO `tbl_account` (`id`, `account_bank`, `account_number`, `account_name`) VALUES
(1, 'BCA', '6040155927', 'Melissa Indonesia'),
(2, 'Mandiri', '52361888182', 'Melissa Indonesia');

-- --------------------------------------------------------

--
-- Table structure for table `tbl_admin`
--

CREATE TABLE IF NOT EXISTS `tbl_admin` (
  `id` int(11) NOT NULL AUTO_INCREMENT,
  `role` varchar(30) NOT NULL,
  `username` text NOT NULL,
  `email` varchar(100) NOT NULL,
  `password` text NOT NULL,
  `level` text NOT NULL,
  PRIMARY KEY (`id`)
) ENGINE=MyISAM  DEFAULT CHARSET=latin1 AUTO_INCREMENT=2 ;

--
-- Dumping data for table `tbl_admin`
--

INSERT INTO `tbl_admin` (`id`, `role`, `username`, `email`, `password`, `level`) VALUES
(1, 'super admin', 'administrator', 'info@antikode.com', '200ceb26807d6bf99fd6f4f0d1ca54d4', '1');

-- --------------------------------------------------------

--
-- Table structure for table `tbl_category`
--

CREATE TABLE IF NOT EXISTS `tbl_category` (
  `category_id` int(11) NOT NULL AUTO_INCREMENT,
  `category_name` text NOT NULL,
  `category_description` text,
  `category_level` int(11) NOT NULL,
  `category_order` int(11) DEFAULT NULL,
  `category_active_status` varchar(20) NOT NULL,
  `category_visibility_status` varchar(20) NOT NULL,
  PRIMARY KEY (`category_id`)
) ENGINE=MyISAM  DEFAULT CHARSET=latin1 AUTO_INCREMENT=23 ;

--
-- Dumping data for table `tbl_category`
--

INSERT INTO `tbl_category` (`category_id`, `category_name`, `category_description`, `category_level`, `category_order`, `category_active_status`, `category_visibility_status`) VALUES
(9, 'Rice Bran Cookies', NULL, 0, 1, 'Active', '1'),
(8, 'Fruit Crisps', NULL, 0, 0, 'Active', '1'),
(10, 'Mushroom Cookies', NULL, 0, 2, 'Active', '1'),
(11, 'Datelicious', NULL, 0, 3, 'Active', '1'),
(12, 'Oyster Mushroom Crisps', NULL, 0, 4, 'Active', '1'),
(13, 'Jam', NULL, 0, 5, 'Active', '1'),
(14, 'Germinated Organic Rice', NULL, 0, 6, 'Active', '1'),
(15, 'Seven Gourmet Blend', NULL, 0, 7, 'Active', '1'),
(16, 'Organic Rice', NULL, 0, 8, 'Active', '1'),
(17, 'Organic Flour', NULL, 0, 9, 'Active', '1'),
(18, 'Sprouted Beans', NULL, 0, 10, 'Active', '1'),
(19, 'Herbal Tea', NULL, 0, 11, 'Active', '1'),
(20, 'Pickled', NULL, 0, 12, 'Active', '1'),
(21, 'Flavor Enhancer', NULL, 0, 13, 'Active', '1'),
(22, 'Mushrooms', NULL, 0, 14, 'Active', '1');

-- --------------------------------------------------------

--
-- Table structure for table `tbl_category_relation`
--

CREATE TABLE IF NOT EXISTS `tbl_category_relation` (
  `relation_id` int(11) NOT NULL AUTO_INCREMENT,
  `category_child` int(11) NOT NULL,
  `category_parent` text NOT NULL,
  `relation_level` int(11) NOT NULL,
  PRIMARY KEY (`relation_id`)
) ENGINE=MyISAM  DEFAULT CHARSET=latin1 AUTO_INCREMENT=23 ;

--
-- Dumping data for table `tbl_category_relation`
--

INSERT INTO `tbl_category_relation` (`relation_id`, `category_child`, `category_parent`, `relation_level`) VALUES
(1, 1, 'top', 1),
(2, 2, 'top', 1),
(3, 3, 'top', 1),
(7, 7, 'top', 1),
(8, 8, 'top', 1),
(9, 9, 'top', 1),
(10, 10, 'top', 1),
(11, 11, 'top', 1),
(12, 12, 'top', 1),
(13, 13, 'top', 1),
(14, 14, 'top', 1),
(15, 15, 'top', 1),
(16, 16, 'top', 1),
(17, 17, 'top', 1),
(18, 18, 'top', 1),
(19, 19, 'top', 1),
(20, 20, 'top', 1),
(21, 21, 'top', 1),
(22, 22, 'top', 1);

-- --------------------------------------------------------

--
-- Table structure for table `tbl_color`
--

CREATE TABLE IF NOT EXISTS `tbl_color` (
  `color_id` int(11) NOT NULL AUTO_INCREMENT,
  `color_name` text NOT NULL,
  `color_image` text NOT NULL,
  `color_order` int(11) NOT NULL,
  `color_active_status` varchar(10) NOT NULL,
  `color_visibility_status` varchar(10) NOT NULL,
  `color_delete` int(11) NOT NULL,
  PRIMARY KEY (`color_id`)
) ENGINE=MyISAM  DEFAULT CHARSET=latin1 AUTO_INCREMENT=11 ;

--
-- Dumping data for table `tbl_color`
--

INSERT INTO `tbl_color` (`color_id`, `color_name`, `color_image`, `color_order`, `color_active_status`, `color_visibility_status`, `color_delete`) VALUES
(1, 'Yellow', '../files/uploads/color_image/color-fwky7-color-uyj9b-yellow.jpg', 1, 'active', 'yes', 1),
(2, 'Brownies', '../files/uploads/color_image/color-vrd4k-color-yiyse-brown.jpg', 2, 'active', 'yes', 1),
(3, 'Grey', '../files/uploads/color_image/color-pkhs8-color-oof2z-grey.jpg', 3, 'active', 'yes', 1),
(4, 'Red', '../files/uploads/color_image/color-gxbio-color-xo9n2-red.jpg', 4, 'active', 'yes', 1),
(5, 'Trunk', '../files/uploads/color_image/color-okmav-no-color.png', 5, 'active', 'yes', 1),
(6, 'gimbal', '../files/uploads/color_image/color-v7eqe-color-vrd4k-color-yiyse-brown.jpg', 6, 'active', 'yes', 1),
(7, 'dre', '../files/uploads/color_image/color-qflfx-', 7, 'active', 'yes', 1),
(8, 'dress', '../files/uploads/color_image/no-color.png', 8, 'active', 'yes', 1),
(9, 'asdadsad', '../files/uploads/color_image/no-color.png', 9, 'active', 'yes', 1),
(10, 'No Color', '../files/uploads/color_image/no-color.png', 10, 'active', 'yes', 0);

-- --------------------------------------------------------

--
-- Table structure for table `tbl_contact`
--

CREATE TABLE IF NOT EXISTS `tbl_contact` (
  `id` int(11) NOT NULL AUTO_INCREMENT,
  `fill` text NOT NULL,
  `type` text NOT NULL,
  PRIMARY KEY (`id`)
) ENGINE=MyISAM  DEFAULT CHARSET=latin1 AUTO_INCREMENT=2 ;

--
-- Dumping data for table `tbl_contact`
--

INSERT INTO `tbl_contact` (`id`, `fill`, `type`) VALUES
(1, '<p>\r\n	<span style="font-size:11px;"><span style="font-family: ''gotham rounded book'';">Melissa Shoes Indonesia</span></span></p>\r\n<p>\r\n	&nbsp;</p>\r\n<div>\r\n	<p class="p1">\r\n		<span style="font-family: ''gotham rounded book''; font-size: 11px;"><span class="GRnoSuggestion GRcorrect" grcontextid="Jl:0" grmarkguid="1b711aee-5e2e-44f9-806b-f1a9805308b7" gruiphraseguid="019d0c2f-8824-419d-8b22-54e71ec38deb">Jl</span>. </span><span class="GRcorrect" grcontextid="ciniru:0" grmarkguid="174a8954-2f17-49a6-8e66-ecb2cf6b9e50" gruiphraseguid="88b7cad7-1dcb-4472-8616-fd01a8d55065" style="font-family: ''gotham rounded book''; font-size: 11px;">ciniru</span><span style="font-family: ''gotham rounded book''; font-size: 11px;"> IV, no</span><span class="GRcorrect" grcontextid=".:1" grmarkguid="0a471c8c-0187-40d2-b34d-9ed59c17de50" gruiphraseguid="88b7cad7-1dcb-4472-8616-fd01a8d55065" style="font-family: ''gotham rounded book''; font-size: 11px;">.</span><span style="font-family: ''gotham rounded book''; font-size: 11px;">8</span></p>\r\n	<p class="p2">\r\n		<span style="font-size:11px;"><span style="font-family: ''gotham rounded book'';"><span class="GRcorrect" grcontextid="kebayoran:0" grmarkguid="b3cc901c-62b1-49cd-baf8-4708b385d8f2" gruiphraseguid="6ef27ece-8b37-4f28-92ee-8200f802e6a5" style="">kebayoran</span> <span class="GRnoSuggestion GRcorrect" grcontextid="baru:1" grmarkguid="797d9c31-a559-4ab8-963d-79d9b34c4ccd" gruiphraseguid="6ef27ece-8b37-4f28-92ee-8200f802e6a5" style="">baru</span></span></span></p>\r\n	<p class="p2">\r\n		<span style="font-size:11px;"><span style="font-family: ''gotham rounded book'';"><span class="GRcorrect" grcontextid="jakarta:0" grmarkguid="d667db1c-a25a-451d-ad1b-0b0328182eed" gruiphraseguid="c1a9868e-269f-4ce7-b204-fc3153245c69" style="">jakarta</span></span></span></p>\r\n	<p class="p2">\r\n		<span style="font-size:11px;"><span style="font-family: ''gotham rounded book'';"><span class="GRcorrect" grcontextid="indonesia:0" grmarkguid="75282ea3-650d-4e22-a704-f02cdd34414c" gruiphraseguid="8ce2ea26-be71-49b1-a627-26d65ebe88a0" style="">indonesia</span> 12180</span></span></p>\r\n	<p class="p2">\r\n		<span style="font-size:11px;"><span style="font-family: ''gotham rounded book'';"><span class="GRcorrect" grcontextid="t:0" grmarkguid="a0d9d453-7c89-4529-9eab-41c0653d48c9" gruiphraseguid="a9275b13-0de7-421f-8865-5ea009f23bc5" style="">t</span>: +62.21.7210705</span></span></p>\r\n	<p class="p2">\r\n		<span style="font-size:11px;"><span style="font-family: ''gotham rounded book'';"><span class="GRcorrect" grcontextid="f:0" grmarkguid="6a0e475f-9b4c-4981-847a-b00149e920d7" gruiphraseguid="3e836039-daed-4815-86ee-ee5207820049" style="">f</span>: +62.21.7243467</span></span></p>\r\n	<p class="p2">\r\n		<span style="font-size:11px;"><span style="font-family: ''gotham rounded book'';"><span class="GRcorrect" grcontextid="m:0" grmarkguid="3ceb407d-5000-4599-8811-72b71f144883" gruiphraseguid="283fa10c-685b-47a6-b268-0b10c9efffc8" style="">m</span>: +62.856.1027878</span></span></p>\r\n	<p class="p2">\r\n		<span style="font-size:11px;"><span style="font-family: ''gotham rounded book'';">www.sevenohseven.com</span></span></p>\r\n</div>\r\n<div>\r\n	&nbsp;</div>\r\n<div>\r\n	<span style="font-size:11px;"><span style="font-family: ''gotham rounded book'';">Online Inquiries</span></span></div>\r\n<div>\r\n	<span style="font-size:11px;"><span style="font-family: ''gotham rounded book'';">For all online inquiries, please contact info@melissashoes.co.id</span></span></div>\r\n<div>\r\n	&nbsp;</div>\r\n<div>\r\n	<span style="font-size:11px;"><span style="font-family: ''gotham rounded book'';">Wholesale Inquiries</span></span></div>\r\n<div>\r\n	<span style="font-size:11px;"><span style="font-family: ''gotham rounded book'';">For wholesale inquiries, please contact sales@melissashoes.co.id</span></span></div>\r\n<div>\r\n	&nbsp;</div>\r\n', 'description');

-- --------------------------------------------------------

--
-- Table structure for table `tbl_courier`
--

CREATE TABLE IF NOT EXISTS `tbl_courier` (
  `courier_id` int(11) NOT NULL AUTO_INCREMENT,
  `courier_name` varchar(50) NOT NULL,
  `courier_description` varchar(500) NOT NULL,
  `services` varchar(20) NOT NULL,
  `active_status` varchar(10) NOT NULL,
  `weight_counter` float NOT NULL,
  PRIMARY KEY (`courier_id`)
) ENGINE=MyISAM  DEFAULT CHARSET=latin1 AUTO_INCREMENT=8 ;

--
-- Dumping data for table `tbl_courier`
--

INSERT INTO `tbl_courier` (`courier_id`, `courier_name`, `courier_description`, `services`, `active_status`, `weight_counter`) VALUES
(1, 'JNE Regular', 'Domestic', 'Local Only', 'Active', 1),
(7, 'Pahala Kencana', 'Another econimic courier', 'Local Only', 'Active', 0.5);

-- --------------------------------------------------------

--
-- Table structure for table `tbl_courier_rate`
--

CREATE TABLE IF NOT EXISTS `tbl_courier_rate` (
  `courier_rate_id` int(11) NOT NULL AUTO_INCREMENT,
  `courier_name` varchar(50) NOT NULL,
  `courier_province` varchar(50) NOT NULL,
  `courier_city` varchar(50) NOT NULL,
  `courier_rate` float NOT NULL,
  `courier_weight` float NOT NULL,
  PRIMARY KEY (`courier_rate_id`)
) ENGINE=MyISAM  DEFAULT CHARSET=latin1 AUTO_INCREMENT=2629 ;

--
-- Dumping data for table `tbl_courier_rate`
--

INSERT INTO `tbl_courier_rate` (`courier_rate_id`, `courier_name`, `courier_province`, `courier_city`, `courier_rate`, `courier_weight`) VALUES
(1, '1', 'Aceh', 'Banda Aceh', 33000, 1),
(2, '1', 'Sumatera Utara', 'Medan', 27000, 1),
(3, '1', 'Riau', 'Pekanbaru', 25000, 1),
(4, '1', 'Kepulauan Riau', 'Batam', 22000, 1),
(5, '1', 'Kepulauan Riau', 'Tanjung Pinang', 32000, 1),
(6, '1', 'Sumatera Barat', 'Padang', 22000, 1),
(7, '1', 'Jambi', 'Jambi', 20000, 1),
(8, '1', 'Sumatera Selatan', 'Palembang', 20000, 1),
(9, '1', 'Kepulauan Bangka Belitung', 'Pangkal Pinang', 20000, 1),
(10, '1', 'Kepulauan Bangka Belitung', 'Belinyu', 32000, 1),
(11, '1', 'Bengkulu', 'Bengkulu', 19000, 1),
(12, '1', 'Lampung', 'Bandar Lampung', 15000, 1),
(13, '1', 'Jakarta', 'Jakarta', 7000, 1),
(14, '1', 'Banten', 'Cilegon', 7500, 1),
(15, '1', 'Banten', 'Serpong', 8000, 1),
(16, '1', 'Jawa Barat', 'Bandung', 10000, 1),
(17, '1', 'Jawa Barat', 'Bekasi', 8000, 1),
(18, '1', 'Jawa Barat', 'Bogor', 8000, 1),
(19, '1', 'Jawa Barat', 'Cirebon', 10000, 1),
(20, '1', 'Jawa Barat', 'Depok', 8000, 1),
(21, '1', 'Jawa Barat', 'Karawang', 9000, 1),
(22, '1', 'Jawa Barat', 'Sukabumi', 9000, 1),
(23, '1', 'Jawa Tengah', 'Cilacap', 15000, 1),
(24, '1', 'Jawa Tengah', 'Magelang', 18000, 1),
(25, '1', 'Jawa Tengah', 'Solo / Surakarta', 16000, 1),
(26, '1', 'Jawa Tengah', 'Semarang', 16000, 1),
(27, '1', 'Yogyakarta', 'Yogyakarta', 16000, 1),
(28, '1', 'Jawa Timur', 'Jember', 20000, 1),
(29, '1', 'Jawa Timur', 'Kediri', 20000, 1),
(30, '1', 'Jawa Timur', 'Madiun', 20000, 1),
(111, '1', 'Bali', 'Denpasar', 20000, 1),
(112, '1', 'Aceh', 'Lhokseumawe', 48000, 1),
(126, '1', 'Banten', 'Balaraja', 8000, 1),
(113, '1', 'Bali', 'Gianyar', 23000, 1),
(114, '1', 'Bali', 'Jimbaran', 23000, 1),
(115, '1', 'Bali', 'Kuta', 20000, 1),
(116, '1', 'Bali', 'Ngurahrai', 20000, 1),
(117, '1', 'Bali', 'Nusa Dua', 20000, 1),
(118, '1', 'Bali', 'Sanur', 20000, 1),
(119, '1', 'Bali', 'Singaraja', 26000, 1),
(120, '1', 'Bali', 'Ubud', 29000, 1),
(121, '1', 'Kepulauan Bangka Belitung', 'Gantung', 33500, 1),
(122, '1', 'Kepulauan Bangka Belitung', 'Manggar', 26500, 1),
(123, '1', 'Kepulauan Bangka Belitung', 'Mentok', 32000, 1),
(124, '1', 'Kepulauan Bangka Belitung', 'Merawang', 32000, 1),
(125, '1', 'Kepulauan Bangka Belitung', 'Pangkal Pinang', 20000, 1),
(127, '1', 'Banten', 'Bintaro', 8000, 1),
(128, '1', 'Banten', 'Cikupa', 8000, 1),
(129, '1', 'Banten', 'Cipondoh', 8000, 1),
(130, '1', 'Banten', 'Karawaci', 8000, 1),
(131, '1', 'Banten', 'Pamulang', 8000, 1),
(132, '1', 'Banten', 'Pandegelang', 10000, 1),
(133, '1', 'Banten', 'Panimbang', 16500, 1),
(134, '1', 'Banten', 'Rangkas Bitung', 11500, 1),
(135, '1', 'Banten', 'Serang', 8500, 1),
(136, '1', 'Banten', 'Tangerang', 8000, 1),
(137, '1', 'Banten', 'Tigaraksa', 8000, 1),
(138, '1', 'Bengkulu', 'Curug', 35000, 1),
(139, '1', 'Bengkulu', 'Rajang Lebong', 35000, 1),
(140, '1', 'Yogyakarta', 'Bantul', 16000, 1),
(141, '1', 'Yogyakarta', 'Ngaglik', 25000, 1),
(142, '1', 'Yogyakarta', 'Prambanan', 16000, 1),
(143, '1', 'Yogyakarta', 'Sleman', 16000, 1),
(144, '1', 'Gorontalo', 'Gorontalo', 45000, 1),
(145, '1', 'Jawa Barat', 'Bojonggede, Cibinong', 8000, 1),
(146, '1', 'Jawa Barat', 'Ciamis', 13000, 1),
(147, '1', 'Jawa Barat', 'Cianjur', 12000, 1),
(148, '1', 'Jawa Barat', 'Ciawi, Cibinong', 16000, 1),
(149, '1', 'Jawa Barat', 'Ciawi, Singaparna', 16000, 1),
(150, '1', 'Jawa Barat', 'Cibadak, Sukabumi', 15000, 1),
(151, '1', 'Jawa Barat', 'Cibinong, Bogor', 8000, 1),
(152, '1', 'Jawa Barat', 'Cibinong, Cianjur', 15000, 1),
(153, '1', 'Jawa Barat', 'Cibitung, Cikarang', 15000, 1),
(154, '1', 'Jawa Barat', 'Cibitung, Pandegelang', 13000, 1),
(155, '1', 'Jawa Barat', 'Cibitung, Sukabumi', 15000, 1),
(156, '1', 'Jawa Barat', 'Cibubur', 8000, 1),
(157, '1', 'Jawa Barat', 'Cikampek', 9000, 1),
(158, '1', 'Jawa Barat', 'Cikarang', 8000, 1),
(159, '1', 'Jawa Barat', 'Cileungsi', 9000, 1),
(160, '1', 'Jawa Barat', 'Cimahi', 10000, 1),
(161, '1', 'Jawa Barat', 'Cipanas, Cianjur', 12000, 1),
(162, '1', 'Jawa Barat', 'Citeureup', 8000, 1),
(163, '1', 'Jawa Barat', 'Dayeuh Kolot', 16000, 1),
(164, '1', 'Jawa Barat', 'Garut', 13000, 1),
(165, '1', 'Jawa Barat', 'Indramayu', 13000, 1),
(166, '1', 'Jawa Barat', 'Jatibarang, Brebes', 25000, 1),
(167, '1', 'Jawa Barat', 'Jatibarang, Indramayu', 13000, 1),
(168, '1', 'Jawa Barat', 'Jatinangor', 10000, 1),
(169, '1', 'Jawa Barat', 'Jatiwangi', 13000, 1),
(170, '1', 'Jawa Barat', 'Kadipaten, Majalengka', 13000, 1),
(171, '1', 'Jawa Barat', 'Kadipaten, Singaparna', 13000, 1),
(172, '1', 'Jawa Barat', 'Kuningan', 13000, 1),
(173, '1', 'Jawa Barat', 'Lembang, Ngamprah', 10000, 1),
(174, '1', 'Jawa Barat', 'Losari, Brebes', 25000, 1),
(175, '1', 'Jawa Barat', 'Losari, Sumber', 13000, 1),
(176, '1', 'Jawa Barat', 'Majalaya, Karawang', 13000, 1),
(177, '1', 'Jawa Barat', 'Majalengka', 13000, 1),
(178, '1', 'Jawa Barat', 'Megamendung', 8000, 1),
(179, '1', 'Jawa Barat', 'Padalarang', 16000, 1),
(180, '1', 'Jawa Barat', 'Palimanan', 13000, 1),
(181, '1', 'Jawa Barat', 'Purwakarta', 13000, 1),
(182, '1', 'Jawa Barat', 'Purwakarta, Cilegon', 13000, 1),
(183, '1', 'Jawa Barat', 'Rancaekek, Soreang', 10000, 1),
(184, '1', 'Jawa Barat', 'Soreang', 10000, 1),
(185, '1', 'Jawa Barat', 'Subang', 13000, 1),
(186, '1', 'Jawa Barat', 'Sumedang', 13000, 1),
(187, '1', 'Jawa Barat', 'Tambun, Cikarang', 9500, 1),
(188, '1', 'Jawa Barat', 'Banjar', 17500, 1),
(189, '1', 'Jawa Barat', 'Tasikmalaya', 13000, 1),
(190, '1', 'Jawa Tengah', 'Ajibarang', 20000, 1),
(191, '1', 'Jawa Tengah', 'Ambarawa', 20000, 1),
(192, '1', 'Jawa Tengah', 'Banjarnegara', 20000, 1),
(193, '1', 'Jawa Tengah', 'Temanggung', 22000, 1),
(194, '1', 'Jawa Tengah', 'Banyumas, Purwokerto', 20000, 1),
(195, '1', 'Jawa Tengah', 'Blora', 20000, 1),
(196, '1', 'Jawa Tengah', 'Boyolali', 20000, 1),
(197, '1', 'Jawa Tengah', 'Cepu, Blora', 20000, 1),
(198, '1', 'Jawa Tengah', 'Delanggu, Klaten', 25000, 1),
(199, '1', 'Jawa Tengah', 'Demak', 20000, 1),
(200, '1', 'Jawa Tengah', 'Jepara', 20000, 1),
(201, '1', 'Jawa Tengah', 'Karanganyar', 20000, 1),
(202, '1', 'Jawa Tengah', 'Kebumen', 22000, 1),
(203, '1', 'Jawa Tengah', 'Kendal', 20000, 1),
(204, '1', 'Jawa Tengah', 'Klaten', 20000, 1),
(205, '1', 'Jawa Tengah', 'Kudus', 20000, 1),
(206, '1', 'Jawa Tengah', 'Muntilan, Magelang', 24000, 1),
(207, '1', 'Jawa Tengah', 'Pati', 20000, 1),
(208, '1', 'Jawa Tengah', 'Pekalongan', 20000, 1),
(209, '1', 'Jawa Tengah', 'Pemalang', 20000, 1),
(210, '1', 'Jawa Tengah', 'Purbalingga', 20000, 1),
(211, '1', 'Jawa Tengah', 'Purwodadi, Grobogan', 22000, 1),
(212, '1', 'Jawa Tengah', 'Purwokerto', 22000, 1),
(213, '1', 'Jawa Tengah', 'Purworejo', 22000, 1),
(214, '1', 'Jawa Tengah', 'Rembang', 20000, 1),
(215, '1', 'Jawa Tengah', 'Salatiga', 20000, 1),
(216, '1', 'Jawa Tengah', 'Slawi', 20000, 1),
(217, '1', 'Jawa Tengah', 'Sukoharjo', 20000, 1),
(218, '1', 'Jawa Tengah', 'Tahunan, Jepara', 25000, 1),
(219, '1', 'Jawa Tengah', 'Tegal', 20000, 1),
(220, '1', 'Jawa Tengah', 'Ungaran', 16000, 1),
(221, '1', 'Jawa Tengah', 'Wonogiri', 20000, 1),
(222, '1', 'Jawa Tengah', 'Wonopringgo, Kajen', 25000, 1),
(223, '1', 'Jawa Tengah', 'Wonosobo', 22000, 1),
(224, '1', 'Jawa Timur', 'Bangkalan', 35000, 1),
(225, '1', 'Jawa Timur', 'Banyuwangi', 24000, 1),
(226, '1', 'Jawa Timur', 'Batu', 22000, 1),
(227, '1', 'Jawa Timur', 'Blitar', 24500, 1),
(228, '1', 'Jawa Timur', 'Bojonegoro', 20000, 1),
(229, '1', 'Jawa Timur', 'Bondowoso', 24000, 1),
(230, '1', 'Jawa Timur', 'Buduran, Sidoarjo', 17000, 1),
(231, '1', 'Jawa Timur', 'Gresik', 17000, 1),
(232, '1', 'Jawa Timur', 'Jombang', 22000, 1),
(233, '1', 'Jawa Timur', 'Lamongan', 22000, 1),
(234, '1', 'Jawa Timur', 'Lumajang', 24000, 1),
(235, '1', 'Jawa Timur', 'Magetan', 24000, 1),
(236, '1', 'Jawa Timur', 'Malang', 20000, 1),
(237, '1', 'Jawa Timur', 'Mojokerto', 20000, 1),
(238, '1', 'Jawa Timur', 'Nganjuk', 23500, 1),
(239, '1', 'Jawa Timur', 'Ngawi', 24000, 1),
(240, '1', 'Jawa Timur', 'Pamekasan', 32500, 1),
(241, '1', 'Jawa Timur', 'Pandaan', 20000, 1),
(242, '1', 'Jawa Timur', 'Pare, Kediri', 26000, 1),
(243, '1', 'Jawa Timur', 'Pasuruan', 29000, 1),
(244, '1', 'Jawa Timur', 'Ponorogo', 24000, 1),
(245, '1', 'Jawa Timur', 'Probolinggo', 21000, 1),
(246, '1', 'Jawa Timur', 'Sedati, Sidoarjo', 19500, 1),
(247, '1', 'Jawa Timur', 'Sidoarjo', 17000, 1),
(248, '1', 'Jawa Timur', 'Situbondo', 29000, 1),
(249, '1', 'Jawa Timur', 'Sumenep', 41000, 1),
(250, '1', 'Jawa Timur', 'Surabaya', 17000, 1),
(251, '1', 'Jawa Timur', 'Tlogosari, Bondowoso', 32500, 1),
(252, '1', 'Jawa Timur', 'Trenggalek', 28000, 1),
(253, '1', 'Jawa Timur', 'Tuban', 22000, 1),
(254, '1', 'Jawa Timur', 'Tulungagung', 27000, 1),
(255, '1', 'Jawa Timur', 'Turi (Lamongan)', 27000, 1),
(256, '1', 'Jawa Timur', 'Waru (Sidoarjo)', 20000, 1),
(257, '1', 'Kalimantan Barat', 'Ketapang', 44000, 1),
(258, '1', 'Kalimantan Barat', 'Ketapang, Sampang', 53000, 1),
(259, '1', 'Kalimantan Barat', 'Nanga Pinoh, Melawi', 42000, 1),
(260, '1', 'Kalimantan Barat', 'Pemangkat', 53000, 1),
(261, '1', 'Kalimantan Barat', 'Pontianak', 27000, 1),
(262, '1', 'Kalimantan Barat', 'Sambas', 42000, 1),
(263, '1', 'Kalimantan Barat', 'Sanggau', 42000, 1),
(264, '1', 'Kalimantan Barat', 'Singkawang', 42000, 1),
(265, '1', 'Kalimantan Barat', 'Sintang', 42000, 1),
(266, '1', 'Kalimantan Barat', 'Sui Raya, Kubu Raya', 53000, 1),
(267, '1', 'Kalimantan Selatan', 'Banjarbaru', 30000, 1),
(268, '1', 'Kalimantan Selatan', 'Banjarmasin', 30000, 1),
(269, '1', 'Kalimantan Selatan', 'Barabai', 46000, 1),
(270, '1', 'Kalimantan Selatan', 'Batu Licin', 42000, 1),
(271, '1', 'Kalimantan Selatan', 'Kandangan, Kab. Hulu Sungai Selatan', 42000, 1),
(272, '1', 'Kalimantan Selatan', 'Kotabaru, Pulaulaut', 82000, 1),
(273, '1', 'Kalimantan Selatan', 'Martapura, Banjar', 42000, 1),
(274, '1', 'Kalimantan Selatan', 'Paringin, Kab. Balangan', 48000, 1),
(275, '1', 'Kalimantan Selatan', 'Pelaihari', 42000, 1),
(276, '1', 'Papua', 'Biak', 108000, 1),
(277, '1', 'Kalimantan Selatan', 'Banjarbaru', 30000, 1),
(278, '1', 'Kalimantan Selatan', 'Banjarmasin', 30000, 1),
(279, '1', 'Kalimantan Selatan', 'Barabai', 46000, 1),
(280, '1', 'Kalimantan Selatan', 'Batu Licin', 42000, 1),
(281, '1', 'Kalimantan Selatan', 'Kandangan, Kab. Hulu Sungai Selatan', 42000, 1),
(282, '1', 'Kalimantan Selatan', 'Kotabaru, Pulaulaut', 82000, 1),
(283, '1', 'Kalimantan Selatan', 'Martapura, Banjar', 42000, 1),
(284, '1', 'Kalimantan Selatan', 'Paringin, Kab. Balangan', 48000, 1),
(285, '1', 'Kalimantan Selatan', 'Pelaihari', 42000, 1),
(287, '1', 'Kalimantan Tengah', 'Kuala Kapuas', 49000, 1),
(288, '1', 'Kalimantan Tengah', 'Muara Teweh', 43000, 1),
(289, '1', 'Kalimantan Tengah', 'Palangkaraya', 30000, 1),
(290, '1', 'Kalimantan Tengah', 'Pangkalan Banteng', 62000, 1),
(291, '1', 'Kalimantan Tengah', 'Pangkalan Bun', 49000, 1),
(292, '1', 'Kalimantan Tengah', 'Sampit', 49000, 1),
(293, '1', 'Kalimantan Timur', 'Balikpapan', 36000, 1),
(294, '1', 'Kalimantan Timur', 'Bontang', 49000, 1),
(295, '1', 'Kalimantan Timur', 'Melak, Sendawar', 69000, 1),
(296, '1', 'Kalimantan Timur', 'Nunukan', 55000, 1),
(297, '1', 'Kalimantan Timur', 'Samarinda', 41000, 1),
(298, '1', 'Kalimantan Timur', 'Sangatta, Bontang', 52000, 1),
(299, '1', 'Kalimantan Timur', 'Tanah Grogot, Kab. Paser', 61000, 1),
(300, '1', 'Kalimantan Timur', 'Tanjung Selor', 55000, 1),
(301, '1', 'Kalimantan Timur', 'Tarakan', 49000, 1),
(302, '1', 'Kalimantan Timur', 'Tenggarong, Kutai', 55000, 1),
(303, '1', 'Kepulauan Riau', 'Kundur, Karimun', 63000, 1),
(304, '1', 'Kepulauan Riau', 'Lagoi, Bintan', 63000, 1),
(305, '1', 'Kepulauan Riau', 'Tanjung Balai Karimun', 50000, 1),
(306, '1', 'Kepulauan Riau', 'Tanjung Uban / Bintan Utara', 51000, 1),
(307, '1', 'Lampung', 'Bakauheuni', 35000, 1),
(308, '1', 'Lampung', 'Bukit Kemuning', 35000, 1),
(309, '1', 'Lampung', 'Kalianda', 35000, 1),
(310, '1', 'Lampung', 'Kota Agung', 35000, 1),
(311, '1', 'Lampung', 'Kotabumi', 35000, 1),
(312, '1', 'Lampung', 'Liwa', 35000, 1),
(313, '1', 'Lampung', 'Metro', 44000, 1),
(314, '1', 'Lampung', 'Pringsewu', 37000, 1),
(315, '1', 'Lampung', 'Seputih Bawang, Gunung Sugih', 35000, 1),
(316, '1', 'Maluku', 'Ambon', 52000, 1),
(317, '1', 'Maluku Utara', 'Ternate', 55000, 0),
(318, '1', 'Nusa Tenggara Barat', 'Dompu', 35000, 1),
(319, '1', 'Nusa Tenggara Timur', 'Bima', 37000, 1),
(320, '1', 'Nusa Tenggara Timur', 'Kalabahi', 65000, 1),
(321, '1', 'Nusa Tenggara Timur', 'Kupang', 50000, 1),
(322, '1', 'Nusa Tenggara Timur', 'Loweleba', 58000, 1),
(323, '1', 'Nusa Tenggara Timur', 'Maumere', 65000, 1),
(324, '1', 'Nusa Tenggara Timur', 'Ruteng, Kab. Manggarai', 65000, 1),
(325, '1', 'Nusa Tenggara Timur', 'Waingapu, Kab. Sumba Timur', 65000, 1),
(327, '1', 'Papua', 'Jayapura', 80000, 1),
(328, '1', 'Papua', 'Kuala Kencana, Timika', 138000, 1),
(329, '1', 'Papua', 'Merauke', 108000, 1),
(330, '1', 'Papua', 'Serui', 108000, 1),
(331, '1', 'Papua', 'Timika', 85000, 1),
(332, '1', 'Papua Barat', 'Manokwari', 115000, 1),
(333, '1', 'Papua Barat', 'Sorong', 80000, 1),
(334, '1', 'Riau', 'Bagansiapi Api', 40000, 1),
(335, '1', 'Riau', 'Bangkinang', 37000, 1),
(336, '1', 'Riau', 'Bengkalis', 37000, 1),
(337, '1', 'Riau', 'Dumai', 37000, 1),
(338, '1', 'Riau', 'Duri', 37000, 1),
(339, '1', 'Riau', 'Marpoyan', 25000, 1),
(340, '1', 'Riau', 'Nongsa / Kabil - Batam', 25000, 1),
(341, '1', 'Riau', 'Pangkalan Kerinci', 37000, 1),
(342, '1', 'Riau', 'Rengat', 37000, 1),
(343, '1', 'Riau', 'Rumbai', 37000, 1),
(344, '1', 'Riau', 'Siak Sri Indrapura', 37000, 1),
(345, '1', 'Riau', 'Teluk Kuantan', 38000, 1),
(346, '1', 'Riau', 'Tembilahan', 38000, 1),
(347, '1', 'Sulawesi Barat', 'Majene', 49000, 1),
(348, '1', 'Sulawesi Barat', 'Mamasa', 49000, 1),
(349, '1', 'Sulawesi Barat', 'Mamuju', 49000, 1),
(350, '1', 'Sulawesi Barat', 'Polewali', 49000, 1),
(351, '1', 'Sulawesi Selatan', 'Banawa', 40000, 1),
(352, '1', 'Sulawesi Selatan', 'Benteng, Selayar', 62000, 1),
(353, '1', 'Sulawesi Selatan', 'Bulukumba', 49000, 1),
(354, '1', 'Sulawesi Selatan', 'Maros', 32000, 1),
(355, '1', 'Sulawesi Selatan', 'Palopo', 49000, 1),
(356, '1', 'Sulawesi Selatan', 'Pare Pare', 45500, 1),
(357, '1', 'Sulawesi Selatan', 'Pinrang', 49000, 1),
(358, '1', 'Sulawesi Selatan', 'Rantepao, Tana Toraja', 49000, 1),
(359, '1', 'Sulawesi Selatan', 'Sengkang', 49000, 1),
(360, '1', 'Sulawesi Selatan', 'Soroako', 49000, 1),
(361, '1', 'Sulawesi Selatan', 'Sangguminasa, Gowa', 32000, 1),
(362, '1', 'Sulawesi Tengah', 'Ampana Kota', 58000, 1),
(363, '1', 'Sulawesi Tengah', 'Banggai', 73000, 1),
(364, '1', 'Sulawesi Tengah', 'Buol', 58000, 1),
(365, '1', 'Sulawesi Tengah', 'Luwuk', 58000, 1),
(366, '1', 'Sulawesi Tengah', 'Palu', 40000, 1),
(367, '1', 'Sulawesi Tengah', 'Parigi', 58000, 1),
(368, '1', 'Sulawesi Tengah', 'Poso', 58000, 1),
(369, '1', 'Sulawesi Tengah', 'Sigi Biromanu, Donggala', 73000, 1),
(370, '1', 'Sulawesi Tengah', 'Tolitoli', 58000, 1),
(371, '1', 'Sulawesi Tenggara', 'Bau-bau', 62000, 1),
(372, '1', 'Sulawesi Tenggara', 'Kendari', 45000, 1),
(373, '1', 'Sulawesi Tenggara', 'Kolaka', 62000, 1),
(374, '1', 'Sulawesi Tenggara', 'Unaaha, Konawe', 62000, 1),
(375, '1', 'Sulawesi Utara', 'Airmadidi', 73000, 1),
(376, '1', 'Sulawesi Utara', 'Amurang', 73000, 1),
(377, '1', 'Sulawesi Utara', 'Bitung', 58000, 1),
(378, '1', 'Sulawesi Utara', 'Kotamobagu', 58000, 1),
(379, '1', 'Sulawesi Utara', 'Manado', 42000, 1),
(380, '1', 'Sulawesi Utara', 'Tahuna', 58000, 1),
(381, '1', 'Sulawesi Utara', 'Tomohon', 58000, 1),
(382, '1', 'Sulawesi Utara', 'Tondano', 58000, 1),
(383, '1', 'Sumatera Barat', 'Batusangkar', 34000, 1),
(384, '1', 'Sumatera Barat', 'Bukittingi', 34000, 1),
(385, '1', 'Sumatera Barat', 'Gunung Sitoli, Nias', 38000, 1),
(386, '1', 'Sumatera Barat', 'Padang', 25000, 1),
(387, '1', 'Sumatera Barat', 'Padang Panjang', 34000, 1),
(388, '1', 'Sumatera Barat', 'Payakumbuh', 43000, 1),
(389, '1', 'Sumatera Barat', 'Sawahlunto', 34000, 1),
(390, '1', 'Sumatera Barat', 'Solok', 34000, 1),
(391, '1', 'Sumatera Selatan', 'Baturaja', 31000, 1),
(392, '1', 'Sumatera Selatan', 'Indralaya', 31000, 1),
(393, '1', 'Sumatera Selatan', 'Kayu Agung', 31000, 1),
(394, '1', 'Sumatera Selatan', 'Lahat', 31000, 1),
(395, '1', 'Sumatera Selatan', 'Lubuk Linggau', 31000, 1),
(396, '1', 'Sumatera Selatan', 'Martapura', 31000, 1),
(397, '1', 'Sumatera Selatan', 'Muara Belikan, Muara Enim', 39000, 1),
(398, '1', 'Sumatera Selatan', 'Pagar Alam', 31000, 1),
(399, '1', 'Sumatera Selatan', 'Plaju', 20000, 1),
(400, '1', 'Sumatera Selatan', 'Prabumulih', 31000, 1),
(401, '1', 'Sumatera Selatan', 'Sekayu', 31000, 1),
(402, '1', 'Sumatera Utara', 'Belawan', 27000, 1),
(403, '1', 'Sumatera Utara', 'Binjai', 38000, 1),
(404, '1', 'Sumatera Utara', 'Kabanjahe', 38000, 1),
(405, '1', 'Sumatera Utara', 'Kisaran', 38000, 1),
(406, '1', 'Sumatera Utara', 'Lubuk Pakam', 38000, 1),
(407, '1', 'Sumatera Utara', 'Padang Sidempuan', 38000, 1),
(408, '1', 'Sumatera Utara', 'Pematangsiantar', 38000, 1),
(409, '1', 'Sumatera Utara', 'Rantau Prapat', 38000, 1),
(410, '1', 'Sumatera Utara', 'Sei Rampah', 38000, 1),
(411, '1', 'Sumatera Utara', 'Sibolga', 38000, 1),
(412, '1', 'Sumatera Utara', 'Sibuhuan', 38000, 1),
(413, '1', 'Sumatera Utara', 'Sidikalang', 38000, 1),
(414, '1', 'Sumatera Utara', 'Sipirok', 38000, 1),
(415, '1', 'Sumatera Utara', 'Stabat', 38000, 1),
(416, '1', 'Sumatera Utara', 'Tanjung Balai Asahan', 38000, 1),
(417, '1', 'Sumatera Utara', 'Tanjung Morawa', 38000, 1),
(418, '1', 'Sumatera Utara', 'Tarutung', 38000, 1),
(419, '1', 'Sumatera Utara', 'Tebing Tinggi', 38000, 1),
(420, '6', 'Aceh', 'Banda Aceh', 0, 1),
(421, '6', 'Aceh', 'Banda Aceh', 0, 1),
(422, '6', 'Aceh', 'Banda Aceh', 0, 1),
(423, '6', 'Aceh', 'Banda Aceh', 0, 1),
(424, '6', 'Aceh', 'Banda Aceh', 0, 1),
(425, '6', 'Aceh', 'Banda Aceh', 0, 1),
(426, '6', 'Aceh', 'Banda Aceh', 0, 1),
(427, '6', 'Aceh', 'Banda Aceh', 0, 1),
(428, '6', 'Aceh', 'Banda Aceh', 0, 1),
(429, '6', 'Aceh', 'Banda Aceh', 0, 1),
(430, '6', 'Aceh', 'Banda Aceh', 0, 1),
(431, '6', 'Aceh', 'Banda Aceh', 0, 1),
(432, '6', 'Aceh', 'Banda Aceh', 0, 1),
(433, '6', 'Aceh', 'Banda Aceh', 0, 1),
(434, '6', 'Aceh', 'Banda Aceh', 0, 1),
(435, '6', 'Aceh', 'Banda Aceh', 0, 1),
(436, '6', 'Aceh', 'Banda Aceh', 0, 1),
(437, '6', 'Aceh', 'Banda Aceh', 0, 1),
(438, '6', 'Aceh', 'Banda Aceh', 0, 1),
(439, '6', 'Aceh', 'Banda Aceh', 0, 1),
(440, '6', 'Aceh', 'Banda Aceh', 0, 1),
(441, '6', 'Aceh', 'Banda Aceh', 0, 1),
(442, '6', 'Aceh', 'Banda Aceh', 0, 1),
(443, '6', 'Aceh', 'Banda Aceh', 0, 1),
(444, '6', 'Aceh', 'Banda Aceh', 0, 1),
(445, '6', 'Aceh', 'Lhokseumawe', 0, 1),
(446, '6', 'Aceh', 'Lhokseumawe', 0, 1),
(447, '6', 'Aceh', 'Lhokseumawe', 0, 1),
(448, '6', 'Aceh', 'Lhokseumawe', 0, 1),
(449, '6', 'Aceh', 'Lhokseumawe', 0, 1),
(450, '6', 'Aceh', 'Lhokseumawe', 0, 1),
(451, '6', 'Aceh', 'Lhokseumawe', 0, 1),
(452, '6', 'Aceh', 'Lhokseumawe', 0, 1),
(453, '6', 'Aceh', 'Lhokseumawe', 0, 1),
(454, '6', 'Aceh', 'Lhokseumawe', 0, 1),
(455, '6', 'Aceh', 'Lhokseumawe', 0, 1),
(456, '6', 'Aceh', 'Lhokseumawe', 0, 1),
(457, '6', 'Aceh', 'Lhokseumawe', 0, 1),
(458, '6', 'Aceh', 'Lhokseumawe', 0, 1),
(459, '6', 'Aceh', 'Lhokseumawe', 0, 1),
(460, '6', 'Aceh', 'Lhokseumawe', 0, 1),
(461, '6', 'Aceh', 'Lhokseumawe', 0, 1),
(462, '6', 'Aceh', 'Lhokseumawe', 0, 1),
(463, '6', 'Aceh', 'Lhokseumawe', 0, 1),
(464, '6', 'Aceh', 'Lhokseumawe', 0, 1),
(465, '6', 'Aceh', 'Lhokseumawe', 0, 1),
(466, '6', 'Aceh', 'Lhokseumawe', 0, 1),
(467, '6', 'Aceh', 'Lhokseumawe', 0, 1),
(468, '6', 'Aceh', 'Lhokseumawe', 0, 1),
(469, '6', 'Aceh', 'Lhokseumawe', 0, 1),
(470, '6', 'Aceh', 'Denpasar', 0, 1),
(471, '6', 'Aceh', 'Denpasar', 0, 1),
(472, '6', 'Aceh', 'Denpasar', 0, 1),
(473, '6', 'Aceh', 'Denpasar', 0, 1),
(474, '6', 'Aceh', 'Denpasar', 0, 1),
(475, '6', 'Aceh', 'Denpasar', 0, 1),
(476, '6', 'Aceh', 'Denpasar', 0, 1),
(477, '6', 'Aceh', 'Denpasar', 0, 1),
(478, '6', 'Aceh', 'Denpasar', 0, 1),
(479, '6', 'Aceh', 'Denpasar', 0, 1),
(480, '6', 'Aceh', 'Denpasar', 0, 1),
(481, '6', 'Aceh', 'Denpasar', 0, 1),
(482, '6', 'Aceh', 'Denpasar', 0, 1),
(483, '6', 'Aceh', 'Denpasar', 0, 1),
(484, '6', 'Aceh', 'Denpasar', 0, 1),
(485, '6', 'Aceh', 'Denpasar', 0, 1),
(486, '6', 'Aceh', 'Denpasar', 0, 1),
(487, '6', 'Aceh', 'Denpasar', 0, 1),
(488, '6', 'Aceh', 'Denpasar', 0, 1),
(489, '6', 'Aceh', 'Denpasar', 0, 1),
(490, '6', 'Aceh', 'Denpasar', 0, 1),
(491, '6', 'Aceh', 'Denpasar', 0, 1),
(492, '6', 'Aceh', 'Denpasar', 0, 1),
(493, '6', 'Aceh', 'Denpasar', 0, 1),
(494, '6', 'Aceh', 'Denpasar', 0, 1),
(495, '6', 'Aceh', 'Gianyar', 0, 1),
(496, '6', 'Aceh', 'Gianyar', 0, 1),
(497, '6', 'Aceh', 'Gianyar', 0, 1),
(498, '6', 'Aceh', 'Gianyar', 0, 1),
(499, '6', 'Aceh', 'Gianyar', 0, 1),
(500, '6', 'Aceh', 'Gianyar', 0, 1),
(501, '6', 'Aceh', 'Gianyar', 0, 1),
(502, '6', 'Aceh', 'Gianyar', 0, 1),
(503, '6', 'Aceh', 'Gianyar', 0, 1),
(504, '6', 'Aceh', 'Gianyar', 0, 1),
(505, '6', 'Aceh', 'Gianyar', 0, 1),
(506, '6', 'Aceh', 'Gianyar', 0, 1),
(507, '6', 'Aceh', 'Gianyar', 0, 1),
(508, '6', 'Aceh', 'Gianyar', 0, 1),
(509, '6', 'Aceh', 'Gianyar', 0, 1),
(510, '6', 'Aceh', 'Gianyar', 0, 1),
(511, '6', 'Aceh', 'Gianyar', 0, 1),
(512, '6', 'Aceh', 'Gianyar', 0, 1),
(513, '6', 'Aceh', 'Gianyar', 0, 1),
(514, '6', 'Aceh', 'Gianyar', 0, 1),
(515, '6', 'Aceh', 'Gianyar', 0, 1),
(516, '6', 'Aceh', 'Gianyar', 0, 1),
(517, '6', 'Aceh', 'Gianyar', 0, 1),
(518, '6', 'Aceh', 'Gianyar', 0, 1),
(519, '6', 'Aceh', 'Gianyar', 0, 1),
(520, '6', 'Aceh', 'Jimbaran', 0, 1),
(521, '6', 'Aceh', 'Jimbaran', 0, 1),
(522, '6', 'Aceh', 'Jimbaran', 0, 1),
(523, '6', 'Aceh', 'Jimbaran', 0, 1),
(524, '6', 'Aceh', 'Jimbaran', 0, 1),
(525, '6', 'Aceh', 'Jimbaran', 0, 1),
(526, '6', 'Aceh', 'Jimbaran', 0, 1),
(527, '6', 'Aceh', 'Jimbaran', 0, 1),
(528, '6', 'Aceh', 'Jimbaran', 0, 1),
(529, '6', 'Aceh', 'Jimbaran', 0, 1),
(530, '6', 'Aceh', 'Jimbaran', 0, 1),
(531, '6', 'Aceh', 'Jimbaran', 0, 1),
(532, '6', 'Aceh', 'Jimbaran', 0, 1),
(533, '6', 'Aceh', 'Jimbaran', 0, 1),
(534, '6', 'Aceh', 'Jimbaran', 0, 1),
(535, '6', 'Aceh', 'Jimbaran', 0, 1),
(536, '6', 'Aceh', 'Jimbaran', 0, 1),
(537, '6', 'Aceh', 'Jimbaran', 0, 1),
(538, '6', 'Aceh', 'Jimbaran', 0, 1),
(539, '6', 'Aceh', 'Jimbaran', 0, 1),
(540, '6', 'Aceh', 'Jimbaran', 0, 1),
(541, '6', 'Aceh', 'Jimbaran', 0, 1),
(542, '6', 'Aceh', 'Jimbaran', 0, 1),
(543, '6', 'Aceh', 'Jimbaran', 0, 1),
(544, '6', 'Aceh', 'Jimbaran', 0, 1),
(545, '6', 'Aceh', 'Kuta', 0, 1),
(546, '6', 'Aceh', 'Kuta', 0, 1),
(547, '6', 'Aceh', 'Kuta', 0, 1),
(548, '6', 'Aceh', 'Kuta', 0, 1),
(549, '6', 'Aceh', 'Kuta', 0, 1),
(550, '6', 'Aceh', 'Kuta', 0, 1),
(551, '6', 'Aceh', 'Kuta', 0, 1),
(552, '6', 'Aceh', 'Kuta', 0, 1),
(553, '6', 'Aceh', 'Kuta', 0, 1),
(554, '6', 'Aceh', 'Kuta', 0, 1),
(555, '6', 'Aceh', 'Kuta', 0, 1),
(556, '6', 'Aceh', 'Kuta', 0, 1),
(557, '6', 'Aceh', 'Kuta', 0, 1),
(558, '6', 'Aceh', 'Kuta', 0, 1),
(559, '6', 'Aceh', 'Kuta', 0, 1),
(560, '6', 'Aceh', 'Kuta', 0, 1),
(561, '6', 'Aceh', 'Kuta', 0, 1),
(562, '6', 'Aceh', 'Kuta', 0, 1),
(563, '6', 'Aceh', 'Kuta', 0, 1),
(564, '6', 'Aceh', 'Kuta', 0, 1),
(565, '6', 'Aceh', 'Kuta', 0, 1),
(566, '6', 'Aceh', 'Kuta', 0, 1),
(567, '6', 'Aceh', 'Kuta', 0, 1),
(568, '6', 'Aceh', 'Kuta', 0, 1),
(569, '6', 'Aceh', 'Kuta', 0, 1),
(570, '6', 'Aceh', 'Ngurahrai', 0, 1),
(571, '6', 'Aceh', 'Ngurahrai', 0, 1),
(572, '6', 'Aceh', 'Ngurahrai', 0, 1),
(573, '6', 'Aceh', 'Ngurahrai', 0, 1),
(574, '6', 'Aceh', 'Ngurahrai', 0, 1),
(575, '6', 'Aceh', 'Ngurahrai', 0, 1),
(576, '6', 'Aceh', 'Ngurahrai', 0, 1),
(577, '6', 'Aceh', 'Ngurahrai', 0, 1),
(578, '6', 'Aceh', 'Ngurahrai', 0, 1),
(579, '6', 'Aceh', 'Ngurahrai', 0, 1),
(580, '6', 'Aceh', 'Ngurahrai', 0, 1),
(581, '6', 'Aceh', 'Ngurahrai', 0, 1),
(582, '6', 'Aceh', 'Ngurahrai', 0, 1),
(583, '6', 'Aceh', 'Ngurahrai', 0, 1),
(584, '6', 'Aceh', 'Ngurahrai', 0, 1),
(585, '6', 'Aceh', 'Ngurahrai', 0, 1),
(586, '6', 'Aceh', 'Ngurahrai', 0, 1),
(587, '6', 'Aceh', 'Ngurahrai', 0, 1),
(588, '6', 'Aceh', 'Ngurahrai', 0, 1),
(589, '6', 'Aceh', 'Ngurahrai', 0, 1),
(590, '6', 'Aceh', 'Ngurahrai', 0, 1),
(591, '6', 'Aceh', 'Ngurahrai', 0, 1),
(592, '6', 'Aceh', 'Ngurahrai', 0, 1),
(593, '6', 'Aceh', 'Ngurahrai', 0, 1),
(594, '6', 'Aceh', 'Ngurahrai', 0, 1),
(595, '6', 'Aceh', 'Nusa Dua', 0, 1),
(596, '6', 'Aceh', 'Nusa Dua', 0, 1),
(597, '6', 'Aceh', 'Nusa Dua', 0, 1),
(598, '6', 'Aceh', 'Nusa Dua', 0, 1),
(599, '6', 'Aceh', 'Nusa Dua', 0, 1),
(600, '6', 'Aceh', 'Nusa Dua', 0, 1),
(601, '6', 'Aceh', 'Nusa Dua', 0, 1),
(602, '6', 'Aceh', 'Nusa Dua', 0, 1),
(603, '6', 'Aceh', 'Nusa Dua', 0, 1),
(604, '6', 'Aceh', 'Nusa Dua', 0, 1),
(605, '6', 'Aceh', 'Nusa Dua', 0, 1),
(606, '6', 'Aceh', 'Nusa Dua', 0, 1),
(607, '6', 'Aceh', 'Nusa Dua', 0, 1),
(608, '6', 'Aceh', 'Nusa Dua', 0, 1),
(609, '6', 'Aceh', 'Nusa Dua', 0, 1),
(610, '6', 'Aceh', 'Nusa Dua', 0, 1),
(611, '6', 'Aceh', 'Nusa Dua', 0, 1),
(612, '6', 'Aceh', 'Nusa Dua', 0, 1),
(613, '6', 'Aceh', 'Nusa Dua', 0, 1),
(614, '6', 'Aceh', 'Nusa Dua', 0, 1),
(615, '6', 'Aceh', 'Nusa Dua', 0, 1),
(616, '6', 'Aceh', 'Nusa Dua', 0, 1),
(617, '6', 'Aceh', 'Nusa Dua', 0, 1),
(618, '6', 'Aceh', 'Nusa Dua', 0, 1),
(619, '6', 'Aceh', 'Nusa Dua', 0, 1),
(620, '6', 'Aceh', 'Sanur', 0, 1),
(621, '6', 'Aceh', 'Sanur', 0, 1),
(622, '6', 'Aceh', 'Sanur', 0, 1),
(623, '6', 'Aceh', 'Sanur', 0, 1),
(624, '6', 'Aceh', 'Sanur', 0, 1),
(625, '6', 'Aceh', 'Sanur', 0, 1),
(626, '6', 'Aceh', 'Sanur', 0, 1),
(627, '6', 'Aceh', 'Sanur', 0, 1),
(628, '6', 'Aceh', 'Sanur', 0, 1),
(629, '6', 'Aceh', 'Sanur', 0, 1),
(630, '6', 'Aceh', 'Sanur', 0, 1),
(631, '6', 'Aceh', 'Sanur', 0, 1),
(632, '6', 'Aceh', 'Sanur', 0, 1),
(633, '6', 'Aceh', 'Sanur', 0, 1),
(634, '6', 'Aceh', 'Sanur', 0, 1),
(635, '6', 'Aceh', 'Sanur', 0, 1),
(636, '6', 'Aceh', 'Sanur', 0, 1),
(637, '6', 'Aceh', 'Sanur', 0, 1),
(638, '6', 'Aceh', 'Sanur', 0, 1),
(639, '6', 'Aceh', 'Sanur', 0, 1),
(640, '6', 'Aceh', 'Sanur', 0, 1),
(641, '6', 'Aceh', 'Sanur', 0, 1),
(642, '6', 'Aceh', 'Sanur', 0, 1),
(643, '6', 'Aceh', 'Sanur', 0, 1),
(644, '6', 'Aceh', 'Sanur', 0, 1),
(645, '6', 'Aceh', 'Singaraja', 0, 1),
(646, '6', 'Aceh', 'Singaraja', 0, 1),
(647, '6', 'Aceh', 'Singaraja', 0, 1),
(648, '6', 'Aceh', 'Singaraja', 0, 1),
(649, '6', 'Aceh', 'Singaraja', 0, 1),
(650, '6', 'Aceh', 'Singaraja', 0, 1),
(651, '6', 'Aceh', 'Singaraja', 0, 1),
(652, '6', 'Aceh', 'Singaraja', 0, 1),
(653, '6', 'Aceh', 'Singaraja', 0, 1),
(654, '6', 'Aceh', 'Singaraja', 0, 1),
(655, '6', 'Aceh', 'Singaraja', 0, 1),
(656, '6', 'Aceh', 'Singaraja', 0, 1),
(657, '6', 'Aceh', 'Singaraja', 0, 1),
(658, '6', 'Aceh', 'Singaraja', 0, 1),
(659, '6', 'Aceh', 'Singaraja', 0, 1),
(660, '6', 'Aceh', 'Singaraja', 0, 1),
(661, '6', 'Aceh', 'Singaraja', 0, 1),
(662, '6', 'Aceh', 'Singaraja', 0, 1),
(663, '6', 'Aceh', 'Singaraja', 0, 1),
(664, '6', 'Aceh', 'Singaraja', 0, 1),
(665, '6', 'Aceh', 'Singaraja', 0, 1),
(666, '6', 'Aceh', 'Singaraja', 0, 1),
(667, '6', 'Aceh', 'Singaraja', 0, 1),
(668, '6', 'Aceh', 'Singaraja', 0, 1),
(669, '6', 'Aceh', 'Singaraja', 0, 1),
(670, '6', 'Aceh', 'Ubud', 0, 1),
(671, '6', 'Aceh', 'Ubud', 0, 1),
(672, '6', 'Aceh', 'Ubud', 0, 1),
(673, '6', 'Aceh', 'Ubud', 0, 1),
(674, '6', 'Aceh', 'Ubud', 0, 1),
(675, '6', 'Aceh', 'Ubud', 0, 1),
(676, '6', 'Aceh', 'Ubud', 0, 1),
(677, '6', 'Aceh', 'Ubud', 0, 1),
(678, '6', 'Aceh', 'Ubud', 0, 1),
(679, '6', 'Aceh', 'Ubud', 0, 1),
(680, '6', 'Aceh', 'Ubud', 0, 1),
(681, '6', 'Aceh', 'Ubud', 0, 1),
(682, '6', 'Aceh', 'Ubud', 0, 1),
(683, '6', 'Aceh', 'Ubud', 0, 1),
(684, '6', 'Aceh', 'Ubud', 0, 1),
(685, '6', 'Aceh', 'Ubud', 0, 1),
(686, '6', 'Aceh', 'Ubud', 0, 1),
(687, '6', 'Aceh', 'Ubud', 0, 1),
(688, '6', 'Aceh', 'Ubud', 0, 1),
(689, '6', 'Aceh', 'Ubud', 0, 1),
(690, '6', 'Aceh', 'Ubud', 0, 1),
(691, '6', 'Aceh', 'Ubud', 0, 1),
(692, '6', 'Aceh', 'Ubud', 0, 1),
(693, '6', 'Aceh', 'Ubud', 0, 1),
(694, '6', 'Aceh', 'Ubud', 0, 1),
(695, '6', 'Aceh', 'Balaraja', 0, 1),
(696, '6', 'Aceh', 'Balaraja', 0, 1),
(697, '6', 'Aceh', 'Balaraja', 0, 1),
(698, '6', 'Aceh', 'Balaraja', 0, 1),
(699, '6', 'Aceh', 'Balaraja', 0, 1),
(700, '6', 'Aceh', 'Balaraja', 0, 1),
(701, '6', 'Aceh', 'Balaraja', 0, 1),
(702, '6', 'Aceh', 'Balaraja', 0, 1),
(703, '6', 'Aceh', 'Balaraja', 0, 1),
(704, '6', 'Aceh', 'Balaraja', 0, 1),
(705, '6', 'Aceh', 'Balaraja', 0, 1),
(706, '6', 'Aceh', 'Balaraja', 0, 1),
(707, '6', 'Aceh', 'Balaraja', 0, 1),
(708, '6', 'Aceh', 'Balaraja', 0, 1),
(709, '6', 'Aceh', 'Balaraja', 0, 1),
(710, '6', 'Aceh', 'Balaraja', 0, 1),
(711, '6', 'Aceh', 'Balaraja', 0, 1),
(712, '6', 'Aceh', 'Balaraja', 0, 1),
(713, '6', 'Aceh', 'Balaraja', 0, 1),
(714, '6', 'Aceh', 'Balaraja', 0, 1),
(715, '6', 'Aceh', 'Balaraja', 0, 1),
(716, '6', 'Aceh', 'Balaraja', 0, 1),
(717, '6', 'Aceh', 'Balaraja', 0, 1),
(718, '6', 'Aceh', 'Balaraja', 0, 1),
(719, '6', 'Aceh', 'Balaraja', 0, 1),
(720, '6', 'Aceh', 'Bintaro', 0, 1),
(721, '6', 'Aceh', 'Bintaro', 0, 1),
(722, '6', 'Aceh', 'Bintaro', 0, 1),
(723, '6', 'Aceh', 'Bintaro', 0, 1),
(724, '6', 'Aceh', 'Bintaro', 0, 1),
(725, '6', 'Aceh', 'Bintaro', 0, 1),
(726, '6', 'Aceh', 'Bintaro', 0, 1),
(727, '6', 'Aceh', 'Bintaro', 0, 1),
(728, '6', 'Aceh', 'Bintaro', 0, 1),
(729, '6', 'Aceh', 'Bintaro', 0, 1),
(730, '6', 'Aceh', 'Bintaro', 0, 1),
(731, '6', 'Aceh', 'Bintaro', 0, 1),
(732, '6', 'Aceh', 'Bintaro', 0, 1),
(733, '6', 'Aceh', 'Bintaro', 0, 1),
(734, '6', 'Aceh', 'Bintaro', 0, 1),
(735, '6', 'Aceh', 'Bintaro', 0, 1),
(736, '6', 'Aceh', 'Bintaro', 0, 1),
(737, '6', 'Aceh', 'Bintaro', 0, 1),
(738, '6', 'Aceh', 'Bintaro', 0, 1),
(739, '6', 'Aceh', 'Bintaro', 0, 1),
(740, '6', 'Aceh', 'Bintaro', 0, 1),
(741, '6', 'Aceh', 'Bintaro', 0, 1),
(742, '6', 'Aceh', 'Bintaro', 0, 1),
(743, '6', 'Aceh', 'Bintaro', 0, 1),
(744, '6', 'Aceh', 'Bintaro', 0, 1),
(745, '6', 'Aceh', 'Cikupa', 0, 1),
(746, '6', 'Aceh', 'Cikupa', 0, 1),
(747, '6', 'Aceh', 'Cikupa', 0, 1),
(748, '6', 'Aceh', 'Cikupa', 0, 1),
(749, '6', 'Aceh', 'Cikupa', 0, 1),
(750, '6', 'Aceh', 'Cikupa', 0, 1),
(751, '6', 'Aceh', 'Cikupa', 0, 1),
(752, '6', 'Aceh', 'Cikupa', 0, 1),
(753, '6', 'Aceh', 'Cikupa', 0, 1),
(754, '6', 'Aceh', 'Cikupa', 0, 1),
(755, '6', 'Aceh', 'Cikupa', 0, 1),
(756, '6', 'Aceh', 'Cikupa', 0, 1),
(757, '6', 'Aceh', 'Cikupa', 0, 1),
(758, '6', 'Aceh', 'Cikupa', 0, 1),
(759, '6', 'Aceh', 'Cikupa', 0, 1),
(760, '6', 'Aceh', 'Cikupa', 0, 1),
(761, '6', 'Aceh', 'Cikupa', 0, 1),
(762, '6', 'Aceh', 'Cikupa', 0, 1),
(763, '6', 'Aceh', 'Cikupa', 0, 1),
(764, '6', 'Aceh', 'Cikupa', 0, 1),
(765, '6', 'Aceh', 'Cikupa', 0, 1),
(766, '6', 'Aceh', 'Cikupa', 0, 1),
(767, '6', 'Aceh', 'Cikupa', 0, 1),
(768, '6', 'Aceh', 'Cikupa', 0, 1),
(769, '6', 'Aceh', 'Cikupa', 0, 1),
(770, '6', 'Aceh', 'Cilegon', 0, 1),
(771, '6', 'Aceh', 'Cilegon', 0, 1),
(772, '6', 'Aceh', 'Cilegon', 0, 1),
(773, '6', 'Aceh', 'Cilegon', 0, 1),
(774, '6', 'Aceh', 'Cilegon', 0, 1),
(775, '6', 'Aceh', 'Cilegon', 0, 1),
(776, '6', 'Aceh', 'Cilegon', 0, 1),
(777, '6', 'Aceh', 'Cilegon', 0, 1),
(778, '6', 'Aceh', 'Cilegon', 0, 1),
(779, '6', 'Aceh', 'Cilegon', 0, 1),
(780, '6', 'Aceh', 'Cilegon', 0, 1),
(781, '6', 'Aceh', 'Cilegon', 0, 1),
(782, '6', 'Aceh', 'Cilegon', 0, 1),
(783, '6', 'Aceh', 'Cilegon', 0, 1),
(784, '6', 'Aceh', 'Cilegon', 0, 1),
(785, '6', 'Aceh', 'Cilegon', 0, 1),
(786, '6', 'Aceh', 'Cilegon', 0, 1),
(787, '6', 'Aceh', 'Cilegon', 0, 1),
(788, '6', 'Aceh', 'Cilegon', 0, 1),
(789, '6', 'Aceh', 'Cilegon', 0, 1),
(790, '6', 'Aceh', 'Cilegon', 0, 1),
(791, '6', 'Aceh', 'Cilegon', 0, 1),
(792, '6', 'Aceh', 'Cilegon', 0, 1),
(793, '6', 'Aceh', 'Cilegon', 0, 1),
(794, '6', 'Aceh', 'Cilegon', 0, 1),
(795, '6', 'Aceh', 'Cipondoh', 0, 1),
(796, '6', 'Aceh', 'Cipondoh', 0, 1),
(797, '6', 'Aceh', 'Cipondoh', 0, 1),
(798, '6', 'Aceh', 'Cipondoh', 0, 1),
(799, '6', 'Aceh', 'Cipondoh', 0, 1),
(800, '6', 'Aceh', 'Cipondoh', 0, 1),
(801, '6', 'Aceh', 'Cipondoh', 0, 1),
(802, '6', 'Aceh', 'Cipondoh', 0, 1),
(803, '6', 'Aceh', 'Cipondoh', 0, 1),
(804, '6', 'Aceh', 'Cipondoh', 0, 1),
(805, '6', 'Aceh', 'Cipondoh', 0, 1),
(806, '6', 'Aceh', 'Cipondoh', 0, 1),
(807, '6', 'Aceh', 'Cipondoh', 0, 1),
(808, '6', 'Aceh', 'Cipondoh', 0, 1),
(809, '6', 'Aceh', 'Cipondoh', 0, 1),
(810, '6', 'Aceh', 'Cipondoh', 0, 1),
(811, '6', 'Aceh', 'Cipondoh', 0, 1),
(812, '6', 'Aceh', 'Cipondoh', 0, 1),
(813, '6', 'Aceh', 'Cipondoh', 0, 1),
(814, '6', 'Aceh', 'Cipondoh', 0, 1),
(815, '6', 'Aceh', 'Cipondoh', 0, 1),
(816, '6', 'Aceh', 'Cipondoh', 0, 1),
(817, '6', 'Aceh', 'Cipondoh', 0, 1),
(818, '6', 'Aceh', 'Cipondoh', 0, 1),
(819, '6', 'Aceh', 'Cipondoh', 0, 1),
(820, '6', 'Aceh', 'Karawaci', 0, 1),
(821, '6', 'Aceh', 'Karawaci', 0, 1),
(822, '6', 'Aceh', 'Karawaci', 0, 1),
(823, '6', 'Aceh', 'Karawaci', 0, 1),
(824, '6', 'Aceh', 'Karawaci', 0, 1),
(825, '6', 'Aceh', 'Karawaci', 0, 1),
(826, '6', 'Aceh', 'Karawaci', 0, 1),
(827, '6', 'Aceh', 'Karawaci', 0, 1),
(828, '6', 'Aceh', 'Karawaci', 0, 1),
(829, '6', 'Aceh', 'Karawaci', 0, 1),
(830, '6', 'Aceh', 'Karawaci', 0, 1),
(831, '6', 'Aceh', 'Karawaci', 0, 1),
(832, '6', 'Aceh', 'Karawaci', 0, 1),
(833, '6', 'Aceh', 'Karawaci', 0, 1),
(834, '6', 'Aceh', 'Karawaci', 0, 1),
(835, '6', 'Aceh', 'Karawaci', 0, 1),
(836, '6', 'Aceh', 'Karawaci', 0, 1),
(837, '6', 'Aceh', 'Karawaci', 0, 1),
(838, '6', 'Aceh', 'Karawaci', 0, 1),
(839, '6', 'Aceh', 'Karawaci', 0, 1),
(840, '6', 'Aceh', 'Karawaci', 0, 1),
(841, '6', 'Aceh', 'Karawaci', 0, 1),
(842, '6', 'Aceh', 'Karawaci', 0, 1),
(843, '6', 'Aceh', 'Karawaci', 0, 1),
(844, '6', 'Aceh', 'Karawaci', 0, 1),
(845, '6', 'Aceh', 'Pamulang', 0, 1),
(846, '6', 'Aceh', 'Pamulang', 0, 1),
(847, '6', 'Aceh', 'Pamulang', 0, 1),
(848, '6', 'Aceh', 'Pamulang', 0, 1),
(849, '6', 'Aceh', 'Pamulang', 0, 1),
(850, '6', 'Aceh', 'Pamulang', 0, 1),
(851, '6', 'Aceh', 'Pamulang', 0, 1),
(852, '6', 'Aceh', 'Pamulang', 0, 1),
(853, '6', 'Aceh', 'Pamulang', 0, 1),
(854, '6', 'Aceh', 'Pamulang', 0, 1),
(855, '6', 'Aceh', 'Pamulang', 0, 1),
(856, '6', 'Aceh', 'Pamulang', 0, 1),
(857, '6', 'Aceh', 'Pamulang', 0, 1),
(858, '6', 'Aceh', 'Pamulang', 0, 1),
(859, '6', 'Aceh', 'Pamulang', 0, 1),
(860, '6', 'Aceh', 'Pamulang', 0, 1),
(861, '6', 'Aceh', 'Pamulang', 0, 1),
(862, '6', 'Aceh', 'Pamulang', 0, 1),
(863, '6', 'Aceh', 'Pamulang', 0, 1),
(864, '6', 'Aceh', 'Pamulang', 0, 1),
(865, '6', 'Aceh', 'Pamulang', 0, 1),
(866, '6', 'Aceh', 'Pamulang', 0, 1),
(867, '6', 'Aceh', 'Pamulang', 0, 1),
(868, '6', 'Aceh', 'Pamulang', 0, 1),
(869, '6', 'Aceh', 'Pamulang', 0, 1),
(870, '6', 'Aceh', 'Pandegelang', 0, 1),
(871, '6', 'Aceh', 'Pandegelang', 0, 1),
(872, '6', 'Aceh', 'Pandegelang', 0, 1),
(873, '6', 'Aceh', 'Pandegelang', 0, 1),
(874, '6', 'Aceh', 'Pandegelang', 0, 1),
(875, '6', 'Aceh', 'Pandegelang', 0, 1),
(876, '6', 'Aceh', 'Pandegelang', 0, 1),
(877, '6', 'Aceh', 'Pandegelang', 0, 1),
(878, '6', 'Aceh', 'Pandegelang', 0, 1),
(879, '6', 'Aceh', 'Pandegelang', 0, 1),
(880, '6', 'Aceh', 'Pandegelang', 0, 1),
(881, '6', 'Aceh', 'Pandegelang', 0, 1),
(882, '6', 'Aceh', 'Pandegelang', 0, 1),
(883, '6', 'Aceh', 'Pandegelang', 0, 1),
(884, '6', 'Aceh', 'Pandegelang', 0, 1),
(885, '6', 'Aceh', 'Pandegelang', 0, 1),
(886, '6', 'Aceh', 'Pandegelang', 0, 1),
(887, '6', 'Aceh', 'Pandegelang', 0, 1),
(888, '6', 'Aceh', 'Pandegelang', 0, 1),
(889, '6', 'Aceh', 'Pandegelang', 0, 1),
(890, '6', 'Aceh', 'Pandegelang', 0, 1),
(891, '6', 'Aceh', 'Pandegelang', 0, 1),
(892, '6', 'Aceh', 'Pandegelang', 0, 1),
(893, '6', 'Aceh', 'Pandegelang', 0, 1),
(894, '6', 'Aceh', 'Pandegelang', 0, 1),
(895, '6', 'Aceh', 'Panimbang', 0, 1),
(896, '6', 'Aceh', 'Panimbang', 0, 1),
(897, '6', 'Aceh', 'Panimbang', 0, 1),
(898, '6', 'Aceh', 'Panimbang', 0, 1),
(899, '6', 'Aceh', 'Panimbang', 0, 1),
(900, '6', 'Aceh', 'Panimbang', 0, 1),
(901, '6', 'Aceh', 'Panimbang', 0, 1),
(902, '6', 'Aceh', 'Panimbang', 0, 1),
(903, '6', 'Aceh', 'Panimbang', 0, 1),
(904, '6', 'Aceh', 'Panimbang', 0, 1),
(905, '6', 'Aceh', 'Panimbang', 0, 1),
(906, '6', 'Aceh', 'Panimbang', 0, 1),
(907, '6', 'Aceh', 'Panimbang', 0, 1),
(908, '6', 'Aceh', 'Panimbang', 0, 1),
(909, '6', 'Aceh', 'Panimbang', 0, 1),
(910, '6', 'Aceh', 'Panimbang', 0, 1),
(911, '6', 'Aceh', 'Panimbang', 0, 1),
(912, '6', 'Aceh', 'Panimbang', 0, 1),
(913, '6', 'Aceh', 'Panimbang', 0, 1),
(914, '6', 'Aceh', 'Panimbang', 0, 1),
(915, '6', 'Aceh', 'Panimbang', 0, 1),
(916, '6', 'Aceh', 'Panimbang', 0, 1),
(917, '6', 'Aceh', 'Panimbang', 0, 1),
(918, '6', 'Aceh', 'Panimbang', 0, 1),
(919, '6', 'Aceh', 'Panimbang', 0, 1),
(920, '6', 'Aceh', 'Rangkas Bitung', 0, 1),
(921, '6', 'Aceh', 'Rangkas Bitung', 0, 1),
(922, '6', 'Aceh', 'Rangkas Bitung', 0, 1),
(923, '6', 'Aceh', 'Rangkas Bitung', 0, 1),
(924, '6', 'Aceh', 'Rangkas Bitung', 0, 1),
(925, '6', 'Aceh', 'Rangkas Bitung', 0, 1),
(926, '6', 'Aceh', 'Rangkas Bitung', 0, 1),
(927, '6', 'Aceh', 'Rangkas Bitung', 0, 1),
(928, '6', 'Aceh', 'Rangkas Bitung', 0, 1),
(929, '6', 'Aceh', 'Rangkas Bitung', 0, 1),
(930, '6', 'Aceh', 'Rangkas Bitung', 0, 1),
(931, '6', 'Aceh', 'Rangkas Bitung', 0, 1),
(932, '6', 'Aceh', 'Rangkas Bitung', 0, 1),
(933, '6', 'Aceh', 'Rangkas Bitung', 0, 1),
(934, '6', 'Aceh', 'Rangkas Bitung', 0, 1),
(935, '6', 'Aceh', 'Rangkas Bitung', 0, 1),
(936, '6', 'Aceh', 'Rangkas Bitung', 0, 1),
(937, '6', 'Aceh', 'Rangkas Bitung', 0, 1),
(938, '6', 'Aceh', 'Rangkas Bitung', 0, 1),
(939, '6', 'Aceh', 'Rangkas Bitung', 0, 1),
(940, '6', 'Aceh', 'Rangkas Bitung', 0, 1),
(941, '6', 'Aceh', 'Rangkas Bitung', 0, 1),
(942, '6', 'Aceh', 'Rangkas Bitung', 0, 1),
(943, '6', 'Aceh', 'Rangkas Bitung', 0, 1),
(944, '6', 'Aceh', 'Rangkas Bitung', 0, 1),
(945, '6', 'Aceh', 'Serang', 0, 1),
(946, '6', 'Aceh', 'Serang', 0, 1),
(947, '6', 'Aceh', 'Serang', 0, 1),
(948, '6', 'Aceh', 'Serang', 0, 1),
(949, '6', 'Aceh', 'Serang', 0, 1),
(950, '6', 'Aceh', 'Serang', 0, 1),
(951, '6', 'Aceh', 'Serang', 0, 1),
(952, '6', 'Aceh', 'Serang', 0, 1),
(953, '6', 'Aceh', 'Serang', 0, 1),
(954, '6', 'Aceh', 'Serang', 0, 1),
(955, '6', 'Aceh', 'Serang', 0, 1),
(956, '6', 'Aceh', 'Serang', 0, 1),
(957, '6', 'Aceh', 'Serang', 0, 1),
(958, '6', 'Aceh', 'Serang', 0, 1),
(959, '6', 'Aceh', 'Serang', 0, 1),
(960, '6', 'Aceh', 'Serang', 0, 1),
(961, '6', 'Aceh', 'Serang', 0, 1),
(962, '6', 'Aceh', 'Serang', 0, 1),
(963, '6', 'Aceh', 'Serang', 0, 1),
(964, '6', 'Aceh', 'Serang', 0, 1),
(965, '6', 'Aceh', 'Serang', 0, 1),
(966, '6', 'Aceh', 'Serang', 0, 1),
(967, '6', 'Aceh', 'Serang', 0, 1),
(968, '6', 'Aceh', 'Serang', 0, 1),
(969, '6', 'Aceh', 'Serang', 0, 1),
(970, '6', 'Aceh', 'Serpong', 0, 1),
(971, '6', 'Aceh', 'Serpong', 0, 1),
(972, '6', 'Aceh', 'Serpong', 0, 1),
(973, '6', 'Aceh', 'Serpong', 0, 1),
(974, '6', 'Aceh', 'Serpong', 0, 1),
(975, '6', 'Aceh', 'Serpong', 0, 1),
(976, '6', 'Aceh', 'Serpong', 0, 1),
(977, '6', 'Aceh', 'Serpong', 0, 1),
(978, '6', 'Aceh', 'Serpong', 0, 1),
(979, '6', 'Aceh', 'Serpong', 0, 1),
(980, '6', 'Aceh', 'Serpong', 0, 1),
(981, '6', 'Aceh', 'Serpong', 0, 1),
(982, '6', 'Aceh', 'Serpong', 0, 1),
(983, '6', 'Aceh', 'Serpong', 0, 1),
(984, '6', 'Aceh', 'Serpong', 0, 1),
(985, '6', 'Aceh', 'Serpong', 0, 1),
(986, '6', 'Aceh', 'Serpong', 0, 1),
(987, '6', 'Aceh', 'Serpong', 0, 1),
(988, '6', 'Aceh', 'Serpong', 0, 1),
(989, '6', 'Aceh', 'Serpong', 0, 1),
(990, '6', 'Aceh', 'Serpong', 0, 1),
(991, '6', 'Aceh', 'Serpong', 0, 1),
(992, '6', 'Aceh', 'Serpong', 0, 1),
(993, '6', 'Aceh', 'Serpong', 0, 1),
(994, '6', 'Aceh', 'Serpong', 0, 1),
(995, '6', 'Aceh', 'Tangerang', 0, 1),
(996, '6', 'Aceh', 'Tangerang', 0, 1),
(997, '6', 'Aceh', 'Tangerang', 0, 1),
(998, '6', 'Aceh', 'Tangerang', 0, 1),
(999, '6', 'Aceh', 'Tangerang', 0, 1),
(1000, '6', 'Aceh', 'Tangerang', 0, 1),
(1001, '6', 'Aceh', 'Tangerang', 0, 1),
(1002, '6', 'Aceh', 'Tangerang', 0, 1),
(1003, '6', 'Aceh', 'Tangerang', 0, 1),
(1004, '6', 'Aceh', 'Tangerang', 0, 1),
(1005, '6', 'Aceh', 'Tangerang', 0, 1),
(1006, '6', 'Aceh', 'Tangerang', 0, 1),
(1007, '6', 'Aceh', 'Tangerang', 0, 1),
(1008, '6', 'Aceh', 'Tangerang', 0, 1),
(1009, '6', 'Aceh', 'Tangerang', 0, 1),
(1010, '6', 'Aceh', 'Tangerang', 0, 1),
(1011, '6', 'Aceh', 'Tangerang', 0, 1),
(1012, '6', 'Aceh', 'Tangerang', 0, 1),
(1013, '6', 'Aceh', 'Tangerang', 0, 1),
(1014, '6', 'Aceh', 'Tangerang', 0, 1),
(1015, '6', 'Aceh', 'Tangerang', 0, 1),
(1016, '6', 'Aceh', 'Tangerang', 0, 1),
(1017, '6', 'Aceh', 'Tangerang', 0, 1),
(1018, '6', 'Aceh', 'Tangerang', 0, 1),
(1019, '6', 'Aceh', 'Tangerang', 0, 1),
(1020, '6', 'Aceh', 'Tigaraksa', 0, 1),
(1021, '6', 'Aceh', 'Tigaraksa', 0, 1),
(1022, '6', 'Aceh', 'Tigaraksa', 0, 1),
(1023, '6', 'Aceh', 'Tigaraksa', 0, 1),
(1024, '6', 'Aceh', 'Tigaraksa', 0, 1),
(1025, '6', 'Aceh', 'Tigaraksa', 0, 1),
(1026, '6', 'Aceh', 'Tigaraksa', 0, 1),
(1027, '6', 'Aceh', 'Tigaraksa', 0, 1),
(1028, '6', 'Aceh', 'Tigaraksa', 0, 1),
(1029, '6', 'Aceh', 'Tigaraksa', 0, 1),
(1030, '6', 'Aceh', 'Tigaraksa', 0, 1),
(1031, '6', 'Aceh', 'Tigaraksa', 0, 1),
(1032, '6', 'Aceh', 'Tigaraksa', 0, 1),
(1033, '6', 'Aceh', 'Tigaraksa', 0, 1),
(1034, '6', 'Aceh', 'Tigaraksa', 0, 1),
(1035, '6', 'Aceh', 'Tigaraksa', 0, 1),
(1036, '6', 'Aceh', 'Tigaraksa', 0, 1),
(1037, '6', 'Aceh', 'Tigaraksa', 0, 1),
(1038, '6', 'Aceh', 'Tigaraksa', 0, 1),
(1039, '6', 'Aceh', 'Tigaraksa', 0, 1),
(1040, '6', 'Aceh', 'Tigaraksa', 0, 1),
(1041, '6', 'Aceh', 'Tigaraksa', 0, 1),
(1042, '6', 'Aceh', 'Tigaraksa', 0, 1),
(1043, '6', 'Aceh', 'Tigaraksa', 0, 1),
(1044, '6', 'Aceh', 'Tigaraksa', 0, 1),
(1045, '6', 'Bali', 'Banda Aceh', 0, 1),
(1046, '6', 'Bali', 'Banda Aceh', 0, 1),
(1047, '6', 'Bali', 'Banda Aceh', 0, 1),
(1048, '6', 'Bali', 'Banda Aceh', 0, 1),
(1049, '6', 'Bali', 'Banda Aceh', 0, 1),
(1050, '6', 'Bali', 'Banda Aceh', 0, 1),
(1051, '6', 'Bali', 'Banda Aceh', 0, 1),
(1052, '6', 'Bali', 'Banda Aceh', 0, 1),
(1053, '6', 'Bali', 'Banda Aceh', 0, 1),
(1054, '6', 'Bali', 'Banda Aceh', 0, 1),
(1055, '6', 'Bali', 'Banda Aceh', 0, 1),
(1056, '6', 'Bali', 'Banda Aceh', 0, 1),
(1057, '6', 'Bali', 'Banda Aceh', 0, 1),
(1058, '6', 'Bali', 'Banda Aceh', 0, 1),
(1059, '6', 'Bali', 'Banda Aceh', 0, 1),
(1060, '6', 'Bali', 'Banda Aceh', 0, 1),
(1061, '6', 'Bali', 'Banda Aceh', 0, 1),
(1062, '6', 'Bali', 'Banda Aceh', 0, 1),
(1063, '6', 'Bali', 'Banda Aceh', 0, 1),
(1064, '6', 'Bali', 'Banda Aceh', 0, 1),
(1065, '6', 'Bali', 'Banda Aceh', 0, 1),
(1066, '6', 'Bali', 'Banda Aceh', 0, 1),
(1067, '6', 'Bali', 'Banda Aceh', 0, 1),
(1068, '6', 'Bali', 'Banda Aceh', 0, 1),
(1069, '6', 'Bali', 'Banda Aceh', 0, 1),
(1070, '6', 'Bali', 'Lhokseumawe', 0, 1),
(1071, '6', 'Bali', 'Lhokseumawe', 0, 1),
(1072, '6', 'Bali', 'Lhokseumawe', 0, 1),
(1073, '6', 'Bali', 'Lhokseumawe', 0, 1),
(1074, '6', 'Bali', 'Lhokseumawe', 0, 1),
(1075, '6', 'Bali', 'Lhokseumawe', 0, 1),
(1076, '6', 'Bali', 'Lhokseumawe', 0, 1),
(1077, '6', 'Bali', 'Lhokseumawe', 0, 1),
(1078, '6', 'Bali', 'Lhokseumawe', 0, 1),
(1079, '6', 'Bali', 'Lhokseumawe', 0, 1),
(1080, '6', 'Bali', 'Lhokseumawe', 0, 1),
(1081, '6', 'Bali', 'Lhokseumawe', 0, 1),
(1082, '6', 'Bali', 'Lhokseumawe', 0, 1),
(1083, '6', 'Bali', 'Lhokseumawe', 0, 1),
(1084, '6', 'Bali', 'Lhokseumawe', 0, 1),
(1085, '6', 'Bali', 'Lhokseumawe', 0, 1),
(1086, '6', 'Bali', 'Lhokseumawe', 0, 1),
(1087, '6', 'Bali', 'Lhokseumawe', 0, 1),
(1088, '6', 'Bali', 'Lhokseumawe', 0, 1),
(1089, '6', 'Bali', 'Lhokseumawe', 0, 1),
(1090, '6', 'Bali', 'Lhokseumawe', 0, 1),
(1091, '6', 'Bali', 'Lhokseumawe', 0, 1),
(1092, '6', 'Bali', 'Lhokseumawe', 0, 1),
(1093, '6', 'Bali', 'Lhokseumawe', 0, 1),
(1094, '6', 'Bali', 'Lhokseumawe', 0, 1),
(1095, '6', 'Bali', 'Denpasar', 0, 1),
(1096, '6', 'Bali', 'Denpasar', 0, 1),
(1097, '6', 'Bali', 'Denpasar', 0, 1),
(1098, '6', 'Bali', 'Denpasar', 0, 1),
(1099, '6', 'Bali', 'Denpasar', 0, 1),
(1100, '6', 'Bali', 'Denpasar', 0, 1),
(1101, '6', 'Bali', 'Denpasar', 0, 1),
(1102, '6', 'Bali', 'Denpasar', 0, 1),
(1103, '6', 'Bali', 'Denpasar', 0, 1),
(1104, '6', 'Bali', 'Denpasar', 0, 1),
(1105, '6', 'Bali', 'Denpasar', 0, 1),
(1106, '6', 'Bali', 'Denpasar', 0, 1),
(1107, '6', 'Bali', 'Denpasar', 0, 1),
(1108, '6', 'Bali', 'Denpasar', 0, 1),
(1109, '6', 'Bali', 'Denpasar', 0, 1),
(1110, '6', 'Bali', 'Denpasar', 0, 1),
(1111, '6', 'Bali', 'Denpasar', 0, 1),
(1112, '6', 'Bali', 'Denpasar', 0, 1),
(1113, '6', 'Bali', 'Denpasar', 0, 1),
(1114, '6', 'Bali', 'Denpasar', 0, 1),
(1115, '6', 'Bali', 'Denpasar', 0, 1),
(1116, '6', 'Bali', 'Denpasar', 0, 1),
(1117, '6', 'Bali', 'Denpasar', 0, 1),
(1118, '6', 'Bali', 'Denpasar', 0, 1),
(1119, '6', 'Bali', 'Denpasar', 0, 1),
(1120, '6', 'Bali', 'Gianyar', 0, 1),
(1121, '6', 'Bali', 'Gianyar', 0, 1),
(1122, '6', 'Bali', 'Gianyar', 0, 1),
(1123, '6', 'Bali', 'Gianyar', 0, 1),
(1124, '6', 'Bali', 'Gianyar', 0, 1),
(1125, '6', 'Bali', 'Gianyar', 0, 1),
(1126, '6', 'Bali', 'Gianyar', 0, 1),
(1127, '6', 'Bali', 'Gianyar', 0, 1),
(1128, '6', 'Bali', 'Gianyar', 0, 1),
(1129, '6', 'Bali', 'Gianyar', 0, 1),
(1130, '6', 'Bali', 'Gianyar', 0, 1),
(1131, '6', 'Bali', 'Gianyar', 0, 1),
(1132, '6', 'Bali', 'Gianyar', 0, 1),
(1133, '6', 'Bali', 'Gianyar', 0, 1),
(1134, '6', 'Bali', 'Gianyar', 0, 1),
(1135, '6', 'Bali', 'Gianyar', 0, 1),
(1136, '6', 'Bali', 'Gianyar', 0, 1),
(1137, '6', 'Bali', 'Gianyar', 0, 1),
(1138, '6', 'Bali', 'Gianyar', 0, 1),
(1139, '6', 'Bali', 'Gianyar', 0, 1),
(1140, '6', 'Bali', 'Gianyar', 0, 1),
(1141, '6', 'Bali', 'Gianyar', 0, 1),
(1142, '6', 'Bali', 'Gianyar', 0, 1),
(1143, '6', 'Bali', 'Gianyar', 0, 1),
(1144, '6', 'Bali', 'Gianyar', 0, 1),
(1145, '6', 'Bali', 'Jimbaran', 0, 1),
(1146, '6', 'Bali', 'Jimbaran', 0, 1),
(1147, '6', 'Bali', 'Jimbaran', 0, 1),
(1148, '6', 'Bali', 'Jimbaran', 0, 1),
(1149, '6', 'Bali', 'Jimbaran', 0, 1),
(1150, '6', 'Bali', 'Jimbaran', 0, 1),
(1151, '6', 'Bali', 'Jimbaran', 0, 1),
(1152, '6', 'Bali', 'Jimbaran', 0, 1),
(1153, '6', 'Bali', 'Jimbaran', 0, 1),
(1154, '6', 'Bali', 'Jimbaran', 0, 1),
(1155, '6', 'Bali', 'Jimbaran', 0, 1),
(1156, '6', 'Bali', 'Jimbaran', 0, 1),
(1157, '6', 'Bali', 'Jimbaran', 0, 1),
(1158, '6', 'Bali', 'Jimbaran', 0, 1),
(1159, '6', 'Bali', 'Jimbaran', 0, 1),
(1160, '6', 'Bali', 'Jimbaran', 0, 1),
(1161, '6', 'Bali', 'Jimbaran', 0, 1),
(1162, '6', 'Bali', 'Jimbaran', 0, 1),
(1163, '6', 'Bali', 'Jimbaran', 0, 1),
(1164, '6', 'Bali', 'Jimbaran', 0, 1),
(1165, '6', 'Bali', 'Jimbaran', 0, 1),
(1166, '6', 'Bali', 'Jimbaran', 0, 1),
(1167, '6', 'Bali', 'Jimbaran', 0, 1),
(1168, '6', 'Bali', 'Jimbaran', 0, 1),
(1169, '6', 'Bali', 'Jimbaran', 0, 1),
(1170, '6', 'Bali', 'Kuta', 0, 1),
(1171, '6', 'Bali', 'Kuta', 0, 1),
(1172, '6', 'Bali', 'Kuta', 0, 1),
(1173, '6', 'Bali', 'Kuta', 0, 1),
(1174, '6', 'Bali', 'Kuta', 0, 1),
(1175, '6', 'Bali', 'Kuta', 0, 1),
(1176, '6', 'Bali', 'Kuta', 0, 1),
(1177, '6', 'Bali', 'Kuta', 0, 1),
(1178, '6', 'Bali', 'Kuta', 0, 1),
(1179, '6', 'Bali', 'Kuta', 0, 1),
(1180, '6', 'Bali', 'Kuta', 0, 1),
(1181, '6', 'Bali', 'Kuta', 0, 1),
(1182, '6', 'Bali', 'Kuta', 0, 1),
(1183, '6', 'Bali', 'Kuta', 0, 1),
(1184, '6', 'Bali', 'Kuta', 0, 1),
(1185, '6', 'Bali', 'Kuta', 0, 1),
(1186, '6', 'Bali', 'Kuta', 0, 1),
(1187, '6', 'Bali', 'Kuta', 0, 1),
(1188, '6', 'Bali', 'Kuta', 0, 1),
(1189, '6', 'Bali', 'Kuta', 0, 1),
(1190, '6', 'Bali', 'Kuta', 0, 1),
(1191, '6', 'Bali', 'Kuta', 0, 1),
(1192, '6', 'Bali', 'Kuta', 0, 1),
(1193, '6', 'Bali', 'Kuta', 0, 1),
(1194, '6', 'Bali', 'Kuta', 0, 1),
(1195, '6', 'Bali', 'Ngurahrai', 0, 1),
(1196, '6', 'Bali', 'Ngurahrai', 0, 1),
(1197, '6', 'Bali', 'Ngurahrai', 0, 1),
(1198, '6', 'Bali', 'Ngurahrai', 0, 1),
(1199, '6', 'Bali', 'Ngurahrai', 0, 1),
(1200, '6', 'Bali', 'Ngurahrai', 0, 1),
(1201, '6', 'Bali', 'Ngurahrai', 0, 1),
(1202, '6', 'Bali', 'Ngurahrai', 0, 1),
(1203, '6', 'Bali', 'Ngurahrai', 0, 1),
(1204, '6', 'Bali', 'Ngurahrai', 0, 1),
(1205, '6', 'Bali', 'Ngurahrai', 0, 1),
(1206, '6', 'Bali', 'Ngurahrai', 0, 1),
(1207, '6', 'Bali', 'Ngurahrai', 0, 1),
(1208, '6', 'Bali', 'Ngurahrai', 0, 1),
(1209, '6', 'Bali', 'Ngurahrai', 0, 1),
(1210, '6', 'Bali', 'Ngurahrai', 0, 1),
(1211, '6', 'Bali', 'Ngurahrai', 0, 1),
(1212, '6', 'Bali', 'Ngurahrai', 0, 1),
(1213, '6', 'Bali', 'Ngurahrai', 0, 1),
(1214, '6', 'Bali', 'Ngurahrai', 0, 1),
(1215, '6', 'Bali', 'Ngurahrai', 0, 1),
(1216, '6', 'Bali', 'Ngurahrai', 0, 1),
(1217, '6', 'Bali', 'Ngurahrai', 0, 1),
(1218, '6', 'Bali', 'Ngurahrai', 0, 1),
(1219, '6', 'Bali', 'Ngurahrai', 0, 1),
(1220, '6', 'Bali', 'Nusa Dua', 0, 1),
(1221, '6', 'Bali', 'Nusa Dua', 0, 1),
(1222, '6', 'Bali', 'Nusa Dua', 0, 1),
(1223, '6', 'Bali', 'Nusa Dua', 0, 1),
(1224, '6', 'Bali', 'Nusa Dua', 0, 1),
(1225, '6', 'Bali', 'Nusa Dua', 0, 1),
(1226, '6', 'Bali', 'Nusa Dua', 0, 1),
(1227, '6', 'Bali', 'Nusa Dua', 0, 1),
(1228, '6', 'Bali', 'Nusa Dua', 0, 1),
(1229, '6', 'Bali', 'Nusa Dua', 0, 1),
(1230, '6', 'Bali', 'Nusa Dua', 0, 1),
(1231, '6', 'Bali', 'Nusa Dua', 0, 1),
(1232, '6', 'Bali', 'Nusa Dua', 0, 1),
(1233, '6', 'Bali', 'Nusa Dua', 0, 1),
(1234, '6', 'Bali', 'Nusa Dua', 0, 1),
(1235, '6', 'Bali', 'Nusa Dua', 0, 1),
(1236, '6', 'Bali', 'Nusa Dua', 0, 1),
(1237, '6', 'Bali', 'Nusa Dua', 0, 1),
(1238, '6', 'Bali', 'Nusa Dua', 0, 1),
(1239, '6', 'Bali', 'Nusa Dua', 0, 1),
(1240, '6', 'Bali', 'Nusa Dua', 0, 1),
(1241, '6', 'Bali', 'Nusa Dua', 0, 1),
(1242, '6', 'Bali', 'Nusa Dua', 0, 1),
(1243, '6', 'Bali', 'Nusa Dua', 0, 1),
(1244, '6', 'Bali', 'Nusa Dua', 0, 1),
(1245, '6', 'Bali', 'Sanur', 0, 1),
(1246, '6', 'Bali', 'Sanur', 0, 1),
(1247, '6', 'Bali', 'Sanur', 0, 1),
(1248, '6', 'Bali', 'Sanur', 0, 1),
(1249, '6', 'Bali', 'Sanur', 0, 1),
(1250, '6', 'Bali', 'Sanur', 0, 1),
(1251, '6', 'Bali', 'Sanur', 0, 1),
(1252, '6', 'Bali', 'Sanur', 0, 1),
(1253, '6', 'Bali', 'Sanur', 0, 1),
(1254, '6', 'Bali', 'Sanur', 0, 1),
(1255, '6', 'Bali', 'Sanur', 0, 1),
(1256, '6', 'Bali', 'Sanur', 0, 1),
(1257, '6', 'Bali', 'Sanur', 0, 1),
(1258, '6', 'Bali', 'Sanur', 0, 1),
(1259, '6', 'Bali', 'Sanur', 0, 1),
(1260, '6', 'Bali', 'Sanur', 0, 1),
(1261, '6', 'Bali', 'Sanur', 0, 1),
(1262, '6', 'Bali', 'Sanur', 0, 1),
(1263, '6', 'Bali', 'Sanur', 0, 1),
(1264, '6', 'Bali', 'Sanur', 0, 1),
(1265, '6', 'Bali', 'Sanur', 0, 1),
(1266, '6', 'Bali', 'Sanur', 0, 1),
(1267, '6', 'Bali', 'Sanur', 0, 1),
(1268, '6', 'Bali', 'Sanur', 0, 1),
(1269, '6', 'Bali', 'Sanur', 0, 1),
(1270, '6', 'Bali', 'Singaraja', 0, 1),
(1271, '6', 'Bali', 'Singaraja', 0, 1),
(1272, '6', 'Bali', 'Singaraja', 0, 1),
(1273, '6', 'Bali', 'Singaraja', 0, 1),
(1274, '6', 'Bali', 'Singaraja', 0, 1),
(1275, '6', 'Bali', 'Singaraja', 0, 1),
(1276, '6', 'Bali', 'Singaraja', 0, 1),
(1277, '6', 'Bali', 'Singaraja', 0, 1),
(1278, '6', 'Bali', 'Singaraja', 0, 1),
(1279, '6', 'Bali', 'Singaraja', 0, 1),
(1280, '6', 'Bali', 'Singaraja', 0, 1),
(1281, '6', 'Bali', 'Singaraja', 0, 1),
(1282, '6', 'Bali', 'Singaraja', 0, 1),
(1283, '6', 'Bali', 'Singaraja', 0, 1),
(1284, '6', 'Bali', 'Singaraja', 0, 1),
(1285, '6', 'Bali', 'Singaraja', 0, 1),
(1286, '6', 'Bali', 'Singaraja', 0, 1),
(1287, '6', 'Bali', 'Singaraja', 0, 1),
(1288, '6', 'Bali', 'Singaraja', 0, 1),
(1289, '6', 'Bali', 'Singaraja', 0, 1),
(1290, '6', 'Bali', 'Singaraja', 0, 1),
(1291, '6', 'Bali', 'Singaraja', 0, 1),
(1292, '6', 'Bali', 'Singaraja', 0, 1),
(1293, '6', 'Bali', 'Singaraja', 0, 1),
(1294, '6', 'Bali', 'Singaraja', 0, 1),
(1295, '6', 'Bali', 'Ubud', 0, 1),
(1296, '6', 'Bali', 'Ubud', 0, 1),
(1297, '6', 'Bali', 'Ubud', 0, 1),
(1298, '6', 'Bali', 'Ubud', 0, 1),
(1299, '6', 'Bali', 'Ubud', 0, 1),
(1300, '6', 'Bali', 'Ubud', 0, 1),
(1301, '6', 'Bali', 'Ubud', 0, 1),
(1302, '6', 'Bali', 'Ubud', 0, 1),
(1303, '6', 'Bali', 'Ubud', 0, 1),
(1304, '6', 'Bali', 'Ubud', 0, 1),
(1305, '6', 'Bali', 'Ubud', 0, 1),
(1306, '6', 'Bali', 'Ubud', 0, 1),
(1307, '6', 'Bali', 'Ubud', 0, 1),
(1308, '6', 'Bali', 'Ubud', 0, 1),
(1309, '6', 'Bali', 'Ubud', 0, 1),
(1310, '6', 'Bali', 'Ubud', 0, 1),
(1311, '6', 'Bali', 'Ubud', 0, 1),
(1312, '6', 'Bali', 'Ubud', 0, 1),
(1313, '6', 'Bali', 'Ubud', 0, 1),
(1314, '6', 'Bali', 'Ubud', 0, 1),
(1315, '6', 'Bali', 'Ubud', 0, 1),
(1316, '6', 'Bali', 'Ubud', 0, 1),
(1317, '6', 'Bali', 'Ubud', 0, 1),
(1318, '6', 'Bali', 'Ubud', 0, 1),
(1319, '6', 'Bali', 'Ubud', 0, 1),
(1320, '6', 'Bali', 'Balaraja', 0, 1),
(1321, '6', 'Bali', 'Balaraja', 0, 1),
(1322, '6', 'Bali', 'Balaraja', 0, 1),
(1323, '6', 'Bali', 'Balaraja', 0, 1),
(1324, '6', 'Bali', 'Balaraja', 0, 1),
(1325, '6', 'Bali', 'Balaraja', 0, 1),
(1326, '6', 'Bali', 'Balaraja', 0, 1),
(1327, '6', 'Bali', 'Balaraja', 0, 1),
(1328, '6', 'Bali', 'Balaraja', 0, 1),
(1329, '6', 'Bali', 'Balaraja', 0, 1),
(1330, '6', 'Bali', 'Balaraja', 0, 1);
INSERT INTO `tbl_courier_rate` (`courier_rate_id`, `courier_name`, `courier_province`, `courier_city`, `courier_rate`, `courier_weight`) VALUES
(1331, '6', 'Bali', 'Balaraja', 0, 1),
(1332, '6', 'Bali', 'Balaraja', 0, 1),
(1333, '6', 'Bali', 'Balaraja', 0, 1),
(1334, '6', 'Bali', 'Balaraja', 0, 1),
(1335, '6', 'Bali', 'Balaraja', 0, 1),
(1336, '6', 'Bali', 'Balaraja', 0, 1),
(1337, '6', 'Bali', 'Balaraja', 0, 1),
(1338, '6', 'Bali', 'Balaraja', 0, 1),
(1339, '6', 'Bali', 'Balaraja', 0, 1),
(1340, '6', 'Bali', 'Balaraja', 0, 1),
(1341, '6', 'Bali', 'Balaraja', 0, 1),
(1342, '6', 'Bali', 'Balaraja', 0, 1),
(1343, '6', 'Bali', 'Balaraja', 0, 1),
(1344, '6', 'Bali', 'Balaraja', 0, 1),
(1345, '6', 'Bali', 'Bintaro', 0, 1),
(1346, '6', 'Bali', 'Bintaro', 0, 1),
(1347, '6', 'Bali', 'Bintaro', 0, 1),
(1348, '6', 'Bali', 'Bintaro', 0, 1),
(1349, '6', 'Bali', 'Bintaro', 0, 1),
(1350, '6', 'Bali', 'Bintaro', 0, 1),
(1351, '6', 'Bali', 'Bintaro', 0, 1),
(1352, '6', 'Bali', 'Bintaro', 0, 1),
(1353, '6', 'Bali', 'Bintaro', 0, 1),
(1354, '6', 'Bali', 'Bintaro', 0, 1),
(1355, '6', 'Bali', 'Bintaro', 0, 1),
(1356, '6', 'Bali', 'Bintaro', 0, 1),
(1357, '6', 'Bali', 'Bintaro', 0, 1),
(1358, '6', 'Bali', 'Bintaro', 0, 1),
(1359, '6', 'Bali', 'Bintaro', 0, 1),
(1360, '6', 'Bali', 'Bintaro', 0, 1),
(1361, '6', 'Bali', 'Bintaro', 0, 1),
(1362, '6', 'Bali', 'Bintaro', 0, 1),
(1363, '6', 'Bali', 'Bintaro', 0, 1),
(1364, '6', 'Bali', 'Bintaro', 0, 1),
(1365, '6', 'Bali', 'Bintaro', 0, 1),
(1366, '6', 'Bali', 'Bintaro', 0, 1),
(1367, '6', 'Bali', 'Bintaro', 0, 1),
(1368, '6', 'Bali', 'Bintaro', 0, 1),
(1369, '6', 'Bali', 'Bintaro', 0, 1),
(1370, '6', 'Bali', 'Cikupa', 0, 1),
(1371, '6', 'Bali', 'Cikupa', 0, 1),
(1372, '6', 'Bali', 'Cikupa', 0, 1),
(1373, '6', 'Bali', 'Cikupa', 0, 1),
(1374, '6', 'Bali', 'Cikupa', 0, 1),
(1375, '6', 'Bali', 'Cikupa', 0, 1),
(1376, '6', 'Bali', 'Cikupa', 0, 1),
(1377, '6', 'Bali', 'Cikupa', 0, 1),
(1378, '6', 'Bali', 'Cikupa', 0, 1),
(1379, '6', 'Bali', 'Cikupa', 0, 1),
(1380, '6', 'Bali', 'Cikupa', 0, 1),
(1381, '6', 'Bali', 'Cikupa', 0, 1),
(1382, '6', 'Bali', 'Cikupa', 0, 1),
(1383, '6', 'Bali', 'Cikupa', 0, 1),
(1384, '6', 'Bali', 'Cikupa', 0, 1),
(1385, '6', 'Bali', 'Cikupa', 0, 1),
(1386, '6', 'Bali', 'Cikupa', 0, 1),
(1387, '6', 'Bali', 'Cikupa', 0, 1),
(1388, '6', 'Bali', 'Cikupa', 0, 1),
(1389, '6', 'Bali', 'Cikupa', 0, 1),
(1390, '6', 'Bali', 'Cikupa', 0, 1),
(1391, '6', 'Bali', 'Cikupa', 0, 1),
(1392, '6', 'Bali', 'Cikupa', 0, 1),
(1393, '6', 'Bali', 'Cikupa', 0, 1),
(1394, '6', 'Bali', 'Cikupa', 0, 1),
(1395, '6', 'Bali', 'Cilegon', 0, 1),
(1396, '6', 'Bali', 'Cilegon', 0, 1),
(1397, '6', 'Bali', 'Cilegon', 0, 1),
(1398, '6', 'Bali', 'Cilegon', 0, 1),
(1399, '6', 'Bali', 'Cilegon', 0, 1),
(1400, '6', 'Bali', 'Cilegon', 0, 1),
(1401, '6', 'Bali', 'Cilegon', 0, 1),
(1402, '6', 'Bali', 'Cilegon', 0, 1),
(1403, '6', 'Bali', 'Cilegon', 0, 1),
(1404, '6', 'Bali', 'Cilegon', 0, 1),
(1405, '6', 'Bali', 'Cilegon', 0, 1),
(1406, '6', 'Bali', 'Cilegon', 0, 1),
(1407, '6', 'Bali', 'Cilegon', 0, 1),
(1408, '6', 'Bali', 'Cilegon', 0, 1),
(1409, '6', 'Bali', 'Cilegon', 0, 1),
(1410, '6', 'Bali', 'Cilegon', 0, 1),
(1411, '6', 'Bali', 'Cilegon', 0, 1),
(1412, '6', 'Bali', 'Cilegon', 0, 1),
(1413, '6', 'Bali', 'Cilegon', 0, 1),
(1414, '6', 'Bali', 'Cilegon', 0, 1),
(1415, '6', 'Bali', 'Cilegon', 0, 1),
(1416, '6', 'Bali', 'Cilegon', 0, 1),
(1417, '6', 'Bali', 'Cilegon', 0, 1),
(1418, '6', 'Bali', 'Cilegon', 0, 1),
(1419, '6', 'Bali', 'Cilegon', 0, 1),
(1420, '6', 'Bali', 'Cipondoh', 0, 1),
(1421, '6', 'Bali', 'Cipondoh', 0, 1),
(1422, '6', 'Bali', 'Cipondoh', 0, 1),
(1423, '6', 'Bali', 'Cipondoh', 0, 1),
(1424, '6', 'Bali', 'Cipondoh', 0, 1),
(1425, '6', 'Bali', 'Cipondoh', 0, 1),
(1426, '6', 'Bali', 'Cipondoh', 0, 1),
(1427, '6', 'Bali', 'Cipondoh', 0, 1),
(1428, '6', 'Bali', 'Cipondoh', 0, 1),
(1429, '6', 'Bali', 'Cipondoh', 0, 1),
(1430, '6', 'Bali', 'Cipondoh', 0, 1),
(1431, '6', 'Bali', 'Cipondoh', 0, 1),
(1432, '6', 'Bali', 'Cipondoh', 0, 1),
(1433, '6', 'Bali', 'Cipondoh', 0, 1),
(1434, '6', 'Bali', 'Cipondoh', 0, 1),
(1435, '6', 'Bali', 'Cipondoh', 0, 1),
(1436, '6', 'Bali', 'Cipondoh', 0, 1),
(1437, '6', 'Bali', 'Cipondoh', 0, 1),
(1438, '6', 'Bali', 'Cipondoh', 0, 1),
(1439, '6', 'Bali', 'Cipondoh', 0, 1),
(1440, '6', 'Bali', 'Cipondoh', 0, 1),
(1441, '6', 'Bali', 'Cipondoh', 0, 1),
(1442, '6', 'Bali', 'Cipondoh', 0, 1),
(1443, '6', 'Bali', 'Cipondoh', 0, 1),
(1444, '6', 'Bali', 'Cipondoh', 0, 1),
(1445, '6', 'Bali', 'Karawaci', 0, 1),
(1446, '6', 'Bali', 'Karawaci', 0, 1),
(1447, '6', 'Bali', 'Karawaci', 0, 1),
(1448, '6', 'Bali', 'Karawaci', 0, 1),
(1449, '6', 'Bali', 'Karawaci', 0, 1),
(1450, '6', 'Bali', 'Karawaci', 0, 1),
(1451, '6', 'Bali', 'Karawaci', 0, 1),
(1452, '6', 'Bali', 'Karawaci', 0, 1),
(1453, '6', 'Bali', 'Karawaci', 0, 1),
(1454, '6', 'Bali', 'Karawaci', 0, 1),
(1455, '6', 'Bali', 'Karawaci', 0, 1),
(1456, '6', 'Bali', 'Karawaci', 0, 1),
(1457, '6', 'Bali', 'Karawaci', 0, 1),
(1458, '6', 'Bali', 'Karawaci', 0, 1),
(1459, '6', 'Bali', 'Karawaci', 0, 1),
(1460, '6', 'Bali', 'Karawaci', 0, 1),
(1461, '6', 'Bali', 'Karawaci', 0, 1),
(1462, '6', 'Bali', 'Karawaci', 0, 1),
(1463, '6', 'Bali', 'Karawaci', 0, 1),
(1464, '6', 'Bali', 'Karawaci', 0, 1),
(1465, '6', 'Bali', 'Karawaci', 0, 1),
(1466, '6', 'Bali', 'Karawaci', 0, 1),
(1467, '6', 'Bali', 'Karawaci', 0, 1),
(1468, '6', 'Bali', 'Karawaci', 0, 1),
(1469, '6', 'Bali', 'Karawaci', 0, 1),
(1470, '6', 'Bali', 'Pamulang', 0, 1),
(1471, '6', 'Bali', 'Pamulang', 0, 1),
(1472, '6', 'Bali', 'Pamulang', 0, 1),
(1473, '6', 'Bali', 'Pamulang', 0, 1),
(1474, '6', 'Bali', 'Pamulang', 0, 1),
(1475, '6', 'Bali', 'Pamulang', 0, 1),
(1476, '6', 'Bali', 'Pamulang', 0, 1),
(1477, '6', 'Bali', 'Pamulang', 0, 1),
(1478, '6', 'Bali', 'Pamulang', 0, 1),
(1479, '6', 'Bali', 'Pamulang', 0, 1),
(1480, '6', 'Bali', 'Pamulang', 0, 1),
(1481, '6', 'Bali', 'Pamulang', 0, 1),
(1482, '6', 'Bali', 'Pamulang', 0, 1),
(1483, '6', 'Bali', 'Pamulang', 0, 1),
(1484, '6', 'Bali', 'Pamulang', 0, 1),
(1485, '6', 'Bali', 'Pamulang', 0, 1),
(1486, '6', 'Bali', 'Pamulang', 0, 1),
(1487, '6', 'Bali', 'Pamulang', 0, 1),
(1488, '6', 'Bali', 'Pamulang', 0, 1),
(1489, '6', 'Bali', 'Pamulang', 0, 1),
(1490, '6', 'Bali', 'Pamulang', 0, 1),
(1491, '6', 'Bali', 'Pamulang', 0, 1),
(1492, '6', 'Bali', 'Pamulang', 0, 1),
(1493, '6', 'Bali', 'Pamulang', 0, 1),
(1494, '6', 'Bali', 'Pamulang', 0, 1),
(1495, '6', 'Bali', 'Pandegelang', 0, 1),
(1496, '6', 'Bali', 'Pandegelang', 0, 1),
(1497, '6', 'Bali', 'Pandegelang', 0, 1),
(1498, '6', 'Bali', 'Pandegelang', 0, 1),
(1499, '6', 'Bali', 'Pandegelang', 0, 1),
(1500, '6', 'Bali', 'Pandegelang', 0, 1),
(1501, '6', 'Bali', 'Pandegelang', 0, 1),
(1502, '6', 'Bali', 'Pandegelang', 0, 1),
(1503, '6', 'Bali', 'Pandegelang', 0, 1),
(1504, '6', 'Bali', 'Pandegelang', 0, 1),
(1505, '6', 'Bali', 'Pandegelang', 0, 1),
(1506, '6', 'Bali', 'Pandegelang', 0, 1),
(1507, '6', 'Bali', 'Pandegelang', 0, 1),
(1508, '6', 'Bali', 'Pandegelang', 0, 1),
(1509, '6', 'Bali', 'Pandegelang', 0, 1),
(1510, '6', 'Bali', 'Pandegelang', 0, 1),
(1511, '6', 'Bali', 'Pandegelang', 0, 1),
(1512, '6', 'Bali', 'Pandegelang', 0, 1),
(1513, '6', 'Bali', 'Pandegelang', 0, 1),
(1514, '6', 'Bali', 'Pandegelang', 0, 1),
(1515, '6', 'Bali', 'Pandegelang', 0, 1),
(1516, '6', 'Bali', 'Pandegelang', 0, 1),
(1517, '6', 'Bali', 'Pandegelang', 0, 1),
(1518, '6', 'Bali', 'Pandegelang', 0, 1),
(1519, '6', 'Bali', 'Pandegelang', 0, 1),
(1520, '6', 'Bali', 'Panimbang', 0, 1),
(1521, '6', 'Bali', 'Panimbang', 0, 1),
(1522, '6', 'Bali', 'Panimbang', 0, 1),
(1523, '6', 'Bali', 'Panimbang', 0, 1),
(1524, '6', 'Bali', 'Panimbang', 0, 1),
(1525, '6', 'Bali', 'Panimbang', 0, 1),
(1526, '6', 'Bali', 'Panimbang', 0, 1),
(1527, '6', 'Bali', 'Panimbang', 0, 1),
(1528, '6', 'Bali', 'Panimbang', 0, 1),
(1529, '6', 'Bali', 'Panimbang', 0, 1),
(1530, '6', 'Bali', 'Panimbang', 0, 1),
(1531, '6', 'Bali', 'Panimbang', 0, 1),
(1532, '6', 'Bali', 'Panimbang', 0, 1),
(1533, '6', 'Bali', 'Panimbang', 0, 1),
(1534, '6', 'Bali', 'Panimbang', 0, 1),
(1535, '6', 'Bali', 'Panimbang', 0, 1),
(1536, '6', 'Bali', 'Panimbang', 0, 1),
(1537, '6', 'Bali', 'Panimbang', 0, 1),
(1538, '6', 'Bali', 'Panimbang', 0, 1),
(1539, '6', 'Bali', 'Panimbang', 0, 1),
(1540, '6', 'Bali', 'Panimbang', 0, 1),
(1541, '6', 'Bali', 'Panimbang', 0, 1),
(1542, '6', 'Bali', 'Panimbang', 0, 1),
(1543, '6', 'Bali', 'Panimbang', 0, 1),
(1544, '6', 'Bali', 'Panimbang', 0, 1),
(1545, '6', 'Bali', 'Rangkas Bitung', 0, 1),
(1546, '6', 'Bali', 'Rangkas Bitung', 0, 1),
(1547, '6', 'Bali', 'Rangkas Bitung', 0, 1),
(1548, '6', 'Bali', 'Rangkas Bitung', 0, 1),
(1549, '6', 'Bali', 'Rangkas Bitung', 0, 1),
(1550, '6', 'Bali', 'Rangkas Bitung', 0, 1),
(1551, '6', 'Bali', 'Rangkas Bitung', 0, 1),
(1552, '6', 'Bali', 'Rangkas Bitung', 0, 1),
(1553, '6', 'Bali', 'Rangkas Bitung', 0, 1),
(1554, '6', 'Bali', 'Rangkas Bitung', 0, 1),
(1555, '6', 'Bali', 'Rangkas Bitung', 0, 1),
(1556, '6', 'Bali', 'Rangkas Bitung', 0, 1),
(1557, '6', 'Bali', 'Rangkas Bitung', 0, 1),
(1558, '6', 'Bali', 'Rangkas Bitung', 0, 1),
(1559, '6', 'Bali', 'Rangkas Bitung', 0, 1),
(1560, '6', 'Bali', 'Rangkas Bitung', 0, 1),
(1561, '6', 'Bali', 'Rangkas Bitung', 0, 1),
(1562, '6', 'Bali', 'Rangkas Bitung', 0, 1),
(1563, '6', 'Bali', 'Rangkas Bitung', 0, 1),
(1564, '6', 'Bali', 'Rangkas Bitung', 0, 1),
(1565, '6', 'Bali', 'Rangkas Bitung', 0, 1),
(1566, '6', 'Bali', 'Rangkas Bitung', 0, 1),
(1567, '6', 'Bali', 'Rangkas Bitung', 0, 1),
(1568, '6', 'Bali', 'Rangkas Bitung', 0, 1),
(1569, '6', 'Bali', 'Rangkas Bitung', 0, 1),
(1570, '6', 'Bali', 'Serang', 0, 1),
(1571, '6', 'Bali', 'Serang', 0, 1),
(1572, '6', 'Bali', 'Serang', 0, 1),
(1573, '6', 'Bali', 'Serang', 0, 1),
(1574, '6', 'Bali', 'Serang', 0, 1),
(1575, '6', 'Bali', 'Serang', 0, 1),
(1576, '6', 'Bali', 'Serang', 0, 1),
(1577, '6', 'Bali', 'Serang', 0, 1),
(1578, '6', 'Bali', 'Serang', 0, 1),
(1579, '6', 'Bali', 'Serang', 0, 1),
(1580, '6', 'Bali', 'Serang', 0, 1),
(1581, '6', 'Bali', 'Serang', 0, 1),
(1582, '6', 'Bali', 'Serang', 0, 1),
(1583, '6', 'Bali', 'Serang', 0, 1),
(1584, '6', 'Bali', 'Serang', 0, 1),
(1585, '6', 'Bali', 'Serang', 0, 1),
(1586, '6', 'Bali', 'Serang', 0, 1),
(1587, '6', 'Bali', 'Serang', 0, 1),
(1588, '6', 'Bali', 'Serang', 0, 1),
(1589, '6', 'Bali', 'Serang', 0, 1),
(1590, '6', 'Bali', 'Serang', 0, 1),
(1591, '6', 'Bali', 'Serang', 0, 1),
(1592, '6', 'Bali', 'Serang', 0, 1),
(1593, '6', 'Bali', 'Serang', 0, 1),
(1594, '6', 'Bali', 'Serang', 0, 1),
(1595, '6', 'Bali', 'Serpong', 0, 1),
(1596, '6', 'Bali', 'Serpong', 0, 1),
(1597, '6', 'Bali', 'Serpong', 0, 1),
(1598, '6', 'Bali', 'Serpong', 0, 1),
(1599, '6', 'Bali', 'Serpong', 0, 1),
(1600, '6', 'Bali', 'Serpong', 0, 1),
(1601, '6', 'Bali', 'Serpong', 0, 1),
(1602, '6', 'Bali', 'Serpong', 0, 1),
(1603, '6', 'Bali', 'Serpong', 0, 1),
(1604, '6', 'Bali', 'Serpong', 0, 1),
(1605, '6', 'Bali', 'Serpong', 0, 1),
(1606, '6', 'Bali', 'Serpong', 0, 1),
(1607, '6', 'Bali', 'Serpong', 0, 1),
(1608, '6', 'Bali', 'Serpong', 0, 1),
(1609, '6', 'Bali', 'Serpong', 0, 1),
(1610, '6', 'Bali', 'Serpong', 0, 1),
(1611, '6', 'Bali', 'Serpong', 0, 1),
(1612, '6', 'Bali', 'Serpong', 0, 1),
(1613, '6', 'Bali', 'Serpong', 0, 1),
(1614, '6', 'Bali', 'Serpong', 0, 1),
(1615, '6', 'Bali', 'Serpong', 0, 1),
(1616, '6', 'Bali', 'Serpong', 0, 1),
(1617, '6', 'Bali', 'Serpong', 0, 1),
(1618, '6', 'Bali', 'Serpong', 0, 1),
(1619, '6', 'Bali', 'Serpong', 0, 1),
(1620, '6', 'Bali', 'Tangerang', 0, 1),
(1621, '6', 'Bali', 'Tangerang', 0, 1),
(1622, '6', 'Bali', 'Tangerang', 0, 1),
(1623, '6', 'Bali', 'Tangerang', 0, 1),
(1624, '6', 'Bali', 'Tangerang', 0, 1),
(1625, '6', 'Bali', 'Tangerang', 0, 1),
(1626, '6', 'Bali', 'Tangerang', 0, 1),
(1627, '6', 'Bali', 'Tangerang', 0, 1),
(1628, '6', 'Bali', 'Tangerang', 0, 1),
(1629, '6', 'Bali', 'Tangerang', 0, 1),
(1630, '6', 'Bali', 'Tangerang', 0, 1),
(1631, '6', 'Bali', 'Tangerang', 0, 1),
(1632, '6', 'Bali', 'Tangerang', 0, 1),
(1633, '6', 'Bali', 'Tangerang', 0, 1),
(1634, '6', 'Bali', 'Tangerang', 0, 1),
(1635, '6', 'Bali', 'Tangerang', 0, 1),
(1636, '6', 'Bali', 'Tangerang', 0, 1),
(1637, '6', 'Bali', 'Tangerang', 0, 1),
(1638, '6', 'Bali', 'Tangerang', 0, 1),
(1639, '6', 'Bali', 'Tangerang', 0, 1),
(1640, '6', 'Bali', 'Tangerang', 0, 1),
(1641, '6', 'Bali', 'Tangerang', 0, 1),
(1642, '6', 'Bali', 'Tangerang', 0, 1),
(1643, '6', 'Bali', 'Tangerang', 0, 1),
(1644, '6', 'Bali', 'Tangerang', 0, 1),
(1645, '6', 'Bali', 'Tigaraksa', 0, 1),
(1646, '6', 'Bali', 'Tigaraksa', 0, 1),
(1647, '6', 'Bali', 'Tigaraksa', 0, 1),
(1648, '6', 'Bali', 'Tigaraksa', 0, 1),
(1649, '6', 'Bali', 'Tigaraksa', 0, 1),
(1650, '6', 'Bali', 'Tigaraksa', 0, 1),
(1651, '6', 'Bali', 'Tigaraksa', 0, 1),
(1652, '6', 'Bali', 'Tigaraksa', 0, 1),
(1653, '6', 'Bali', 'Tigaraksa', 0, 1),
(1654, '6', 'Bali', 'Tigaraksa', 0, 1),
(1655, '6', 'Bali', 'Tigaraksa', 0, 1),
(1656, '6', 'Bali', 'Tigaraksa', 0, 1),
(1657, '6', 'Bali', 'Tigaraksa', 0, 1),
(1658, '6', 'Bali', 'Tigaraksa', 0, 1),
(1659, '6', 'Bali', 'Tigaraksa', 0, 1),
(1660, '6', 'Bali', 'Tigaraksa', 0, 1),
(1661, '6', 'Bali', 'Tigaraksa', 0, 1),
(1662, '6', 'Bali', 'Tigaraksa', 0, 1),
(1663, '6', 'Bali', 'Tigaraksa', 0, 1),
(1664, '6', 'Bali', 'Tigaraksa', 0, 1),
(1665, '6', 'Bali', 'Tigaraksa', 0, 1),
(1666, '6', 'Bali', 'Tigaraksa', 0, 1),
(1667, '6', 'Bali', 'Tigaraksa', 0, 1),
(1668, '6', 'Bali', 'Tigaraksa', 0, 1),
(1669, '6', 'Bali', 'Tigaraksa', 0, 1),
(1670, '6', 'Banten', 'Banda Aceh', 0, 1),
(1671, '6', 'Banten', 'Banda Aceh', 0, 1),
(1672, '6', 'Banten', 'Banda Aceh', 0, 1),
(1673, '6', 'Banten', 'Banda Aceh', 0, 1),
(1674, '6', 'Banten', 'Banda Aceh', 0, 1),
(1675, '6', 'Banten', 'Banda Aceh', 0, 1),
(1676, '6', 'Banten', 'Banda Aceh', 0, 1),
(1677, '6', 'Banten', 'Banda Aceh', 0, 1),
(1678, '6', 'Banten', 'Banda Aceh', 0, 1),
(1679, '6', 'Banten', 'Banda Aceh', 0, 1),
(1680, '6', 'Banten', 'Banda Aceh', 0, 1),
(1681, '6', 'Banten', 'Banda Aceh', 0, 1),
(1682, '6', 'Banten', 'Banda Aceh', 0, 1),
(1683, '6', 'Banten', 'Banda Aceh', 0, 1),
(1684, '6', 'Banten', 'Banda Aceh', 0, 1),
(1685, '6', 'Banten', 'Banda Aceh', 0, 1),
(1686, '6', 'Banten', 'Banda Aceh', 0, 1),
(1687, '6', 'Banten', 'Banda Aceh', 0, 1),
(1688, '6', 'Banten', 'Banda Aceh', 0, 1),
(1689, '6', 'Banten', 'Banda Aceh', 0, 1),
(1690, '6', 'Banten', 'Banda Aceh', 0, 1),
(1691, '6', 'Banten', 'Banda Aceh', 0, 1),
(1692, '6', 'Banten', 'Banda Aceh', 0, 1),
(1693, '6', 'Banten', 'Banda Aceh', 0, 1),
(1694, '6', 'Banten', 'Banda Aceh', 0, 1),
(1695, '6', 'Banten', 'Lhokseumawe', 0, 1),
(1696, '6', 'Banten', 'Lhokseumawe', 0, 1),
(1697, '6', 'Banten', 'Lhokseumawe', 0, 1),
(1698, '6', 'Banten', 'Lhokseumawe', 0, 1),
(1699, '6', 'Banten', 'Lhokseumawe', 0, 1),
(1700, '6', 'Banten', 'Lhokseumawe', 0, 1),
(1701, '6', 'Banten', 'Lhokseumawe', 0, 1),
(1702, '6', 'Banten', 'Lhokseumawe', 0, 1),
(1703, '6', 'Banten', 'Lhokseumawe', 0, 1),
(1704, '6', 'Banten', 'Lhokseumawe', 0, 1),
(1705, '6', 'Banten', 'Lhokseumawe', 0, 1),
(1706, '6', 'Banten', 'Lhokseumawe', 0, 1),
(1707, '6', 'Banten', 'Lhokseumawe', 0, 1),
(1708, '6', 'Banten', 'Lhokseumawe', 0, 1),
(1709, '6', 'Banten', 'Lhokseumawe', 0, 1),
(1710, '6', 'Banten', 'Lhokseumawe', 0, 1),
(1711, '6', 'Banten', 'Lhokseumawe', 0, 1),
(1712, '6', 'Banten', 'Lhokseumawe', 0, 1),
(1713, '6', 'Banten', 'Lhokseumawe', 0, 1),
(1714, '6', 'Banten', 'Lhokseumawe', 0, 1),
(1715, '6', 'Banten', 'Lhokseumawe', 0, 1),
(1716, '6', 'Banten', 'Lhokseumawe', 0, 1),
(1717, '6', 'Banten', 'Lhokseumawe', 0, 1),
(1718, '6', 'Banten', 'Lhokseumawe', 0, 1),
(1719, '6', 'Banten', 'Lhokseumawe', 0, 1),
(1720, '6', 'Banten', 'Denpasar', 0, 1),
(1721, '6', 'Banten', 'Denpasar', 0, 1),
(1722, '6', 'Banten', 'Denpasar', 0, 1),
(1723, '6', 'Banten', 'Denpasar', 0, 1),
(1724, '6', 'Banten', 'Denpasar', 0, 1),
(1725, '6', 'Banten', 'Denpasar', 0, 1),
(1726, '6', 'Banten', 'Denpasar', 0, 1),
(1727, '6', 'Banten', 'Denpasar', 0, 1),
(1728, '6', 'Banten', 'Denpasar', 0, 1),
(1729, '6', 'Banten', 'Denpasar', 0, 1),
(1730, '6', 'Banten', 'Denpasar', 0, 1),
(1731, '6', 'Banten', 'Denpasar', 0, 1),
(1732, '6', 'Banten', 'Denpasar', 0, 1),
(1733, '6', 'Banten', 'Denpasar', 0, 1),
(1734, '6', 'Banten', 'Denpasar', 0, 1),
(1735, '6', 'Banten', 'Denpasar', 0, 1),
(1736, '6', 'Banten', 'Denpasar', 0, 1),
(1737, '6', 'Banten', 'Denpasar', 0, 1),
(1738, '6', 'Banten', 'Denpasar', 0, 1),
(1739, '6', 'Banten', 'Denpasar', 0, 1),
(1740, '6', 'Banten', 'Denpasar', 0, 1),
(1741, '6', 'Banten', 'Denpasar', 0, 1),
(1742, '6', 'Banten', 'Denpasar', 0, 1),
(1743, '6', 'Banten', 'Denpasar', 0, 1),
(1744, '6', 'Banten', 'Denpasar', 0, 1),
(1745, '6', 'Banten', 'Gianyar', 0, 1),
(1746, '6', 'Banten', 'Gianyar', 0, 1),
(1747, '6', 'Banten', 'Gianyar', 0, 1),
(1748, '6', 'Banten', 'Gianyar', 0, 1),
(1749, '6', 'Banten', 'Gianyar', 0, 1),
(1750, '6', 'Banten', 'Gianyar', 0, 1),
(1751, '6', 'Banten', 'Gianyar', 0, 1),
(1752, '6', 'Banten', 'Gianyar', 0, 1),
(1753, '6', 'Banten', 'Gianyar', 0, 1),
(1754, '6', 'Banten', 'Gianyar', 0, 1),
(1755, '6', 'Banten', 'Gianyar', 0, 1),
(1756, '6', 'Banten', 'Gianyar', 0, 1),
(1757, '6', 'Banten', 'Gianyar', 0, 1),
(1758, '6', 'Banten', 'Gianyar', 0, 1),
(1759, '6', 'Banten', 'Gianyar', 0, 1),
(1760, '6', 'Banten', 'Gianyar', 0, 1),
(1761, '6', 'Banten', 'Gianyar', 0, 1),
(1762, '6', 'Banten', 'Gianyar', 0, 1),
(1763, '6', 'Banten', 'Gianyar', 0, 1),
(1764, '6', 'Banten', 'Gianyar', 0, 1),
(1765, '6', 'Banten', 'Gianyar', 0, 1),
(1766, '6', 'Banten', 'Gianyar', 0, 1),
(1767, '6', 'Banten', 'Gianyar', 0, 1),
(1768, '6', 'Banten', 'Gianyar', 0, 1),
(1769, '6', 'Banten', 'Gianyar', 0, 1),
(1770, '6', 'Banten', 'Jimbaran', 0, 1),
(1771, '6', 'Banten', 'Jimbaran', 0, 1),
(1772, '6', 'Banten', 'Jimbaran', 0, 1),
(1773, '6', 'Banten', 'Jimbaran', 0, 1),
(1774, '6', 'Banten', 'Jimbaran', 0, 1),
(1775, '6', 'Banten', 'Jimbaran', 0, 1),
(1776, '6', 'Banten', 'Jimbaran', 0, 1),
(1777, '6', 'Banten', 'Jimbaran', 0, 1),
(1778, '6', 'Banten', 'Jimbaran', 0, 1),
(1779, '6', 'Banten', 'Jimbaran', 0, 1),
(1780, '6', 'Banten', 'Jimbaran', 0, 1),
(1781, '6', 'Banten', 'Jimbaran', 0, 1),
(1782, '6', 'Banten', 'Jimbaran', 0, 1),
(1783, '6', 'Banten', 'Jimbaran', 0, 1),
(1784, '6', 'Banten', 'Jimbaran', 0, 1),
(1785, '6', 'Banten', 'Jimbaran', 0, 1),
(1786, '6', 'Banten', 'Jimbaran', 0, 1),
(1787, '6', 'Banten', 'Jimbaran', 0, 1),
(1788, '6', 'Banten', 'Jimbaran', 0, 1),
(1789, '6', 'Banten', 'Jimbaran', 0, 1),
(1790, '6', 'Banten', 'Jimbaran', 0, 1),
(1791, '6', 'Banten', 'Jimbaran', 0, 1),
(1792, '6', 'Banten', 'Jimbaran', 0, 1),
(1793, '6', 'Banten', 'Jimbaran', 0, 1),
(1794, '6', 'Banten', 'Jimbaran', 0, 1),
(1795, '6', 'Banten', 'Kuta', 0, 1),
(1796, '6', 'Banten', 'Kuta', 0, 1),
(1797, '6', 'Banten', 'Kuta', 0, 1),
(1798, '6', 'Banten', 'Kuta', 0, 1),
(1799, '6', 'Banten', 'Kuta', 0, 1),
(1800, '6', 'Banten', 'Kuta', 0, 1),
(1801, '6', 'Banten', 'Kuta', 0, 1),
(1802, '6', 'Banten', 'Kuta', 0, 1),
(1803, '6', 'Banten', 'Kuta', 0, 1),
(1804, '6', 'Banten', 'Kuta', 0, 1),
(1805, '6', 'Banten', 'Kuta', 0, 1),
(1806, '6', 'Banten', 'Kuta', 0, 1),
(1807, '6', 'Banten', 'Kuta', 0, 1),
(1808, '6', 'Banten', 'Kuta', 0, 1),
(1809, '6', 'Banten', 'Kuta', 0, 1),
(1810, '6', 'Banten', 'Kuta', 0, 1),
(1811, '6', 'Banten', 'Kuta', 0, 1),
(1812, '6', 'Banten', 'Kuta', 0, 1),
(1813, '6', 'Banten', 'Kuta', 0, 1),
(1814, '6', 'Banten', 'Kuta', 0, 1),
(1815, '6', 'Banten', 'Kuta', 0, 1),
(1816, '6', 'Banten', 'Kuta', 0, 1),
(1817, '6', 'Banten', 'Kuta', 0, 1),
(1818, '6', 'Banten', 'Kuta', 0, 1),
(1819, '6', 'Banten', 'Kuta', 0, 1),
(1820, '6', 'Banten', 'Ngurahrai', 0, 1),
(1821, '6', 'Banten', 'Ngurahrai', 0, 1),
(1822, '6', 'Banten', 'Ngurahrai', 0, 1),
(1823, '6', 'Banten', 'Ngurahrai', 0, 1),
(1824, '6', 'Banten', 'Ngurahrai', 0, 1),
(1825, '6', 'Banten', 'Ngurahrai', 0, 1),
(1826, '6', 'Banten', 'Ngurahrai', 0, 1),
(1827, '6', 'Banten', 'Ngurahrai', 0, 1),
(1828, '6', 'Banten', 'Ngurahrai', 0, 1),
(1829, '6', 'Banten', 'Ngurahrai', 0, 1),
(1830, '6', 'Banten', 'Ngurahrai', 0, 1),
(1831, '6', 'Banten', 'Ngurahrai', 0, 1),
(1832, '6', 'Banten', 'Ngurahrai', 0, 1),
(1833, '6', 'Banten', 'Ngurahrai', 0, 1),
(1834, '6', 'Banten', 'Ngurahrai', 0, 1),
(1835, '6', 'Banten', 'Ngurahrai', 0, 1),
(1836, '6', 'Banten', 'Ngurahrai', 0, 1),
(1837, '6', 'Banten', 'Ngurahrai', 0, 1),
(1838, '6', 'Banten', 'Ngurahrai', 0, 1),
(1839, '6', 'Banten', 'Ngurahrai', 0, 1),
(1840, '6', 'Banten', 'Ngurahrai', 0, 1),
(1841, '6', 'Banten', 'Ngurahrai', 0, 1),
(1842, '6', 'Banten', 'Ngurahrai', 0, 1),
(1843, '6', 'Banten', 'Ngurahrai', 0, 1),
(1844, '6', 'Banten', 'Ngurahrai', 0, 1),
(1845, '6', 'Banten', 'Nusa Dua', 0, 1),
(1846, '6', 'Banten', 'Nusa Dua', 0, 1),
(1847, '6', 'Banten', 'Nusa Dua', 0, 1),
(1848, '6', 'Banten', 'Nusa Dua', 0, 1),
(1849, '6', 'Banten', 'Nusa Dua', 0, 1),
(1850, '6', 'Banten', 'Nusa Dua', 0, 1),
(1851, '6', 'Banten', 'Nusa Dua', 0, 1),
(1852, '6', 'Banten', 'Nusa Dua', 0, 1),
(1853, '6', 'Banten', 'Nusa Dua', 0, 1),
(1854, '6', 'Banten', 'Nusa Dua', 0, 1),
(1855, '6', 'Banten', 'Nusa Dua', 0, 1),
(1856, '6', 'Banten', 'Nusa Dua', 0, 1),
(1857, '6', 'Banten', 'Nusa Dua', 0, 1),
(1858, '6', 'Banten', 'Nusa Dua', 0, 1),
(1859, '6', 'Banten', 'Nusa Dua', 0, 1),
(1860, '6', 'Banten', 'Nusa Dua', 0, 1),
(1861, '6', 'Banten', 'Nusa Dua', 0, 1),
(1862, '6', 'Banten', 'Nusa Dua', 0, 1),
(1863, '6', 'Banten', 'Nusa Dua', 0, 1),
(1864, '6', 'Banten', 'Nusa Dua', 0, 1),
(1865, '6', 'Banten', 'Nusa Dua', 0, 1),
(1866, '6', 'Banten', 'Nusa Dua', 0, 1),
(1867, '6', 'Banten', 'Nusa Dua', 0, 1),
(1868, '6', 'Banten', 'Nusa Dua', 0, 1),
(1869, '6', 'Banten', 'Nusa Dua', 0, 1),
(1870, '6', 'Banten', 'Sanur', 0, 1),
(1871, '6', 'Banten', 'Sanur', 0, 1),
(1872, '6', 'Banten', 'Sanur', 0, 1),
(1873, '6', 'Banten', 'Sanur', 0, 1),
(1874, '6', 'Banten', 'Sanur', 0, 1),
(1875, '6', 'Banten', 'Sanur', 0, 1),
(1876, '6', 'Banten', 'Sanur', 0, 1),
(1877, '6', 'Banten', 'Sanur', 0, 1),
(1878, '6', 'Banten', 'Sanur', 0, 1),
(1879, '6', 'Banten', 'Sanur', 0, 1),
(1880, '6', 'Banten', 'Sanur', 0, 1),
(1881, '6', 'Banten', 'Sanur', 0, 1),
(1882, '6', 'Banten', 'Sanur', 0, 1),
(1883, '6', 'Banten', 'Sanur', 0, 1),
(1884, '6', 'Banten', 'Sanur', 0, 1),
(1885, '6', 'Banten', 'Sanur', 0, 1),
(1886, '6', 'Banten', 'Sanur', 0, 1),
(1887, '6', 'Banten', 'Sanur', 0, 1),
(1888, '6', 'Banten', 'Sanur', 0, 1),
(1889, '6', 'Banten', 'Sanur', 0, 1),
(1890, '6', 'Banten', 'Sanur', 0, 1),
(1891, '6', 'Banten', 'Sanur', 0, 1),
(1892, '6', 'Banten', 'Sanur', 0, 1),
(1893, '6', 'Banten', 'Sanur', 0, 1),
(1894, '6', 'Banten', 'Sanur', 0, 1),
(1895, '6', 'Banten', 'Singaraja', 0, 1),
(1896, '6', 'Banten', 'Singaraja', 0, 1),
(1897, '6', 'Banten', 'Singaraja', 0, 1),
(1898, '6', 'Banten', 'Singaraja', 0, 1),
(1899, '6', 'Banten', 'Singaraja', 0, 1),
(1900, '6', 'Banten', 'Singaraja', 0, 1),
(1901, '6', 'Banten', 'Singaraja', 0, 1),
(1902, '6', 'Banten', 'Singaraja', 0, 1),
(1903, '6', 'Banten', 'Singaraja', 0, 1),
(1904, '6', 'Banten', 'Singaraja', 0, 1),
(1905, '6', 'Banten', 'Singaraja', 0, 1),
(1906, '6', 'Banten', 'Singaraja', 0, 1),
(1907, '6', 'Banten', 'Singaraja', 0, 1),
(1908, '6', 'Banten', 'Singaraja', 0, 1),
(1909, '6', 'Banten', 'Singaraja', 0, 1),
(1910, '6', 'Banten', 'Singaraja', 0, 1),
(1911, '6', 'Banten', 'Singaraja', 0, 1),
(1912, '6', 'Banten', 'Singaraja', 0, 1),
(1913, '6', 'Banten', 'Singaraja', 0, 1),
(1914, '6', 'Banten', 'Singaraja', 0, 1),
(1915, '6', 'Banten', 'Singaraja', 0, 1),
(1916, '6', 'Banten', 'Singaraja', 0, 1),
(1917, '6', 'Banten', 'Singaraja', 0, 1),
(1918, '6', 'Banten', 'Singaraja', 0, 1),
(1919, '6', 'Banten', 'Singaraja', 0, 1),
(1920, '6', 'Banten', 'Ubud', 0, 1),
(1921, '6', 'Banten', 'Ubud', 0, 1),
(1922, '6', 'Banten', 'Ubud', 0, 1),
(1923, '6', 'Banten', 'Ubud', 0, 1),
(1924, '6', 'Banten', 'Ubud', 0, 1),
(1925, '6', 'Banten', 'Ubud', 0, 1),
(1926, '6', 'Banten', 'Ubud', 0, 1),
(1927, '6', 'Banten', 'Ubud', 0, 1),
(1928, '6', 'Banten', 'Ubud', 0, 1),
(1929, '6', 'Banten', 'Ubud', 0, 1),
(1930, '6', 'Banten', 'Ubud', 0, 1),
(1931, '6', 'Banten', 'Ubud', 0, 1),
(1932, '6', 'Banten', 'Ubud', 0, 1),
(1933, '6', 'Banten', 'Ubud', 0, 1),
(1934, '6', 'Banten', 'Ubud', 0, 1),
(1935, '6', 'Banten', 'Ubud', 0, 1),
(1936, '6', 'Banten', 'Ubud', 0, 1),
(1937, '6', 'Banten', 'Ubud', 0, 1),
(1938, '6', 'Banten', 'Ubud', 0, 1),
(1939, '6', 'Banten', 'Ubud', 0, 1),
(1940, '6', 'Banten', 'Ubud', 0, 1),
(1941, '6', 'Banten', 'Ubud', 0, 1),
(1942, '6', 'Banten', 'Ubud', 0, 1),
(1943, '6', 'Banten', 'Ubud', 0, 1),
(1944, '6', 'Banten', 'Ubud', 0, 1),
(1945, '6', 'Banten', 'Balaraja', 0, 1),
(1946, '6', 'Banten', 'Balaraja', 0, 1),
(1947, '6', 'Banten', 'Balaraja', 0, 1),
(1948, '6', 'Banten', 'Balaraja', 0, 1),
(1949, '6', 'Banten', 'Balaraja', 0, 1),
(1950, '6', 'Banten', 'Balaraja', 0, 1),
(1951, '6', 'Banten', 'Balaraja', 0, 1),
(1952, '6', 'Banten', 'Balaraja', 0, 1),
(1953, '6', 'Banten', 'Balaraja', 0, 1),
(1954, '6', 'Banten', 'Balaraja', 0, 1),
(1955, '6', 'Banten', 'Balaraja', 0, 1),
(1956, '6', 'Banten', 'Balaraja', 0, 1),
(1957, '6', 'Banten', 'Balaraja', 0, 1),
(1958, '6', 'Banten', 'Balaraja', 0, 1),
(1959, '6', 'Banten', 'Balaraja', 0, 1),
(1960, '6', 'Banten', 'Balaraja', 0, 1),
(1961, '6', 'Banten', 'Balaraja', 0, 1),
(1962, '6', 'Banten', 'Balaraja', 0, 1),
(1963, '6', 'Banten', 'Balaraja', 0, 1),
(1964, '6', 'Banten', 'Balaraja', 0, 1),
(1965, '6', 'Banten', 'Balaraja', 0, 1),
(1966, '6', 'Banten', 'Balaraja', 0, 1),
(1967, '6', 'Banten', 'Balaraja', 0, 1),
(1968, '6', 'Banten', 'Balaraja', 0, 1),
(1969, '6', 'Banten', 'Balaraja', 0, 1),
(1970, '6', 'Banten', 'Bintaro', 0, 1),
(1971, '6', 'Banten', 'Bintaro', 0, 1),
(1972, '6', 'Banten', 'Bintaro', 0, 1),
(1973, '6', 'Banten', 'Bintaro', 0, 1),
(1974, '6', 'Banten', 'Bintaro', 0, 1),
(1975, '6', 'Banten', 'Bintaro', 0, 1),
(1976, '6', 'Banten', 'Bintaro', 0, 1),
(1977, '6', 'Banten', 'Bintaro', 0, 1),
(1978, '6', 'Banten', 'Bintaro', 0, 1),
(1979, '6', 'Banten', 'Bintaro', 0, 1),
(1980, '6', 'Banten', 'Bintaro', 0, 1),
(1981, '6', 'Banten', 'Bintaro', 0, 1),
(1982, '6', 'Banten', 'Bintaro', 0, 1),
(1983, '6', 'Banten', 'Bintaro', 0, 1),
(1984, '6', 'Banten', 'Bintaro', 0, 1),
(1985, '6', 'Banten', 'Bintaro', 0, 1),
(1986, '6', 'Banten', 'Bintaro', 0, 1),
(1987, '6', 'Banten', 'Bintaro', 0, 1),
(1988, '6', 'Banten', 'Bintaro', 0, 1),
(1989, '6', 'Banten', 'Bintaro', 0, 1),
(1990, '6', 'Banten', 'Bintaro', 0, 1),
(1991, '6', 'Banten', 'Bintaro', 0, 1),
(1992, '6', 'Banten', 'Bintaro', 0, 1),
(1993, '6', 'Banten', 'Bintaro', 0, 1),
(1994, '6', 'Banten', 'Bintaro', 0, 1),
(1995, '6', 'Banten', 'Cikupa', 0, 1),
(1996, '6', 'Banten', 'Cikupa', 0, 1),
(1997, '6', 'Banten', 'Cikupa', 0, 1),
(1998, '6', 'Banten', 'Cikupa', 0, 1),
(1999, '6', 'Banten', 'Cikupa', 0, 1),
(2000, '6', 'Banten', 'Cikupa', 0, 1),
(2001, '6', 'Banten', 'Cikupa', 0, 1),
(2002, '6', 'Banten', 'Cikupa', 0, 1),
(2003, '6', 'Banten', 'Cikupa', 0, 1),
(2004, '6', 'Banten', 'Cikupa', 0, 1),
(2005, '6', 'Banten', 'Cikupa', 0, 1),
(2006, '6', 'Banten', 'Cikupa', 0, 1),
(2007, '6', 'Banten', 'Cikupa', 0, 1),
(2008, '6', 'Banten', 'Cikupa', 0, 1),
(2009, '6', 'Banten', 'Cikupa', 0, 1),
(2010, '6', 'Banten', 'Cikupa', 0, 1),
(2011, '6', 'Banten', 'Cikupa', 0, 1),
(2012, '6', 'Banten', 'Cikupa', 0, 1),
(2013, '6', 'Banten', 'Cikupa', 0, 1),
(2014, '6', 'Banten', 'Cikupa', 0, 1),
(2015, '6', 'Banten', 'Cikupa', 0, 1),
(2016, '6', 'Banten', 'Cikupa', 0, 1),
(2017, '6', 'Banten', 'Cikupa', 0, 1),
(2018, '6', 'Banten', 'Cikupa', 0, 1),
(2019, '6', 'Banten', 'Cikupa', 0, 1),
(2020, '6', 'Banten', 'Cilegon', 0, 1),
(2021, '6', 'Banten', 'Cilegon', 0, 1),
(2022, '6', 'Banten', 'Cilegon', 0, 1),
(2023, '6', 'Banten', 'Cilegon', 0, 1),
(2024, '6', 'Banten', 'Cilegon', 0, 1),
(2025, '6', 'Banten', 'Cilegon', 0, 1),
(2026, '6', 'Banten', 'Cilegon', 0, 1),
(2027, '6', 'Banten', 'Cilegon', 0, 1),
(2028, '6', 'Banten', 'Cilegon', 0, 1),
(2029, '6', 'Banten', 'Cilegon', 0, 1),
(2030, '6', 'Banten', 'Cilegon', 0, 1),
(2031, '6', 'Banten', 'Cilegon', 0, 1),
(2032, '6', 'Banten', 'Cilegon', 0, 1),
(2033, '6', 'Banten', 'Cilegon', 0, 1),
(2034, '6', 'Banten', 'Cilegon', 0, 1),
(2035, '6', 'Banten', 'Cilegon', 0, 1),
(2036, '6', 'Banten', 'Cilegon', 0, 1),
(2037, '6', 'Banten', 'Cilegon', 0, 1),
(2038, '6', 'Banten', 'Cilegon', 0, 1),
(2039, '6', 'Banten', 'Cilegon', 0, 1),
(2040, '6', 'Banten', 'Cilegon', 0, 1),
(2041, '6', 'Banten', 'Cilegon', 0, 1),
(2042, '6', 'Banten', 'Cilegon', 0, 1),
(2043, '6', 'Banten', 'Cilegon', 0, 1),
(2044, '6', 'Banten', 'Cilegon', 0, 1),
(2045, '6', 'Banten', 'Cipondoh', 0, 1),
(2046, '6', 'Banten', 'Cipondoh', 0, 1),
(2047, '6', 'Banten', 'Cipondoh', 0, 1),
(2048, '6', 'Banten', 'Cipondoh', 0, 1),
(2049, '6', 'Banten', 'Cipondoh', 0, 1),
(2050, '6', 'Banten', 'Cipondoh', 0, 1),
(2051, '6', 'Banten', 'Cipondoh', 0, 1),
(2052, '6', 'Banten', 'Cipondoh', 0, 1),
(2053, '6', 'Banten', 'Cipondoh', 0, 1),
(2054, '6', 'Banten', 'Cipondoh', 0, 1),
(2055, '6', 'Banten', 'Cipondoh', 0, 1),
(2056, '6', 'Banten', 'Cipondoh', 0, 1),
(2057, '6', 'Banten', 'Cipondoh', 0, 1),
(2058, '6', 'Banten', 'Cipondoh', 0, 1),
(2059, '6', 'Banten', 'Cipondoh', 0, 1),
(2060, '6', 'Banten', 'Cipondoh', 0, 1),
(2061, '6', 'Banten', 'Cipondoh', 0, 1),
(2062, '6', 'Banten', 'Cipondoh', 0, 1),
(2063, '6', 'Banten', 'Cipondoh', 0, 1),
(2064, '6', 'Banten', 'Cipondoh', 0, 1),
(2065, '6', 'Banten', 'Cipondoh', 0, 1),
(2066, '6', 'Banten', 'Cipondoh', 0, 1),
(2067, '6', 'Banten', 'Cipondoh', 0, 1),
(2068, '6', 'Banten', 'Cipondoh', 0, 1),
(2069, '6', 'Banten', 'Cipondoh', 0, 1),
(2070, '6', 'Banten', 'Karawaci', 0, 1),
(2071, '6', 'Banten', 'Karawaci', 0, 1),
(2072, '6', 'Banten', 'Karawaci', 0, 1),
(2073, '6', 'Banten', 'Karawaci', 0, 1),
(2074, '6', 'Banten', 'Karawaci', 0, 1),
(2075, '6', 'Banten', 'Karawaci', 0, 1),
(2076, '6', 'Banten', 'Karawaci', 0, 1),
(2077, '6', 'Banten', 'Karawaci', 0, 1),
(2078, '6', 'Banten', 'Karawaci', 0, 1),
(2079, '6', 'Banten', 'Karawaci', 0, 1),
(2080, '6', 'Banten', 'Karawaci', 0, 1),
(2081, '6', 'Banten', 'Karawaci', 0, 1),
(2082, '6', 'Banten', 'Karawaci', 0, 1),
(2083, '6', 'Banten', 'Karawaci', 0, 1),
(2084, '6', 'Banten', 'Karawaci', 0, 1),
(2085, '6', 'Banten', 'Karawaci', 0, 1),
(2086, '6', 'Banten', 'Karawaci', 0, 1),
(2087, '6', 'Banten', 'Karawaci', 0, 1),
(2088, '6', 'Banten', 'Karawaci', 0, 1),
(2089, '6', 'Banten', 'Karawaci', 0, 1),
(2090, '6', 'Banten', 'Karawaci', 0, 1),
(2091, '6', 'Banten', 'Karawaci', 0, 1),
(2092, '6', 'Banten', 'Karawaci', 0, 1),
(2093, '6', 'Banten', 'Karawaci', 0, 1),
(2094, '6', 'Banten', 'Karawaci', 0, 1),
(2095, '6', 'Banten', 'Pamulang', 0, 1),
(2096, '6', 'Banten', 'Pamulang', 0, 1),
(2097, '6', 'Banten', 'Pamulang', 0, 1),
(2098, '6', 'Banten', 'Pamulang', 0, 1),
(2099, '6', 'Banten', 'Pamulang', 0, 1),
(2100, '6', 'Banten', 'Pamulang', 0, 1),
(2101, '6', 'Banten', 'Pamulang', 0, 1),
(2102, '6', 'Banten', 'Pamulang', 0, 1),
(2103, '6', 'Banten', 'Pamulang', 0, 1),
(2104, '6', 'Banten', 'Pamulang', 0, 1),
(2105, '6', 'Banten', 'Pamulang', 0, 1),
(2106, '6', 'Banten', 'Pamulang', 0, 1),
(2107, '6', 'Banten', 'Pamulang', 0, 1),
(2108, '6', 'Banten', 'Pamulang', 0, 1),
(2109, '6', 'Banten', 'Pamulang', 0, 1),
(2110, '6', 'Banten', 'Pamulang', 0, 1),
(2111, '6', 'Banten', 'Pamulang', 0, 1),
(2112, '6', 'Banten', 'Pamulang', 0, 1),
(2113, '6', 'Banten', 'Pamulang', 0, 1),
(2114, '6', 'Banten', 'Pamulang', 0, 1),
(2115, '6', 'Banten', 'Pamulang', 0, 1),
(2116, '6', 'Banten', 'Pamulang', 0, 1),
(2117, '6', 'Banten', 'Pamulang', 0, 1),
(2118, '6', 'Banten', 'Pamulang', 0, 1),
(2119, '6', 'Banten', 'Pamulang', 0, 1),
(2120, '6', 'Banten', 'Pandegelang', 0, 1),
(2121, '6', 'Banten', 'Pandegelang', 0, 1),
(2122, '6', 'Banten', 'Pandegelang', 0, 1),
(2123, '6', 'Banten', 'Pandegelang', 0, 1),
(2124, '6', 'Banten', 'Pandegelang', 0, 1),
(2125, '6', 'Banten', 'Pandegelang', 0, 1),
(2126, '6', 'Banten', 'Pandegelang', 0, 1),
(2127, '6', 'Banten', 'Pandegelang', 0, 1),
(2128, '6', 'Banten', 'Pandegelang', 0, 1),
(2129, '6', 'Banten', 'Pandegelang', 0, 1),
(2130, '6', 'Banten', 'Pandegelang', 0, 1),
(2131, '6', 'Banten', 'Pandegelang', 0, 1),
(2132, '6', 'Banten', 'Pandegelang', 0, 1),
(2133, '6', 'Banten', 'Pandegelang', 0, 1),
(2134, '6', 'Banten', 'Pandegelang', 0, 1),
(2135, '6', 'Banten', 'Pandegelang', 0, 1),
(2136, '6', 'Banten', 'Pandegelang', 0, 1),
(2137, '6', 'Banten', 'Pandegelang', 0, 1),
(2138, '6', 'Banten', 'Pandegelang', 0, 1),
(2139, '6', 'Banten', 'Pandegelang', 0, 1),
(2140, '6', 'Banten', 'Pandegelang', 0, 1),
(2141, '6', 'Banten', 'Pandegelang', 0, 1),
(2142, '6', 'Banten', 'Pandegelang', 0, 1),
(2143, '6', 'Banten', 'Pandegelang', 0, 1),
(2144, '6', 'Banten', 'Pandegelang', 0, 1),
(2145, '6', 'Banten', 'Panimbang', 0, 1),
(2146, '6', 'Banten', 'Panimbang', 0, 1),
(2147, '6', 'Banten', 'Panimbang', 0, 1),
(2148, '6', 'Banten', 'Panimbang', 0, 1),
(2149, '6', 'Banten', 'Panimbang', 0, 1),
(2150, '6', 'Banten', 'Panimbang', 0, 1),
(2151, '6', 'Banten', 'Panimbang', 0, 1),
(2152, '6', 'Banten', 'Panimbang', 0, 1),
(2153, '6', 'Banten', 'Panimbang', 0, 1),
(2154, '6', 'Banten', 'Panimbang', 0, 1),
(2155, '6', 'Banten', 'Panimbang', 0, 1),
(2156, '6', 'Banten', 'Panimbang', 0, 1),
(2157, '6', 'Banten', 'Panimbang', 0, 1),
(2158, '6', 'Banten', 'Panimbang', 0, 1),
(2159, '6', 'Banten', 'Panimbang', 0, 1),
(2160, '6', 'Banten', 'Panimbang', 0, 1),
(2161, '6', 'Banten', 'Panimbang', 0, 1),
(2162, '6', 'Banten', 'Panimbang', 0, 1),
(2163, '6', 'Banten', 'Panimbang', 0, 1),
(2164, '6', 'Banten', 'Panimbang', 0, 1),
(2165, '6', 'Banten', 'Panimbang', 0, 1),
(2166, '6', 'Banten', 'Panimbang', 0, 1),
(2167, '6', 'Banten', 'Panimbang', 0, 1),
(2168, '6', 'Banten', 'Panimbang', 0, 1),
(2169, '6', 'Banten', 'Panimbang', 0, 1),
(2170, '6', 'Banten', 'Rangkas Bitung', 0, 1),
(2171, '6', 'Banten', 'Rangkas Bitung', 0, 1),
(2172, '6', 'Banten', 'Rangkas Bitung', 0, 1),
(2173, '6', 'Banten', 'Rangkas Bitung', 0, 1),
(2174, '6', 'Banten', 'Rangkas Bitung', 0, 1),
(2175, '6', 'Banten', 'Rangkas Bitung', 0, 1),
(2176, '6', 'Banten', 'Rangkas Bitung', 0, 1),
(2177, '6', 'Banten', 'Rangkas Bitung', 0, 1),
(2178, '6', 'Banten', 'Rangkas Bitung', 0, 1),
(2179, '6', 'Banten', 'Rangkas Bitung', 0, 1),
(2180, '6', 'Banten', 'Rangkas Bitung', 0, 1),
(2181, '6', 'Banten', 'Rangkas Bitung', 0, 1),
(2182, '6', 'Banten', 'Rangkas Bitung', 0, 1),
(2183, '6', 'Banten', 'Rangkas Bitung', 0, 1),
(2184, '6', 'Banten', 'Rangkas Bitung', 0, 1),
(2185, '6', 'Banten', 'Rangkas Bitung', 0, 1),
(2186, '6', 'Banten', 'Rangkas Bitung', 0, 1),
(2187, '6', 'Banten', 'Rangkas Bitung', 0, 1),
(2188, '6', 'Banten', 'Rangkas Bitung', 0, 1),
(2189, '6', 'Banten', 'Rangkas Bitung', 0, 1),
(2190, '6', 'Banten', 'Rangkas Bitung', 0, 1),
(2191, '6', 'Banten', 'Rangkas Bitung', 0, 1),
(2192, '6', 'Banten', 'Rangkas Bitung', 0, 1),
(2193, '6', 'Banten', 'Rangkas Bitung', 0, 1),
(2194, '6', 'Banten', 'Rangkas Bitung', 0, 1),
(2195, '6', 'Banten', 'Serang', 0, 1),
(2196, '6', 'Banten', 'Serang', 0, 1),
(2197, '6', 'Banten', 'Serang', 0, 1),
(2198, '6', 'Banten', 'Serang', 0, 1),
(2199, '6', 'Banten', 'Serang', 0, 1),
(2200, '6', 'Banten', 'Serang', 0, 1),
(2201, '6', 'Banten', 'Serang', 0, 1),
(2202, '6', 'Banten', 'Serang', 0, 1),
(2203, '6', 'Banten', 'Serang', 0, 1),
(2204, '6', 'Banten', 'Serang', 0, 1),
(2205, '6', 'Banten', 'Serang', 0, 1),
(2206, '6', 'Banten', 'Serang', 0, 1),
(2207, '6', 'Banten', 'Serang', 0, 1),
(2208, '6', 'Banten', 'Serang', 0, 1),
(2209, '6', 'Banten', 'Serang', 0, 1),
(2210, '6', 'Banten', 'Serang', 0, 1),
(2211, '6', 'Banten', 'Serang', 0, 1),
(2212, '6', 'Banten', 'Serang', 0, 1),
(2213, '6', 'Banten', 'Serang', 0, 1),
(2214, '6', 'Banten', 'Serang', 0, 1),
(2215, '6', 'Banten', 'Serang', 0, 1),
(2216, '6', 'Banten', 'Serang', 0, 1),
(2217, '6', 'Banten', 'Serang', 0, 1),
(2218, '6', 'Banten', 'Serang', 0, 1),
(2219, '6', 'Banten', 'Serang', 0, 1),
(2220, '6', 'Banten', 'Serpong', 0, 1),
(2221, '6', 'Banten', 'Serpong', 0, 1),
(2222, '6', 'Banten', 'Serpong', 0, 1),
(2223, '6', 'Banten', 'Serpong', 0, 1),
(2224, '6', 'Banten', 'Serpong', 0, 1),
(2225, '6', 'Banten', 'Serpong', 0, 1),
(2226, '6', 'Banten', 'Serpong', 0, 1),
(2227, '6', 'Banten', 'Serpong', 0, 1),
(2228, '6', 'Banten', 'Serpong', 0, 1),
(2229, '6', 'Banten', 'Serpong', 0, 1),
(2230, '6', 'Banten', 'Serpong', 0, 1),
(2231, '6', 'Banten', 'Serpong', 0, 1),
(2232, '6', 'Banten', 'Serpong', 0, 1),
(2233, '6', 'Banten', 'Serpong', 0, 1),
(2234, '6', 'Banten', 'Serpong', 0, 1),
(2235, '6', 'Banten', 'Serpong', 0, 1),
(2236, '6', 'Banten', 'Serpong', 0, 1),
(2237, '6', 'Banten', 'Serpong', 0, 1),
(2238, '6', 'Banten', 'Serpong', 0, 1),
(2239, '6', 'Banten', 'Serpong', 0, 1),
(2240, '6', 'Banten', 'Serpong', 0, 1),
(2241, '6', 'Banten', 'Serpong', 0, 1),
(2242, '6', 'Banten', 'Serpong', 0, 1),
(2243, '6', 'Banten', 'Serpong', 0, 1),
(2244, '6', 'Banten', 'Serpong', 0, 1),
(2245, '6', 'Banten', 'Tangerang', 0, 1),
(2246, '6', 'Banten', 'Tangerang', 0, 1),
(2247, '6', 'Banten', 'Tangerang', 0, 1),
(2248, '6', 'Banten', 'Tangerang', 0, 1),
(2249, '6', 'Banten', 'Tangerang', 0, 1),
(2250, '6', 'Banten', 'Tangerang', 0, 1),
(2251, '6', 'Banten', 'Tangerang', 0, 1),
(2252, '6', 'Banten', 'Tangerang', 0, 1),
(2253, '6', 'Banten', 'Tangerang', 0, 1),
(2254, '6', 'Banten', 'Tangerang', 0, 1),
(2255, '6', 'Banten', 'Tangerang', 0, 1),
(2256, '6', 'Banten', 'Tangerang', 0, 1),
(2257, '6', 'Banten', 'Tangerang', 0, 1),
(2258, '6', 'Banten', 'Tangerang', 0, 1),
(2259, '6', 'Banten', 'Tangerang', 0, 1),
(2260, '6', 'Banten', 'Tangerang', 0, 1),
(2261, '6', 'Banten', 'Tangerang', 0, 1),
(2262, '6', 'Banten', 'Tangerang', 0, 1),
(2263, '6', 'Banten', 'Tangerang', 0, 1),
(2264, '6', 'Banten', 'Tangerang', 0, 1),
(2265, '6', 'Banten', 'Tangerang', 0, 1),
(2266, '6', 'Banten', 'Tangerang', 0, 1),
(2267, '6', 'Banten', 'Tangerang', 0, 1),
(2268, '6', 'Banten', 'Tangerang', 0, 1),
(2269, '6', 'Banten', 'Tangerang', 0, 1),
(2270, '6', 'Banten', 'Tigaraksa', 0, 1),
(2271, '6', 'Banten', 'Tigaraksa', 0, 1),
(2272, '6', 'Banten', 'Tigaraksa', 0, 1),
(2273, '6', 'Banten', 'Tigaraksa', 0, 1),
(2274, '6', 'Banten', 'Tigaraksa', 0, 1),
(2275, '6', 'Banten', 'Tigaraksa', 0, 1),
(2276, '6', 'Banten', 'Tigaraksa', 0, 1),
(2277, '6', 'Banten', 'Tigaraksa', 0, 1),
(2278, '6', 'Banten', 'Tigaraksa', 0, 1),
(2279, '6', 'Banten', 'Tigaraksa', 0, 1),
(2280, '6', 'Banten', 'Tigaraksa', 0, 1),
(2281, '6', 'Banten', 'Tigaraksa', 0, 1),
(2282, '6', 'Banten', 'Tigaraksa', 0, 1),
(2283, '6', 'Banten', 'Tigaraksa', 0, 1),
(2284, '6', 'Banten', 'Tigaraksa', 0, 1),
(2285, '6', 'Banten', 'Tigaraksa', 0, 1),
(2286, '6', 'Banten', 'Tigaraksa', 0, 1),
(2287, '6', 'Banten', 'Tigaraksa', 0, 1),
(2288, '6', 'Banten', 'Tigaraksa', 0, 1),
(2289, '6', 'Banten', 'Tigaraksa', 0, 1),
(2290, '6', 'Banten', 'Tigaraksa', 0, 1),
(2291, '6', 'Banten', 'Tigaraksa', 0, 1),
(2292, '6', 'Banten', 'Tigaraksa', 0, 1),
(2293, '6', 'Banten', 'Tigaraksa', 0, 1),
(2294, '6', 'Banten', 'Tigaraksa', 0, 1),
(2295, '7', 'Aceh', 'Banda Aceh', 10000, 0.5),
(2296, '7', 'Aceh', 'Lhokseumawe', 15000, 0.5),
(2297, '7', 'Bali', 'Denpasar', 14000, 0.5),
(2298, '7', 'Bali', 'Gianyar', 14000, 0.5),
(2299, '7', 'Bali', 'Jimbaran', 14000, 0.5),
(2300, '7', 'Bali', 'Kuta', 14000, 0.5),
(2301, '7', 'Bali', 'Ngurahrai', 14000, 0.5),
(2302, '7', 'Bali', 'Nusa Dua', 14000, 0.5),
(2303, '7', 'Bali', 'Sanur', 14000, 0.5),
(2304, '7', 'Bali', 'Singaraja', 14000, 0.5),
(2305, '7', 'Bali', 'Ubud', 14000, 0.5),
(2306, '7', 'Banten', 'Cilegon', 10000, 0.5),
(2307, '7', 'Banten', 'Serpong', 6500, 0.5),
(2308, '7', 'Banten', 'Balaraja', 7000, 0.5),
(2309, '7', 'Banten', 'Bintaro', 6000, 0.5),
(2310, '7', 'Banten', 'Cikupa', 8500, 0.5),
(2311, '7', 'Banten', 'Cipondoh', 8000, 0.5),
(2312, '7', 'Banten', 'Karawaci', 7500, 0.5),
(2313, '7', 'Banten', 'Pamulang', 7000, 0.5),
(2314, '7', 'Banten', 'Pandegelang', 11500, 0.5),
(2315, '7', 'Banten', 'Panimbang', 12000, 0.5),
(2316, '7', 'Banten', 'Rangkas Bitung', 15000, 0.5),
(2317, '7', 'Banten', 'Serang', 12000, 0.5),
(2318, '7', 'Banten', 'Tangerang', 7000, 0.5),
(2319, '7', 'Banten', 'Tigaraksa', 9500, 0.5),
(2320, '7', 'Bengkulu', 'Bengkulu', 0, 0.5),
(2321, '7', 'Bengkulu', 'Curug', 0, 0.5),
(2322, '7', 'Bengkulu', 'Rajang Lebong', 0, 0.5),
(2323, '7', 'Gorontalo', 'Gorontalo', 0, 0.5),
(2324, '7', 'Jakarta', 'Jakarta', 0, 0.5),
(2325, '7', 'Jambi', 'Jambi', 0, 0.5),
(2326, '7', 'Jawa Barat', 'Bandung', 0, 0.5),
(2327, '7', 'Jawa Barat', 'Bekasi', 0, 0.5),
(2328, '7', 'Jawa Barat', 'Bogor', 0, 0.5),
(2329, '7', 'Jawa Barat', 'Cirebon', 0, 0.5),
(2330, '7', 'Jawa Barat', 'Depok', 0, 0.5),
(2331, '7', 'Jawa Barat', 'Karawang', 0, 0.5),
(2332, '7', 'Jawa Barat', 'Sukabumi', 0, 0.5),
(2333, '7', 'Jawa Barat', 'Bojonggede, Cibinong', 0, 0.5),
(2334, '7', 'Jawa Barat', 'Ciamis', 0, 0.5),
(2335, '7', 'Jawa Barat', 'Cianjur', 0, 0.5),
(2336, '7', 'Jawa Barat', 'Ciawi, Cibinong', 0, 0.5),
(2337, '7', 'Jawa Barat', 'Ciawi, Singaparna', 0, 0.5),
(2338, '7', 'Jawa Barat', 'Cibadak, Sukabumi', 0, 0.5),
(2339, '7', 'Jawa Barat', 'Cibinong, Bogor', 0, 0.5),
(2340, '7', 'Jawa Barat', 'Cibinong, Cianjur', 0, 0.5),
(2341, '7', 'Jawa Barat', 'Cibitung, Cikarang', 0, 0.5),
(2342, '7', 'Jawa Barat', 'Cibitung, Pandegelang', 0, 0.5),
(2343, '7', 'Jawa Barat', 'Cibitung, Sukabumi', 0, 0.5),
(2344, '7', 'Jawa Barat', 'Cibubur', 0, 0.5),
(2345, '7', 'Jawa Barat', 'Cikampek', 0, 0.5),
(2346, '7', 'Jawa Barat', 'Cikarang', 0, 0.5),
(2347, '7', 'Jawa Barat', 'Cileungsi', 0, 0.5),
(2348, '7', 'Jawa Barat', 'Cimahi', 0, 0.5),
(2349, '7', 'Jawa Barat', 'Cipanas, Cianjur', 0, 0.5),
(2350, '7', 'Jawa Barat', 'Citeureup', 0, 0.5),
(2351, '7', 'Jawa Barat', 'Dayeuh Kolot', 0, 0.5),
(2352, '7', 'Jawa Barat', 'Garut', 0, 0.5),
(2353, '7', 'Jawa Barat', 'Indramayu', 0, 0.5),
(2354, '7', 'Jawa Barat', 'Jatibarang, Brebes', 0, 0.5),
(2355, '7', 'Jawa Barat', 'Jatibarang, Indramayu', 0, 0.5),
(2356, '7', 'Jawa Barat', 'Jatinangor', 0, 0.5),
(2357, '7', 'Jawa Barat', 'Jatiwangi', 0, 0.5),
(2358, '7', 'Jawa Barat', 'Kadipaten, Majalengka', 0, 0.5),
(2359, '7', 'Jawa Barat', 'Kadipaten, Singaparna', 0, 0.5),
(2360, '7', 'Jawa Barat', 'Kuningan', 0, 0.5),
(2361, '7', 'Jawa Barat', 'Lembang, Ngamprah', 0, 0.5),
(2362, '7', 'Jawa Barat', 'Losari, Brebes', 0, 0.5),
(2363, '7', 'Jawa Barat', 'Majalaya, Karawang', 0, 0.5),
(2364, '7', 'Jawa Barat', 'Majalengka', 0, 0.5),
(2365, '7', 'Jawa Barat', 'Megamendung', 0, 0.5),
(2366, '7', 'Jawa Barat', 'Padalarang', 0, 0.5),
(2367, '7', 'Jawa Barat', 'Palimanan', 0, 0.5),
(2368, '7', 'Jawa Barat', 'Purwakarta', 0, 0.5),
(2369, '7', 'Jawa Barat', 'Purwakarta, Cilegon', 0, 0.5),
(2370, '7', 'Jawa Barat', 'Rancaekek, Soreang', 0, 0.5),
(2371, '7', 'Jawa Barat', 'Soreang', 0, 0.5),
(2372, '7', 'Jawa Barat', 'Subang', 0, 0.5),
(2373, '7', 'Jawa Barat', 'Sumedang', 0, 0.5),
(2374, '7', 'Jawa Barat', 'Tambun, Cikarang', 0, 0.5),
(2375, '7', 'Jawa Barat', 'Banjar', 0, 0.5),
(2376, '7', 'Jawa Barat', 'Tasikmalaya', 0, 0.5),
(2377, '7', 'Jawa Tengah', 'Cilacap', 0, 0.5),
(2378, '7', 'Jawa Tengah', 'Magelang', 0, 0.5),
(2379, '7', 'Jawa Tengah', 'Solo / Surakarta', 0, 0.5),
(2380, '7', 'Jawa Tengah', 'Semarang', 0, 0.5),
(2381, '7', 'Jawa Tengah', 'Ajibarang', 0, 0.5),
(2382, '7', 'Jawa Tengah', 'Ambarawa', 0, 0.5),
(2383, '7', 'Jawa Tengah', 'Banjarnegara', 0, 0.5),
(2384, '7', 'Jawa Tengah', 'Temanggung', 0, 0.5),
(2385, '7', 'Jawa Tengah', 'Banyumas, Purwokerto', 0, 0.5),
(2386, '7', 'Jawa Tengah', 'Blora', 0, 0.5),
(2387, '7', 'Jawa Tengah', 'Boyolali', 0, 0.5),
(2388, '7', 'Jawa Tengah', 'Cepu, Blora', 0, 0.5),
(2389, '7', 'Jawa Tengah', 'Delanggu, Klaten', 0, 0.5),
(2390, '7', 'Jawa Tengah', 'Demak', 0, 0.5),
(2391, '7', 'Jawa Tengah', 'Jepara', 0, 0.5),
(2392, '7', 'Jawa Tengah', 'Kebumen', 0, 0.5),
(2393, '7', 'Jawa Tengah', 'Kendal', 0, 0.5),
(2394, '7', 'Jawa Tengah', 'Klaten', 0, 0.5),
(2395, '7', 'Jawa Tengah', 'Kudus', 0, 0.5),
(2396, '7', 'Jawa Tengah', 'Muntilan, Magelang', 0, 0.5),
(2397, '7', 'Jawa Tengah', 'Pati', 0, 0.5),
(2398, '7', 'Jawa Tengah', 'Pekalongan', 0, 0.5),
(2399, '7', 'Jawa Tengah', 'Pemalang', 0, 0.5),
(2400, '7', 'Jawa Tengah', 'Purbalingga', 0, 0.5),
(2401, '7', 'Jawa Tengah', 'Purwodadi, Grobogan', 0, 0.5),
(2402, '7', 'Jawa Tengah', 'Purwokerto', 0, 0.5),
(2403, '7', 'Jawa Tengah', 'Purworejo', 0, 0.5),
(2404, '7', 'Jawa Tengah', 'Rembang', 0, 0.5),
(2405, '7', 'Jawa Tengah', 'Salatiga', 0, 0.5),
(2406, '7', 'Jawa Tengah', 'Slawi', 0, 0.5),
(2407, '7', 'Jawa Tengah', 'Sukoharjo', 0, 0.5),
(2408, '7', 'Jawa Tengah', 'Tahunan, Jepara', 0, 0.5),
(2409, '7', 'Jawa Tengah', 'Tegal', 0, 0.5),
(2410, '7', 'Jawa Tengah', 'Ungaran', 0, 0.5),
(2411, '7', 'Jawa Tengah', 'Wonogiri', 0, 0.5),
(2412, '7', 'Jawa Tengah', 'Wonopringgo, Kajen', 0, 0.5),
(2413, '7', 'Jawa Tengah', 'Wonosobo', 0, 0.5),
(2414, '7', 'Jawa Timur', 'Jember', 0, 0.5),
(2415, '7', 'Jawa Timur', 'Kediri', 0, 0.5),
(2416, '7', 'Jawa Timur', 'Madiun', 0, 0.5),
(2417, '7', 'Jawa Timur', 'Bangkalan', 0, 0.5),
(2418, '7', 'Jawa Timur', 'Banyuwangi', 0, 0.5),
(2419, '7', 'Jawa Timur', 'Batu', 0, 0.5),
(2420, '7', 'Jawa Timur', 'Blitar', 0, 0.5),
(2421, '7', 'Jawa Timur', 'Bojonegoro', 0, 0.5),
(2422, '7', 'Jawa Timur', 'Bondowoso', 0, 0.5),
(2423, '7', 'Jawa Timur', 'Buduran, Sidoarjo', 0, 0.5),
(2424, '7', 'Jawa Timur', 'Gresik', 0, 0.5),
(2425, '7', 'Jawa Timur', 'Jombang', 0, 0.5),
(2426, '7', 'Jawa Timur', 'Lamongan', 0, 0.5),
(2427, '7', 'Jawa Timur', 'Lumajang', 0, 0.5),
(2428, '7', 'Jawa Timur', 'Magetan', 0, 0.5),
(2429, '7', 'Jawa Timur', 'Malang', 0, 0.5),
(2430, '7', 'Jawa Timur', 'Mojokerto', 0, 0.5),
(2431, '7', 'Jawa Timur', 'Nganjuk', 0, 0.5),
(2432, '7', 'Jawa Timur', 'Ngawi', 0, 0.5),
(2433, '7', 'Jawa Timur', 'Pamekasan', 0, 0.5),
(2434, '7', 'Jawa Timur', 'Pandaan', 0, 0.5),
(2435, '7', 'Jawa Timur', 'Pare, Kediri', 0, 0.5),
(2436, '7', 'Jawa Timur', 'Pasuruan', 0, 0.5),
(2437, '7', 'Jawa Timur', 'Ponorogo', 0, 0.5),
(2438, '7', 'Jawa Timur', 'Probolinggo', 0, 0.5),
(2439, '7', 'Jawa Timur', 'Sedati, Sidoarjo', 0, 0.5),
(2440, '7', 'Jawa Timur', 'Sidoarjo', 0, 0.5),
(2441, '7', 'Jawa Timur', 'Situbondo', 0, 0.5),
(2442, '7', 'Jawa Timur', 'Sumenep', 0, 0.5),
(2443, '7', 'Jawa Timur', 'Surabaya', 0, 0.5),
(2444, '7', 'Jawa Timur', 'Tlogosari, Bondowoso', 0, 0.5),
(2445, '7', 'Jawa Timur', 'Trenggalek', 0, 0.5),
(2446, '7', 'Jawa Timur', 'Tuban', 0, 0.5),
(2447, '7', 'Jawa Timur', 'Tulungagung', 0, 0.5),
(2448, '7', 'Jawa Timur', 'Turi (Lamongan)', 0, 0.5),
(2449, '7', 'Jawa Timur', 'Waru (Sidoarjo)', 0, 0.5),
(2450, '7', 'Kalimantan Barat', 'Ketapang', 0, 0.5),
(2451, '7', 'Kalimantan Barat', 'Ketapang, Sampang', 0, 0.5),
(2452, '7', 'Kalimantan Barat', 'Nanga Pinoh, Melawi', 0, 0.5),
(2453, '7', 'Kalimantan Barat', 'Pemangkat', 0, 0.5),
(2454, '7', 'Kalimantan Barat', 'Pontianak', 0, 0.5),
(2455, '7', 'Kalimantan Barat', 'Sambas', 0, 0.5),
(2456, '7', 'Kalimantan Barat', 'Sanggau', 0, 0.5),
(2457, '7', 'Kalimantan Barat', 'Singkawang', 0, 0.5),
(2458, '7', 'Kalimantan Barat', 'Sintang', 0, 0.5),
(2459, '7', 'Kalimantan Barat', 'Sui Raya, Kubu Raya', 0, 0.5),
(2460, '7', 'Kalimantan Selatan', 'Banjarbaru', 0, 0.5),
(2461, '7', 'Kalimantan Selatan', 'Banjarmasin', 0, 0.5),
(2462, '7', 'Kalimantan Selatan', 'Barabai', 0, 0.5),
(2463, '7', 'Kalimantan Selatan', 'Batu Licin', 0, 0.5),
(2464, '7', 'Kalimantan Selatan', 'Kotabaru, Pulaulaut', 0, 0.5),
(2465, '7', 'Kalimantan Selatan', 'Martapura, Banjar', 0, 0.5),
(2466, '7', 'Kalimantan Selatan', 'Paringin, Kab. Balangan', 0, 0.5),
(2467, '7', 'Kalimantan Selatan', 'Pelaihari', 0, 0.5),
(2468, '7', 'Kalimantan Selatan', 'Banjarbaru', 0, 0.5),
(2469, '7', 'Kalimantan Selatan', 'Banjarmasin', 0, 0.5),
(2470, '7', 'Kalimantan Selatan', 'Barabai', 0, 0.5),
(2471, '7', 'Kalimantan Selatan', 'Batu Licin', 0, 0.5),
(2472, '7', 'Kalimantan Selatan', 'Kotabaru, Pulaulaut', 0, 0.5),
(2473, '7', 'Kalimantan Selatan', 'Martapura, Banjar', 0, 0.5),
(2474, '7', 'Kalimantan Selatan', 'Paringin, Kab. Balangan', 0, 0.5),
(2475, '7', 'Kalimantan Selatan', 'Pelaihari', 0, 0.5),
(2476, '7', 'Kalimantan Tengah', 'Kuala Kapuas', 0, 0.5),
(2477, '7', 'Kalimantan Tengah', 'Muara Teweh', 0, 0.5),
(2478, '7', 'Kalimantan Tengah', 'Palangkaraya', 0, 0.5),
(2479, '7', 'Kalimantan Tengah', 'Palangkaraya', 0, 0.5),
(2480, '7', 'Kalimantan Tengah', 'Pangkalan Banteng', 0, 0.5),
(2481, '7', 'Kalimantan Tengah', 'Pangkalan Bun', 0, 0.5),
(2482, '7', 'Kalimantan Tengah', 'Sampit', 0, 0.5),
(2483, '7', 'Kalimantan Timur', 'Balikpapan', 0, 0.5),
(2484, '7', 'Kalimantan Timur', 'Bontang', 0, 0.5),
(2485, '7', 'Kalimantan Timur', 'Melak, Sendawar', 0, 0.5),
(2486, '7', 'Kalimantan Timur', 'Nunukan', 0, 0.5),
(2487, '7', 'Kalimantan Timur', 'Samarinda', 0, 0.5),
(2488, '7', 'Kalimantan Timur', 'Samarinda', 0, 0.5),
(2489, '7', 'Kalimantan Timur', 'Sangatta, Bontang', 0, 0.5),
(2490, '7', 'Kalimantan Timur', 'Tanah Grogot, Kab. Paser', 0, 0.5),
(2491, '7', 'Kalimantan Timur', 'Tanjung Selor', 0, 0.5),
(2492, '7', 'Kalimantan Timur', 'Tarakan', 0, 0.5),
(2493, '7', 'Kalimantan Timur', 'Tenggarong, Kutai', 0, 0.5),
(2494, '7', 'Kalimantan Utara', 'Tanjung Selor', 0, 0.5),
(2495, '7', 'Kepulauan Bangka Belitung', 'Pangkal Pinang', 0, 0.5),
(2496, '7', 'Kepulauan Bangka Belitung', 'Belinyu', 0, 0.5),
(2497, '7', 'Kepulauan Bangka Belitung', 'Gantung', 0, 0.5),
(2498, '7', 'Kepulauan Bangka Belitung', 'Manggar', 0, 0.5),
(2499, '7', 'Kepulauan Bangka Belitung', 'Mentok', 0, 0.5),
(2500, '7', 'Kepulauan Bangka Belitung', 'Pangkal Pinang', 0, 0.5),
(2501, '7', 'Kepulauan Riau', 'Batam', 0, 0.5),
(2502, '7', 'Kepulauan Riau', 'Tanjung Pinang', 0, 0.5),
(2503, '7', 'Kepulauan Riau', 'Kundur, Karimun', 0, 0.5),
(2504, '7', 'Kepulauan Riau', 'Lagoi, Bintan', 0, 0.5),
(2505, '7', 'Kepulauan Riau', 'Tanjung Balai Karimun', 0, 0.5),
(2506, '7', 'Kepulauan Riau', 'Tanjung Uban / Bintan Utara', 0, 0.5),
(2507, '7', 'Lampung', 'Bandar Lampung', 0, 0.5),
(2508, '7', 'Lampung', 'Bakauheuni', 0, 0.5),
(2509, '7', 'Lampung', 'Bukit Kemuning', 0, 0.5),
(2510, '7', 'Lampung', 'Kalianda', 0, 0.5),
(2511, '7', 'Lampung', 'Kota Agung', 0, 0.5),
(2512, '7', 'Lampung', 'Kotabumi', 0, 0.5),
(2513, '7', 'Lampung', 'Liwa', 0, 0.5),
(2514, '7', 'Lampung', 'Metro', 0, 0.5),
(2515, '7', 'Lampung', 'Pringsewu', 0, 0.5),
(2516, '7', 'Lampung', 'Seputih Bawang, Gunung Sugih', 0, 0.5),
(2517, '7', 'Maluku', 'Ambon', 0, 0.5),
(2518, '7', 'Maluku Utara', 'Ternate', 0, 0.5),
(2519, '7', 'Nusa Tenggara Barat', 'Dompu', 0, 0.5),
(2520, '7', 'Nusa Tenggara Timur', 'Bima', 0, 0.5),
(2521, '7', 'Nusa Tenggara Timur', 'Kalabahi', 0, 0.5),
(2522, '7', 'Nusa Tenggara Timur', 'Kupang', 0, 0.5),
(2523, '7', 'Nusa Tenggara Timur', 'Loweleba', 0, 0.5),
(2524, '7', 'Nusa Tenggara Timur', 'Maumere', 0, 0.5),
(2525, '7', 'Nusa Tenggara Timur', 'Ruteng, Kab. Manggarai', 0, 0.5),
(2526, '7', 'Nusa Tenggara Timur', 'Waingapu, Kab. Sumba Timur', 0, 0.5),
(2527, '7', 'Papua', 'Biak', 0, 0.5),
(2528, '7', 'Papua', 'Jayapura', 0, 0.5),
(2529, '7', 'Papua', 'Kuala Kencana, Timika', 0, 0.5),
(2530, '7', 'Papua', 'Merauke', 0, 0.5),
(2531, '7', 'Papua', 'Serui', 0, 0.5),
(2532, '7', 'Papua', 'Timika', 0, 0.5),
(2533, '7', 'Papua Barat', 'Manokwari', 0, 0.5),
(2534, '7', 'Papua Barat', 'Manokwari', 0, 0.5),
(2535, '7', 'Papua Barat', 'Sorong', 0, 0.5),
(2536, '7', 'Riau', 'Pekanbaru', 0, 0.5),
(2537, '7', 'Riau', 'Bagansiapi Api', 0, 0.5),
(2538, '7', 'Riau', 'Bangkinang', 0, 0.5),
(2539, '7', 'Riau', 'Bengkalis', 0, 0.5),
(2540, '7', 'Riau', 'Dumai', 0, 0.5),
(2541, '7', 'Riau', 'Duri', 0, 0.5),
(2542, '7', 'Riau', 'Marpoyan', 0, 0.5),
(2543, '7', 'Riau', 'Nongsa / Kabil - Batam', 0, 0.5),
(2544, '7', 'Riau', 'Pangkalan Kerinci', 0, 0.5),
(2545, '7', 'Riau', 'Rengat', 0, 0.5),
(2546, '7', 'Riau', 'Rumbai', 0, 0.5),
(2547, '7', 'Riau', 'Siak Sri Indrapura', 0, 0.5),
(2548, '7', 'Riau', 'Teluk Kuantan', 0, 0.5),
(2549, '7', 'Riau', 'Tembilahan', 0, 0.5),
(2550, '7', 'Sulawesi Barat', 'Majene', 0, 0.5),
(2551, '7', 'Sulawesi Barat', 'Mamasa', 0, 0.5),
(2552, '7', 'Sulawesi Barat', 'Mamuju', 0, 0.5),
(2553, '7', 'Sulawesi Barat', 'Polewali', 0, 0.5),
(2554, '7', 'Sulawesi Selatan', 'Banawa', 0, 0.5),
(2555, '7', 'Sulawesi Selatan', 'Benteng, Selayar', 0, 0.5),
(2556, '7', 'Sulawesi Selatan', 'Bulukumba', 0, 0.5);
INSERT INTO `tbl_courier_rate` (`courier_rate_id`, `courier_name`, `courier_province`, `courier_city`, `courier_rate`, `courier_weight`) VALUES
(2557, '7', 'Sulawesi Selatan', 'Maros', 0, 0.5),
(2558, '7', 'Sulawesi Selatan', 'Palopo', 0, 0.5),
(2559, '7', 'Sulawesi Selatan', 'Pare Pare', 0, 0.5),
(2560, '7', 'Sulawesi Selatan', 'Pinrang', 0, 0.5),
(2561, '7', 'Sulawesi Selatan', 'Rantepao, Tana Toraja', 0, 0.5),
(2562, '7', 'Sulawesi Selatan', 'Sengkang', 0, 0.5),
(2563, '7', 'Sulawesi Selatan', 'Soroako', 0, 0.5),
(2564, '7', 'Sulawesi Selatan', 'Sangguminasa, Gowa', 0, 0.5),
(2565, '7', 'Sulawesi Tengah', 'Ampana Kota', 0, 0.5),
(2566, '7', 'Sulawesi Tengah', 'Banggai', 0, 0.5),
(2567, '7', 'Sulawesi Tengah', 'Buol', 0, 0.5),
(2568, '7', 'Sulawesi Tengah', 'Luwuk', 0, 0.5),
(2569, '7', 'Sulawesi Tengah', 'Palu', 0, 0.5),
(2570, '7', 'Sulawesi Tengah', 'Parigi', 0, 0.5),
(2571, '7', 'Sulawesi Tengah', 'Poso', 0, 0.5),
(2572, '7', 'Sulawesi Tengah', 'Sigi Biromanu, Donggala', 0, 0.5),
(2573, '7', 'Sulawesi Tengah', 'Tolitoli', 0, 0.5),
(2574, '7', 'Sulawesi Tenggara', 'Bau-bau', 0, 0.5),
(2575, '7', 'Sulawesi Tenggara', 'Kendari', 0, 0.5),
(2576, '7', 'Sulawesi Tenggara', 'Kolaka', 0, 0.5),
(2577, '7', 'Sulawesi Tenggara', 'Unaaha, Konawe', 0, 0.5),
(2578, '7', 'Sulawesi Utara', 'Airmadidi', 0, 0.5),
(2579, '7', 'Sulawesi Utara', 'Amurang', 0, 0.5),
(2580, '7', 'Sulawesi Utara', 'Bitung', 0, 0.5),
(2581, '7', 'Sulawesi Utara', 'Kotamobagu', 0, 0.5),
(2582, '7', 'Sulawesi Utara', 'Manado', 0, 0.5),
(2583, '7', 'Sulawesi Utara', 'Tahuna', 0, 0.5),
(2584, '7', 'Sulawesi Utara', 'Tomohon', 0, 0.5),
(2585, '7', 'Sulawesi Utara', 'Tondano', 0, 0.5),
(2586, '7', 'Sumatera Barat', 'Padang', 0, 0.5),
(2587, '7', 'Sumatera Barat', 'Batusangkar', 0, 0.5),
(2588, '7', 'Sumatera Barat', 'Gunung Sitoli, Nias', 0, 0.5),
(2589, '7', 'Sumatera Barat', 'Padang', 0, 0.5),
(2590, '7', 'Sumatera Barat', 'Padang Panjang', 0, 0.5),
(2591, '7', 'Sumatera Barat', 'Payakumbuh', 0, 0.5),
(2592, '7', 'Sumatera Barat', 'Sawahlunto', 0, 0.5),
(2593, '7', 'Sumatera Barat', 'Solok', 0, 0.5),
(2594, '7', 'Sumatera Selatan', 'Palembang', 0, 0.5),
(2595, '7', 'Sumatera Selatan', 'Baturaja', 0, 0.5),
(2596, '7', 'Sumatera Selatan', 'Kayu Agung', 0, 0.5),
(2597, '7', 'Sumatera Selatan', 'Lahat', 0, 0.5),
(2598, '7', 'Sumatera Selatan', 'Lubuk Linggau', 0, 0.5),
(2599, '7', 'Sumatera Selatan', 'Martapura', 0, 0.5),
(2600, '7', 'Sumatera Selatan', 'Muara Belikan, Muara Enim', 0, 0.5),
(2601, '7', 'Sumatera Selatan', 'Pagar Alam', 0, 0.5),
(2602, '7', 'Sumatera Selatan', 'Plaju', 0, 0.5),
(2603, '7', 'Sumatera Selatan', 'Prabumulih', 0, 0.5),
(2604, '7', 'Sumatera Selatan', 'Sekayu', 0, 0.5),
(2605, '7', 'Sumatera Utara', 'Medan', 0, 0.5),
(2606, '7', 'Sumatera Utara', 'Belawan', 0, 0.5),
(2607, '7', 'Sumatera Utara', 'Binjai', 0, 0.5),
(2608, '7', 'Sumatera Utara', 'Kabanjahe', 0, 0.5),
(2609, '7', 'Sumatera Utara', 'Kisaran', 0, 0.5),
(2610, '7', 'Sumatera Utara', 'Lubuk Pakam', 0, 0.5),
(2611, '7', 'Sumatera Utara', 'Padang Sidempuan', 0, 0.5),
(2612, '7', 'Sumatera Utara', 'Pematangsiantar', 0, 0.5),
(2613, '7', 'Sumatera Utara', 'Rantau Prapat', 0, 0.5),
(2614, '7', 'Sumatera Utara', 'Sei Rampah', 0, 0.5),
(2615, '7', 'Sumatera Utara', 'Sibolga', 0, 0.5),
(2616, '7', 'Sumatera Utara', 'Sibuhuan', 0, 0.5),
(2617, '7', 'Sumatera Utara', 'Sidikalang', 0, 0.5),
(2618, '7', 'Sumatera Utara', 'Sipirok', 0, 0.5),
(2619, '7', 'Sumatera Utara', 'Stabat', 0, 0.5),
(2620, '7', 'Sumatera Utara', 'Tanjung Balai Asahan', 0, 0.5),
(2621, '7', 'Sumatera Utara', 'Tanjung Morawa', 0, 0.5),
(2622, '7', 'Sumatera Utara', 'Tarutung', 0, 0.5),
(2623, '7', 'Sumatera Utara', 'Tebing Tinggi', 0, 0.5),
(2624, '7', 'Yogyakarta', 'Yogyakarta', 0, 0.5),
(2625, '7', 'Yogyakarta', 'Bantul', 0, 0.5),
(2626, '7', 'Yogyakarta', 'Ngaglik', 0, 0.5),
(2627, '7', 'Yogyakarta', 'Prambanan', 0, 0.5),
(2628, '7', 'Yogyakarta', 'Sleman', 0, 0.5);

-- --------------------------------------------------------

--
-- Table structure for table `tbl_featured`
--

CREATE TABLE IF NOT EXISTS `tbl_featured` (
  `featured_id` int(11) NOT NULL AUTO_INCREMENT,
  `featured_alias_id` varchar(11) NOT NULL,
  `featured_type_id` int(11) NOT NULL,
  PRIMARY KEY (`featured_id`)
) ENGINE=MyISAM  DEFAULT CHARSET=latin1 AUTO_INCREMENT=9 ;

--
-- Dumping data for table `tbl_featured`
--

INSERT INTO `tbl_featured` (`featured_id`, `featured_alias_id`, `featured_type_id`) VALUES
(1, '1', 19),
(2, '2', 4),
(3, '3', 9),
(4, '4', 11),
(5, '5', 20),
(6, '6', 22),
(7, '7', 24),
(8, '8', 31);

-- --------------------------------------------------------

--
-- Table structure for table `tbl_gallery`
--

CREATE TABLE IF NOT EXISTS `tbl_gallery` (
  `id` int(11) NOT NULL AUTO_INCREMENT,
  `filename` varchar(100) NOT NULL,
  `link` varchar(100) NOT NULL,
  `order` int(11) NOT NULL,
  `flag` varchar(100) NOT NULL,
  PRIMARY KEY (`id`)
) ENGINE=MyISAM  DEFAULT CHARSET=latin1 AUTO_INCREMENT=11 ;

--
-- Dumping data for table `tbl_gallery`
--

INSERT INTO `tbl_gallery` (`id`, `filename`, `link`, `order`, `flag`) VALUES
(1, 'files/uploads/gallery/gallery-1-sample_recipe.jpg', 'NOT DEFINED YET', 0, 'files/uploads/gallery/gallery-1-sample_recipe.jpg'),
(2, 'files/uploads/gallery/gallery-2-sample_recipe.jpg', 'NOT DEFINED YET', 0, 'files/uploads/gallery/gallery-2-sample_recipe.jpg'),
(3, 'files/uploads/gallery/gallery-3-sample_recipe.jpg', 'NOT DEFINED YET', 0, 'files/uploads/gallery/gallery-3-sample_recipe.jpg'),
(4, 'files/uploads/gallery/gallery-4-slider-1.jpg', 'NOT DEFINED YET', 0, 'files/uploads/gallery/gallery-4-sample_recipe.jpg'),
(5, '', 'NOT DEFINED YET', 0, 'files/uploads/gallery/gallery-5-sample_recipe.jpg'),
(6, '', 'NOT DEFINED YET', 0, 'files/uploads/gallery/gallery-6-sample_recipe.jpg'),
(7, '', 'NOT DEFINED YET', 0, 'files/uploads/gallery/gallery-7-sample_recipe.jpg'),
(8, '', 'NOT DEFINED YET', 0, 'files/uploads/gallery/gallery-8-sample_recipe.jpg'),
(9, '', 'NOT DEFINED YET', 0, 'files/uploads/gallery/gallery-9-sample_recipe.jpg'),
(10, '', 'NOT DEFINED YET', 0, 'files/uploads/gallery/gallery-10-sample_recipe.jpg');

-- --------------------------------------------------------

--
-- Table structure for table `tbl_general`
--

CREATE TABLE IF NOT EXISTS `tbl_general` (
  `general_id` int(11) NOT NULL AUTO_INCREMENT,
  `url` varchar(50) NOT NULL,
  `website_title` varchar(100) NOT NULL,
  `website_description` text NOT NULL,
  `analytics_code` varchar(500) CHARACTER SET utf8 COLLATE utf8_unicode_ci NOT NULL,
  `company_phone` varchar(20) NOT NULL,
  `company_address` text NOT NULL,
  `company_country` varchar(30) NOT NULL,
  `company_province` varchar(100) NOT NULL,
  `company_city` varchar(50) NOT NULL,
  `company_postal_code` varchar(10) NOT NULL,
  `company_facebook` text NOT NULL,
  `company_twitter` text NOT NULL,
  `currency_rate` int(11) NOT NULL,
  PRIMARY KEY (`general_id`)
) ENGINE=MyISAM  DEFAULT CHARSET=latin1 AUTO_INCREMENT=18 ;

--
-- Dumping data for table `tbl_general`
--

INSERT INTO `tbl_general` (`general_id`, `url`, `website_title`, `website_description`, `analytics_code`, `company_phone`, `company_address`, `company_country`, `company_province`, `company_city`, `company_postal_code`, `company_facebook`, `company_twitter`, `currency_rate`) VALUES
(1, 'http://www.antikode.com', 'Antikode', 'E-Commerce Website Developer', '<script type="text/javascript">\r\n\r\n  var _gaq = _gaq || [];\r\n  _gaq.push([''_setAccount'', ''UA-40171222-1'']);\r\n  _gaq.push([''_trackPageview'']);\r\n\r\n  (function() {\r\n    var ga = document.createElement(''script''); ga.type = ''text/javascript''; ga.async = true;\r\n    ga.src = (''https:'' == document.location.protocol ? ''https://ssl'' : ''http://www'') + ''.google-analytics.com/ga.js'';\r\n    var s = document.getElementsByTagName(''script'')[0]; s.parentNode.insertBefore(ga, s);\r\n  })();\r\n\r\n</script>', '021 888 999', 'Jl. Jurangmangu Barat\r\nBintaro', 'ID', 'Banten', 'Tangerang Selatan', '123456', 'http://www.facebook.com', 'http://www.twitter.com', 10000),
(11, '', '', '', '', '', '', '', '', '', '', '', '', 0),
(12, '', '', '', '', '', '', '', '', '', '', '', '', 0),
(13, '', '', '', '', '', '', '', '', '', '', '', '', 0),
(14, '', '', '', '', '', '', '', '', '', '', '', '', 0),
(15, '', '', '', '', '', '', '', '', '', '', '', '', 0),
(16, '', '', '', '', '', '', '', '', '', '', '', '', 0),
(17, '', '', '', '', '', '', '', '', '', '', '', '', 0);

-- --------------------------------------------------------

--
-- Table structure for table `tbl_help`
--

CREATE TABLE IF NOT EXISTS `tbl_help` (
  `id` int(11) NOT NULL AUTO_INCREMENT,
  `fill` text NOT NULL,
  `type` text NOT NULL,
  `order_` int(11) NOT NULL,
  PRIMARY KEY (`id`)
) ENGINE=MyISAM  DEFAULT CHARSET=latin1 AUTO_INCREMENT=5 ;

--
-- Dumping data for table `tbl_help`
--

INSERT INTO `tbl_help` (`id`, `fill`, `type`, `order_`) VALUES
(2, '<p>\r\n	<span style="font-family:gotham rounded book;"><span style="font-size:11px;">I wanna dances</span></span></p>\r\n', 'payment', 2),
(3, '<p>\r\n	<span style="font-family:gotham rounded book;"><span style="font-size:11px;">I wanna give you things</span></span></p>\r\n<p>\r\n	<span style="font-family:gotham rounded book;"><span style="font-size:11px;">I kiss you.</span></span></p>\r\n', 'delivery', 3),
(4, '<p>\r\n	&nbsp;</p>\r\n<p class="p1">\r\n	<span style="font-size:11px;"><span style="font-family: ''gotham rounded book'';">Follow these simple steps.</span></span></p>\r\n<p class="p1">\r\n	<span style="font-size:11px;"><span style="font-family: ''gotham rounded book'';">1. SELECT PRODUCTS</span></span></p>\r\n<p class="p1">\r\n	<span style="font-size:11px;"><span style="font-family: ''gotham rounded book'';">Browse through our catalogue, click on the product you like.</span></span></p>\r\n<p class="p2">\r\n	&nbsp;</p>\r\n<p class="p1">\r\n	<span style="font-size:11px;"><span style="font-family: ''gotham rounded book'';">2. ADD TO BAG</span></span></p>\r\n<p class="p1">\r\n	<span style="font-size:11px;"><span style="font-family: ''gotham rounded book'';">Once you&#39;ve chosen the products you would like to buy, just simply click on the button ADD TO BAG.</span></span></p>\r\n<p class="p2">\r\n	&nbsp;</p>\r\n<p class="p1">\r\n	<span style="font-size:11px;"><span style="font-family: ''gotham rounded book'';">3. FOLLOW ORDER PROCESSES</span></span></p>\r\n<p class="p1">\r\n	<span style="font-size:11px;"><span style="font-family: ''gotham rounded book'';">After the product(s) has been added to the bag, you will then be redirected to My Order. There are four simple steps in My Order.&nbsp;</span></span></p>\r\n<p class="p2">\r\n	&nbsp;</p>\r\n<p class="p1">\r\n	<span style="font-size:11px;"><span style="font-family: ''gotham rounded book'';">Step 1: Shopping Bag</span></span></p>\r\n<p class="p1">\r\n	<span style="font-size:11px;"><span style="font-family: ''gotham rounded book'';">First step, review the content of your shopping bag. You can change the quantity of the products you added or even remove the products you do not want.</span></span></p>\r\n<p class="p2">\r\n	&nbsp;</p>\r\n<p class="p1">\r\n	<span style="font-size:11px;"><span style="font-family: ''gotham rounded book'';">Step 2: Details</span></span></p>\r\n<p class="p1">\r\n	<span style="font-size:11px;"><span style="font-family: ''gotham rounded book'';">Write down your personal details, as well as your shipping details.&nbsp;</span></span></p>\r\n<p class="p2">\r\n	&nbsp;</p>\r\n<p class="p1">\r\n	<span style="font-size:11px;"><span style="font-family: ''gotham rounded book'';">Step 3: Shipping</span></span></p>\r\n<p class="p1">\r\n	<span style="font-size:11px;"><span style="font-family: ''gotham rounded book'';">Third step, you can choose your shipping method.</span></span></p>\r\n<p class="p2">\r\n	&nbsp;</p>\r\n<p class="p1">\r\n	<span style="font-size:11px;"><span style="font-family: ''gotham rounded book'';">Step 4: Review</span></span></p>\r\n<p class="p1">\r\n	<span style="font-size:11px;"><span style="font-family: ''gotham rounded book'';">Review all the order steps you&#39;ve been through. You can edit each one of them before you confirm the order.</span></span></p>\r\n<p class="p2">\r\n	&nbsp;</p>\r\n<p class="p1">\r\n	<span style="font-size:11px;"><span style="font-family: ''gotham rounded book'';">4. SEND PAYMENT</span></span></p>\r\n<p class="p1">\r\n	<span style="font-size:11px;"><span style="font-family: ''gotham rounded book'';">Once you&#39;ve completed the order process, you can make the payment <span class="GRcorrect" grcontextid="with:0" grmarkguid="d7bc0ae1-e7d8-457d-9861-d3fbb02f0b57" gruiphraseguid="46933bb4-0a0e-4622-819d-a3c78d8ee144">with</span> any method you chose <span class="GRcorrect" grcontextid="on:1" grmarkguid="42e7f11b-3860-44e7-abe0-10078a946872" gruiphraseguid="46933bb4-0a0e-4622-819d-a3c78d8ee144">on</span> step 3.</span></span></p>\r\n<p class="p2">\r\n	&nbsp;</p>\r\n<p class="p1">\r\n	<span style="font-size:11px;"><span style="font-family: ''gotham rounded book'';">5. CONFIRM PAYMENT</span></span></p>\r\n<p class="p1">\r\n	<span style="font-size:11px;"><span style="font-family: ''gotham rounded book'';">After you&#39;ve made the payment, confirm the payment by clicking on the CONFIRM PAYMENT link on the top right of Monstore website.</span></span></p>\r\n', 'ordering', 1);

-- --------------------------------------------------------

--
-- Table structure for table `tbl_info`
--

CREATE TABLE IF NOT EXISTS `tbl_info` (
  `id` int(11) NOT NULL AUTO_INCREMENT,
  `parameter` text NOT NULL,
  `value` text NOT NULL,
  PRIMARY KEY (`id`)
) ENGINE=MyISAM  DEFAULT CHARSET=latin1 AUTO_INCREMENT=7 ;

--
-- Dumping data for table `tbl_info`
--

INSERT INTO `tbl_info` (`id`, `parameter`, `value`) VALUES
(1, 'url', 'http://www.melissa.co.id'),
(2, 'account_image', 'files/uploads/info/account.jpg'),
(3, 'info_image', 'files/uploads/info/account.jpg'),
(4, 'email', 'info@melissa.co.id'),
(5, 'website_name', 'Melissa'),
(6, 'order_email', 'gary@antikode.com');

-- --------------------------------------------------------

--
-- Table structure for table `tbl_infos`
--

CREATE TABLE IF NOT EXISTS `tbl_infos` (
  `info_id` int(11) NOT NULL AUTO_INCREMENT,
  `email` varchar(50) NOT NULL,
  `email_display` varchar(50) NOT NULL,
  `telephone` varchar(20) NOT NULL,
  `fax` varchar(20) NOT NULL,
  `handphone` varchar(20) NOT NULL,
  PRIMARY KEY (`info_id`)
) ENGINE=MyISAM  DEFAULT CHARSET=latin1 AUTO_INCREMENT=2 ;

--
-- Dumping data for table `tbl_infos`
--

INSERT INTO `tbl_infos` (`info_id`, `email`, `email_display`, `telephone`, `fax`, `handphone`) VALUES
(1, 'info@antikode.com', 'info@antikode.com', '021 888999', '021 999888', '0999 888 898');

-- --------------------------------------------------------

--
-- Table structure for table `tbl_news`
--

CREATE TABLE IF NOT EXISTS `tbl_news` (
  `news_id` int(11) NOT NULL AUTO_INCREMENT,
  `news_category` varchar(50) NOT NULL,
  `news_title` varchar(100) NOT NULL,
  `news_date` varchar(20) NOT NULL,
  `news_image` varchar(100) NOT NULL,
  `news_content` text NOT NULL,
  `news_created_date` date NOT NULL,
  `news_visibility` varchar(10) NOT NULL,
  PRIMARY KEY (`news_id`)
) ENGINE=MyISAM  DEFAULT CHARSET=latin1 AUTO_INCREMENT=5 ;

--
-- Dumping data for table `tbl_news`
--

INSERT INTO `tbl_news` (`news_id`, `news_category`, `news_title`, `news_date`, `news_image`, `news_content`, `news_created_date`, `news_visibility`) VALUES
(1, '5', 'natural resources becomes threaten', '23 November 2013', 'files/uploads/news_image/news_image-sample_recipe.jpg', 'Bionic Farm didirikan pada tahun 1990 dan berkomitmen untuk melestarikan alam dengan pertanian organik. Pada awalnya, Bionic Farm khusus membudidayakan jamur. Namun menyadari tumbuhnya kesadaran dan kepedulian masyarakat akan makanan yang dikonsumsi, Bionic Farm mengembangkan variasi produk pertanian organiknya.\r\n\r\nBionic Farm memiliki 2 lokasi pertanian yang utama, berada di Cibodas-Puncak dan Ciherang-Bogor, Jawa Barat. Di Cibodas, kami membudidayakan berbagai jenis jamur dataran tinggi, kopi, sayuran dan tanaman herbal. Di Ciherang, kami membudidayakan beras organik, Rosella serta berbagai jenis sayuran dan buah-buahan.', '2013-08-23', 'yes'),
(2, '3', 'natural bohemian', '23 Januari 2013', 'files/uploads/news_image/news_image-promo-1.jpg', 'Lorem ipsum dolor sit amet', '2013-08-23', 'yes'),
(3, '5', '9/11 days', '', 'files/uploads/news_image/news_image-img_blog-2.jpg', '9/11', '2013-07-23', ''),
(4, '3', 'lorem ipsum', '', 'files/uploads/news_image/news_image-img_blog-1.jpg', 'News Medica', '2013-07-23', '');

-- --------------------------------------------------------

--
-- Table structure for table `tbl_news_category`
--

CREATE TABLE IF NOT EXISTS `tbl_news_category` (
  `category_id` int(11) NOT NULL AUTO_INCREMENT,
  `category_name` varchar(100) NOT NULL,
  `category_active` varchar(10) NOT NULL,
  `category_visibility` varchar(10) NOT NULL,
  PRIMARY KEY (`category_id`)
) ENGINE=MyISAM  DEFAULT CHARSET=latin1 AUTO_INCREMENT=9 ;

--
-- Dumping data for table `tbl_news_category`
--

INSERT INTO `tbl_news_category` (`category_id`, `category_name`, `category_active`, `category_visibility`) VALUES
(3, 'Yoohoo', 'Active', 'Yes'),
(5, 'Category', 'Active', 'Yes'),
(8, 'Organics', 'Active', 'Yes');

-- --------------------------------------------------------

--
-- Table structure for table `tbl_order`
--

CREATE TABLE IF NOT EXISTS `tbl_order` (
  `order_id` int(11) NOT NULL AUTO_INCREMENT,
  `order_number` varchar(20) NOT NULL,
  `order_billing_first_name` varchar(50) NOT NULL,
  `order_billing_last_name` varchar(50) NOT NULL,
  `order_billing_fullname` varchar(100) NOT NULL,
  `order_billing_email` varchar(100) NOT NULL,
  `order_billing_phone` varchar(20) NOT NULL,
  `order_shipping_first_name` varchar(50) NOT NULL,
  `order_shipping_last_name` varchar(50) NOT NULL,
  `order_shipping_phone` varchar(20) NOT NULL,
  `order_shipping_address` text NOT NULL,
  `order_shipping_country` varchar(50) NOT NULL,
  `order_shipping_province` varchar(50) NOT NULL,
  `order_shipping_city` varchar(50) NOT NULL,
  `order_shipping_postal_code` varchar(10) NOT NULL,
  `shipping_method` varchar(20) NOT NULL,
  `order_gift_flag` tinyint(1) NOT NULL DEFAULT '0',
  `order_gift_message` text,
  `order_payment_method` varchar(30) NOT NULL,
  `order_status` varchar(20) NOT NULL,
  `payment_status` varchar(20) NOT NULL,
  `fulfillment_status` varchar(20) NOT NULL,
  `order_purchase_amount` float NOT NULL,
  `order_shipping_amount` float NOT NULL,
  `order_discount_amount` float NOT NULL,
  `order_voucher_value` float NOT NULL,
  `order_total_amount` float NOT NULL,
  `order_date` date NOT NULL,
  `order_open_date` datetime NOT NULL,
  `order_cancelled_date` datetime DEFAULT NULL,
  `order_expired_date` datetime DEFAULT NULL,
  `order_closed_date` datetime DEFAULT NULL,
  `order_confirm_bank` varchar(20) DEFAULT NULL,
  `order_confirm_name` varchar(100) DEFAULT NULL,
  `order_confirm_amount` int(11) DEFAULT NULL,
  PRIMARY KEY (`order_id`),
  UNIQUE KEY `order_number` (`order_number`)
) ENGINE=MyISAM  DEFAULT CHARSET=latin1 AUTO_INCREMENT=25 ;

--
-- Dumping data for table `tbl_order`
--

INSERT INTO `tbl_order` (`order_id`, `order_number`, `order_billing_first_name`, `order_billing_last_name`, `order_billing_fullname`, `order_billing_email`, `order_billing_phone`, `order_shipping_first_name`, `order_shipping_last_name`, `order_shipping_phone`, `order_shipping_address`, `order_shipping_country`, `order_shipping_province`, `order_shipping_city`, `order_shipping_postal_code`, `shipping_method`, `order_gift_flag`, `order_gift_message`, `order_payment_method`, `order_status`, `payment_status`, `fulfillment_status`, `order_purchase_amount`, `order_shipping_amount`, `order_discount_amount`, `order_voucher_value`, `order_total_amount`, `order_date`, `order_open_date`, `order_cancelled_date`, `order_expired_date`, `order_closed_date`, `order_confirm_bank`, `order_confirm_name`, `order_confirm_amount`) VALUES
(1, 'DIM230713001', 'Dimas', 'Nuh Putra', 'Dimas Nuh Putra', 'dimas@antikode.com', '0888999888', 'Dimas', 'Nuh Putra', '0888999888', 'Pending Kencana 3\r\nC5 #5\r\nKencana Loka, Bsd City', 'Indonesia', 'Banten', 'Cilegon', '15535', 'JNE - Regular', 0, 'NO GIFT', 'BCA', 'Open', 'Paid', 'Delivered', 250000, 58000, 0, 0, 308000, '2013-07-23', '2013-07-23 00:00:00', '0000-00-00 00:00:00', NULL, '0000-00-00 00:00:00', 'BCA', 'Dimas Nuh Putra', 300000),
(2, 'DIM230713002', 'Dimas', 'Nuh Putra', 'Dimas Nuh Putra', 'dimas@antikode.com', '0888999888', 'Dimas', 'Nuh Putra', '0888999888', 'Pending Kencana 3\r\nC5 #5\r\nKencana Loka, Bsd City', 'Indonesia', 'Banten', 'Cilegon', '15535', 'JNE - Regular', 0, 'NO GIFT', 'Mandiri', 'Open', 'Paid', 'Delivered', 48000, 7000, 0, 0, 55000, '2013-07-23', '2013-07-23 00:00:00', '0000-00-00 00:00:00', NULL, '0000-00-00 00:00:00', 'BCA', 'Dimas Nuh Putra', 50000),
(3, 'DIM230713003', 'Dimas', 'Nuh Putra', 'Dimas Nuh Putra', 'dimas@antikode.com', '0888999888', 'Dimas', 'Nuh Putra', '0888999888', 'Pending Kencana 3\r\nC5 #5\r\nKencana Loka, Bsd City', 'Indonesia', 'Banten', 'Cilegon', '15535', 'JNE - Regular', 0, 'NO GIFT', 'BCA', 'Open', 'Unpaid', 'Unfulfilled', 23000, 15000, 0, 0, 38000, '2013-07-23', '2013-07-23 00:00:00', '0000-00-00 00:00:00', NULL, '0000-00-00 00:00:00', '', '', 0),
(4, 'DIM230713004', 'Dimas', 'Nuh Putra', 'Dimas Nuh Putra', 'dimas@antikode.com', '0888999888', 'Dimas', 'Nuh Putra', '0888999888', 'Pending Kencana 3\r\nC5 #5\r\nKencana Loka, Bsd City', 'Indonesia', 'Banten', 'Cilegon', '15535', 'JNE - Regular', 0, 'NO GIFT', 'Mandiri', 'Open', 'Unpaid', 'Unfulfilled', 25000, 15000, 0, 0, 40000, '2013-07-23', '2013-07-23 00:00:00', '0000-00-00 00:00:00', NULL, '0000-00-00 00:00:00', '', '', 0),
(5, 'DIM200813001', 'Dimas', 'Nuh Putra', 'Dimas Nuh Putra', 'dimas@antikode.com', '0888999888', 'Dimas', 'Nuh Putra', '0218294098', 'Pending Kencana 3\r\nC5 #5\r\nKencana Loka, Bsd City', 'Indonesia', 'Banten', 'Tangerang Selatan', '15535', 'JNE - Regular', 0, 'NO GIFT', 'Mandiri', 'Open', 'Unpaid', 'Unfulfilled', 75000, 29000, 0, 0, 104000, '2013-08-20', '2013-08-20 00:00:00', '0000-00-00 00:00:00', NULL, '0000-00-00 00:00:00', '', '', 0),
(6, 'DIM200813002', 'Dimas', 'Nuh Putra', 'Dimas Nuh Putra', 'dimas@antikode.com', '0888999888', 'Dimas', 'Nuh Putra', '0218294098', 'Pending Kencana 3\r\nC5 #5\r\nKencana Loka, Bsd City', 'Indonesia', 'Banten', 'Tangerang Selatan', '15535', 'JNE - Regular', 0, 'NO GIFT', 'Mandiri', 'Open', 'Paid', 'Delivered', 75000, 29000, 0, 0, 104000, '2013-08-20', '2013-08-20 00:00:00', '0000-00-00 00:00:00', NULL, '0000-00-00 00:00:00', 'BCA', 'Dimas Nuh Putra', 1200000),
(7, 'DIM200813003', 'Dimas', 'Nuh Putra', 'Dimas Nuh Putra', 'dimas@antikode.com', '0888999888', 'Dimas', 'Nuh Putra', '0218294098', 'Pending Kencana 3\r\nC5 #5\r\nKencana Loka, Bsd City', 'Indonesia', 'Banten', 'Cilegon', '15535', 'JNE - Regular', 0, 'NO GIFT', 'Mandiri', 'Open', 'Unpaid', 'Unfulfilled', 0, 9.519e+06, 0, 0, 9.519e+06, '2013-08-20', '2013-08-20 00:00:00', '0000-00-00 00:00:00', NULL, '0000-00-00 00:00:00', '', '', 0),
(8, 'DIM200813004', 'Dimas', 'Nuh Putra', 'Dimas Nuh Putra', 'dimas@antikode.com', '0218294098', 'Dimas', 'Nuh Putra', '0218294098', 'Pending Kencana 3\r\nC5 #5\r\nKencana Loka, Bsd City', 'Indonesia', 'Banten', 'Cilegon', '15535', 'JNE - Regular', 0, 'NO GIFT', 'Mandiri', 'Open', 'Unpaid', 'Unfulfilled', 0, 7.25e+06, 0, 0, 7.25e+06, '2013-08-20', '2013-08-20 00:00:00', '0000-00-00 00:00:00', NULL, '0000-00-00 00:00:00', '', '', 0),
(9, 'DIM200813005', 'Dimas', 'Nuh Putra', 'Dimas Nuh Putra', 'dimas@antikode.com', '0888999888', 'Dimas', 'Nuh Putra', '0888999888', 'Pending Kencana 3\r\nC5 #5\r\nKencana Loka, Bsd City', 'Indonesia', 'Banten', 'Cilegon', '15535', 'JNE - Regular', 0, 'NO GIFT', 'Mandiri', 'Open', 'Unpaid', 'Unfulfilled', 0, 19000, 0, 0, 19000, '2013-08-20', '2013-08-20 00:00:00', '0000-00-00 00:00:00', NULL, '0000-00-00 00:00:00', '', '', 0),
(10, 'DIM200813006', 'Dimas', 'Nuh Putra', 'Dimas Nuh Putra', 'dimas@antikode.com', '0888999888', 'Dimas', 'Nuh Putra', '0888999888', 'Pending Kencana 3\r\nC5 #5\r\nKencana Loka, Bsd City', 'Indonesia', 'Banten', 'Tangerang Selatan', '15535', 'JNE - Regular', 0, 'NO GIFT', 'BCA', 'Open', 'Unpaid', 'Unfulfilled', 25000, 29000, 0, 0, 54000, '2013-08-20', '2013-08-20 00:00:00', '0000-00-00 00:00:00', NULL, '0000-00-00 00:00:00', '', '', 0),
(11, 'DIM210813001', 'Dimas', 'Nuh Putra', 'Dimas Nuh Putra', 'dimas@antikode.com', '0888999888', 'Dimas', 'Nuh Putra', '0888999888', 'Pending Kencana 3\r\nC5 #5\r\nKencana Loka, Bsd City', 'Indonesia', 'Banten', 'Tangerang Selatan', '15535', 'JNE - Regular', 0, 'NO GIFT', 'Mandiri', 'Open', 'Unpaid', 'Unfulfilled', 0, 76000, 0, 0, 76000, '2013-08-21', '2013-08-21 00:00:00', '0000-00-00 00:00:00', NULL, '0000-00-00 00:00:00', '', '', 0),
(12, 'DIM210813002', 'Dimas', 'Nuh Putra', 'Dimas Nuh Putra', 'dimas@antikode.com', '0888999888', 'Dimas', 'Nuh Putra', '0888999888', 'Pending Kencana 3\r\nC5 #5\r\nKencana Loka, Bsd City', 'Indonesia', 'Banten', 'Tangerang Selatan', '15535', 'JNE - Regular', 0, 'NO GIFT', 'BCA', 'Open', 'Unpaid', 'Unfulfilled', 0, 15000, 0, 0, 15000, '2013-08-21', '2013-08-21 00:00:00', '0000-00-00 00:00:00', NULL, '0000-00-00 00:00:00', '', '', 0),
(13, 'DIM210813003', 'Dimas', 'Nuh Putra', 'Dimas Nuh Putra', 'dimas@antikode.com', '0888999888', 'Dimas', 'Nuh Putra', '0888999888', 'Pending Kencana 3\r\nC5 #5\r\nKencana Loka, Bsd City', 'Indonesia', 'Banten', 'Tangerang Selatan', '15535', 'JNE - Regular', 0, 'NO GIFT', 'BCA', 'Open', 'Paid', 'Delivered', 0, 15000, 0, 0, 15000, '2013-08-21', '2013-08-21 00:00:00', '0000-00-00 00:00:00', NULL, '0000-00-00 00:00:00', 'Mandiri', 'Dimas Nuh Putra', 16000),
(14, 'DIM210813004', 'Dimas', 'Nuh Putra', 'Dimas Nuh Putra', 'dimas@antikode.com', '0888999888', 'Dimas', 'Nuh Putra', '0888999888', 'Pending Kencana 3\r\nC5 #5\r\nKencana Loka, Bsd City', 'Indonesia', 'Banten', 'Tangerang Selatan', '15535', 'JNE - Regular', 0, 'NO GIFT', 'BCA', 'Open', 'Unpaid', 'Unfulfilled', 0, 15000, 0, 0, 15000, '2013-08-21', '2013-08-21 00:00:00', '0000-00-00 00:00:00', NULL, '0000-00-00 00:00:00', '', '', 0),
(15, 'DIM210813005', 'Dimas', 'Nuh Putra', 'Dimas Nuh Putra', 'dimas@antikode.com', '0888999888', 'Dimas', 'Nuh Putra', '0888999888', 'Pending Kencana 3\r\nC5 #5\r\nKencana Loka, Bsd City', 'Indonesia', 'Banten', 'Tangerang Selatan', '15535', 'JNE - Regular', 0, 'NO GIFT', 'BCA', 'Open', 'Unpaid', 'Unfulfilled', 0, 14000, 0, 0, 14000, '2013-08-21', '2013-08-21 00:00:00', '0000-00-00 00:00:00', NULL, '0000-00-00 00:00:00', '', '', 0),
(16, 'DIM210813006', 'Dimas', 'Nuh Putra', 'Dimas Nuh Putra', 'dimas@antikode.com', '0888999888', 'Dimas', 'Nuh Putra', '0888999888', 'Pending Kencana 3\r\nC5 #5\r\nKencana Loka, Bsd City', 'Indonesia', 'Banten', 'Tangerang Selatan', '15535', 'JNE - Regular', 0, 'NO GIFT', 'BCA', 'Open', 'Unpaid', 'Unfulfilled', 25000, 9000, 0, 0, 34000, '2013-08-21', '2013-08-21 00:00:00', '0000-00-00 00:00:00', NULL, '0000-00-00 00:00:00', '', '', 0),
(17, 'DIM210813007', 'Dimas', 'Nuh Putra', 'Dimas Nuh Putra', 'dimas@antikode.com', '0888999888', 'Dimas', 'Nuh Putra', '0888999888', 'Pending Kencana 3\r\nC5 #5\r\nKencana Loka, Bsd City', 'Indonesia', 'Banten', 'Tangerang Selatan', '15535', 'JNE - Regular', 0, 'NO GIFT', 'BCA', 'Open', 'Unpaid', 'Unfulfilled', 25000, 1.313e+06, 0, 0, 1.338e+06, '2013-08-21', '2013-08-21 00:00:00', '0000-00-00 00:00:00', NULL, '0000-00-00 00:00:00', '', '', 0),
(18, 'DIM210813008', 'Dimas', 'Nuh Putra', 'Dimas Nuh Putra', 'dimas@antikode.com', '0888999888', 'Dimas', 'Nuh Putra', '0888999888', 'Pending Kencana 3\r\nC5 #5\r\nKencana Loka, Bsd City', 'Indonesia', 'Banten', 'Tangerang Selatan', '15535', 'JNE - Regular', 0, 'NO GIFT', 'BCA', 'Open', 'Unpaid', 'Unfulfilled', 20000, 2.9e+06, 0, 0, 2.92e+06, '2013-08-21', '2013-08-21 00:00:00', '0000-00-00 00:00:00', NULL, '0000-00-00 00:00:00', '', '', 0),
(19, 'DIM210813009', 'Dimas', 'Nuh Putra', 'Dimas Nuh Putra', 'dimas@antikode.com', '0888999888', 'Dimas', 'Nuh Putra', '0888999888', 'Pending Kencana 3\r\nC5 #5\r\nKencana Loka, Bsd City', 'Indonesia', 'Banten', 'Tangerang Selatan', '15535', 'JNE - Regular', 0, 'NO GIFT', 'Mandiri', 'Open', 'Unpaid', 'Unfulfilled', 25000, 15000, 0, 0, 40000, '2013-08-21', '2013-08-21 00:00:00', '0000-00-00 00:00:00', NULL, '0000-00-00 00:00:00', '', '', 0),
(20, 'DIM220813001', 'Dimas', 'Nuh Putra', 'Dimas Nuh Putra', 'dimas@antikode.com', '0888999888', 'Dimas', 'Nuh Putra', '0888999888', 'Pending Kencana 3\r\nC5 #5\r\nKencana Loka, Bsd City', 'Indonesia', 'Aceh', 'Lhokseumawe', '15535', 'JNE - Regular', 0, 'NO GIFT', 'Mandiri', 'Open', 'Unpaid', 'Unfulfilled', 25000, 48000, 0, 0, 73000, '2013-08-22', '2013-08-22 00:00:00', '0000-00-00 00:00:00', NULL, '0000-00-00 00:00:00', '', '', 0),
(21, 'MUH220813002', 'muhammad', 'ihsan', 'muhammad ihsan', 'dega@dega.com', '0218294098', 'muhammad', 'ihsan', '0218294098', 'Jl. Golden Boulevard Raya\r\nBlok G1 No. 53', 'Indonesia', 'Banten', 'Tangerang Selatan', '12345', 'JNE - Regular', 0, 'NO GIFT', 'Mandiri', 'Open', 'Unpaid', 'Unfulfilled', 60000, 2.1e+06, 0, 0, 2.16e+06, '2013-08-22', '2013-08-22 00:00:00', '0000-00-00 00:00:00', NULL, '0000-00-00 00:00:00', '', '', 0),
(22, 'ANT230813001', 'anton', 'ferdinand', 'anton ferdinand', 'ferdinand@bpl.com', '0231 8294098', 'anton', 'ferdinand', '0231 8294098', 'Jl. Kosambi Raya No. 72', 'Indonesia', 'Jawa Barat', 'Cirebon', '53213', 'JNE - Regular', 0, 'NO GIFT', 'BCA', 'Open', 'Unpaid', 'Unfulfilled', 25000, 10000, 0, 0, 35000, '2013-08-23', '2013-08-23 00:00:00', '0000-00-00 00:00:00', NULL, '0000-00-00 00:00:00', '', '', 0),
(23, 'NAM230813002', 'namira', 'cempaka', 'namira cempaka', 'nam@cempaka.com', '022 554787', 'namira', 'cempaka', '022 554787', 'Jl. Dago No. 76', 'Indonesia', 'Jawa Barat', 'Bandung', '23456', 'JNE - Regular', 0, 'NO GIFT', 'Mandiri', 'Open', 'Unpaid', 'Unfulfilled', 175000, 2.03e+06, 0, 0, 2.205e+06, '2013-08-23', '2013-08-23 00:00:00', '0000-00-00 00:00:00', NULL, '0000-00-00 00:00:00', '', '', 0),
(24, 'DIM260813001', 'Dimas', 'Nuh Putra', 'Dimas Nuh Putra', 'dimas@antikode.com', '0888999888', 'Dimas', 'Nuh Putra', '0888999888', 'Pending Kencana 3\r\nC5 #5\r\nKencana Loka, Bsd City', 'Indonesia', 'Banten', 'Serpong', '15535', 'JNE Regular', 0, 'NO GIFT', 'BCA', 'Open', 'Unpaid', 'Unfulfilled', 600000, 32000, 0, 0, 632000, '2013-08-26', '2013-08-26 00:00:00', '0000-00-00 00:00:00', NULL, '0000-00-00 00:00:00', '', '', 0);

-- --------------------------------------------------------

--
-- Table structure for table `tbl_order_item`
--

CREATE TABLE IF NOT EXISTS `tbl_order_item` (
  `item_id` int(11) NOT NULL AUTO_INCREMENT,
  `order_id` int(11) NOT NULL,
  `type_id` int(11) NOT NULL,
  `stock_name` varchar(10) NOT NULL,
  `item_quantity` int(11) NOT NULL,
  `item_price` float NOT NULL,
  `item_discount_price` float NOT NULL,
  `fulfillment_date` datetime NOT NULL,
  `services` varchar(20) NOT NULL,
  `shipping_number` varchar(50) NOT NULL,
  `item_gender` text NOT NULL,
  PRIMARY KEY (`item_id`)
) ENGINE=MyISAM  DEFAULT CHARSET=latin1 AUTO_INCREMENT=38 ;

--
-- Dumping data for table `tbl_order_item`
--

INSERT INTO `tbl_order_item` (`item_id`, `order_id`, `type_id`, `stock_name`, `item_quantity`, `item_price`, `item_discount_price`, `fulfillment_date`, `services`, `shipping_number`, `item_gender`) VALUES
(1, 1, 4, 'NO STOCK N', 10, 25000, 0, '2013-08-20 14:20:23', 'JNE Regular', '232323232323', ''),
(3, 2, 4, 'NO STOCK N', 1, 25000, 0, '2013-08-21 11:38:04', 'JNE Regular', '12345678910', ''),
(4, 2, 11, 'NO STOCK N', 1, 23000, 0, '2013-08-21 11:38:04', 'JNE Regular', '12345678910', ''),
(6, 3, 11, 'NO STOCK N', 1, 23000, 0, '0000-00-00 00:00:00', '', '', ''),
(8, 4, 4, 'NO STOCK N', 1, 25000, 0, '0000-00-00 00:00:00', '', '', ''),
(10, 5, 4, 'NO STOCK N', 3, 25000, 0, '0000-00-00 00:00:00', '', '', ''),
(11, 6, 4, 'NO STOCK N', 3, 25000, 0, '2013-08-21 11:40:26', 'JNE Regular', '12345678910', ''),
(12, 7, 10, 'NO STOCK N', 5, 20000, 0, '0000-00-00 00:00:00', '', '', ''),
(13, 7, 4, 'NO STOCK N', 1, 25000, 0, '0000-00-00 00:00:00', '', '', ''),
(14, 8, 15, 'NO STOCK N', 5, 20000, 0, '0000-00-00 00:00:00', '', '', ''),
(15, 9, 4, 'NO STOCK N', 5, 25000, 0, '0000-00-00 00:00:00', '', '', ''),
(16, 10, 4, 'NO STOCK N', 1, 25000, 0, '0000-00-00 00:00:00', '', '', ''),
(17, 11, 4, 'NO STOCK N', 20, 25000, 0, '0000-00-00 00:00:00', '', '', ''),
(18, 11, 4, 'NO STOCK N', 20, 25000, 0, '0000-00-00 00:00:00', '', '', ''),
(19, 12, 4, 'NO STOCK N', 1, 25000, 0, '0000-00-00 00:00:00', '', '', ''),
(20, 13, 4, 'NO STOCK N', 1, 25000, 0, '2013-09-23 00:00:00', 'JNE Regular', '12345678910', ''),
(21, 14, 4, 'NO STOCK N', 1, 25000, 0, '0000-00-00 00:00:00', '', '', ''),
(22, 15, 4, 'NO STOCK N', 1, 25000, 0, '0000-00-00 00:00:00', '', '', ''),
(23, 16, 4, 'NO STOCK N', 1, 25000, 0, '0000-00-00 00:00:00', '', '', ''),
(24, 17, 4, 'One', 1, 25000, 0, '0000-00-00 00:00:00', '', '', ''),
(25, 17, 10, 'One', 1, 20000, 0, '0000-00-00 00:00:00', '', '', ''),
(26, 18, 10, 'One', 1, 20000, 0, '0000-00-00 00:00:00', '', '', ''),
(27, 19, 4, 'One', 1, 25000, 0, '0000-00-00 00:00:00', '', '', ''),
(28, 20, 4, 'One', 1, 25000, 0, '0000-00-00 00:00:00', '', '', ''),
(29, 21, 10, 'One', 3, 20000, 0, '0000-00-00 00:00:00', '', '', ''),
(30, 22, 4, 'One', 1, 25000, 0, '0000-00-00 00:00:00', '', '', ''),
(31, 23, 4, 'One', 13, 25000, 0, '0000-00-00 00:00:00', '', '', ''),
(32, 23, 15, 'One', 4, 20000, 0, '0000-00-00 00:00:00', '', '', ''),
(33, 23, 11, 'One', 6, 23000, 0, '0000-00-00 00:00:00', '', '', ''),
(34, 23, 6, 'One', 3, 25000, 0, '0000-00-00 00:00:00', '', '', ''),
(35, 24, 4, 'One', 2, 25000, 0, '0000-00-00 00:00:00', '', '', ''),
(36, 24, 5, 'One', 2, 25000, 0, '0000-00-00 00:00:00', '', '', ''),
(37, 24, 6, 'One', 20, 25000, 0, '0000-00-00 00:00:00', '', '', '');

-- --------------------------------------------------------

--
-- Table structure for table `tbl_payment`
--

CREATE TABLE IF NOT EXISTS `tbl_payment` (
  `payment_id` int(11) NOT NULL AUTO_INCREMENT,
  `order_id` varchar(20) NOT NULL,
  `payment_date` datetime NOT NULL,
  `payment_amount` varchar(20) NOT NULL,
  `payment_type` varchar(10) NOT NULL,
  PRIMARY KEY (`payment_id`)
) ENGINE=MyISAM DEFAULT CHARSET=latin1 AUTO_INCREMENT=1 ;

--
-- Dumping data for table `tbl_payment`
--


-- --------------------------------------------------------

--
-- Table structure for table `tbl_product`
--

CREATE TABLE IF NOT EXISTS `tbl_product` (
  `id` int(11) NOT NULL AUTO_INCREMENT,
  `product_name` text NOT NULL,
  `product_sold_out` tinyint(1) NOT NULL DEFAULT '0',
  `product_category` text NOT NULL,
  `product_new_arrival` tinyint(1) NOT NULL DEFAULT '0',
  `product_order` int(11) NOT NULL,
  `product_date_added` datetime NOT NULL,
  `product_size_type_id` int(11) NOT NULL,
  `product_visibility` int(11) NOT NULL DEFAULT '0',
  `product_delete` int(11) NOT NULL DEFAULT '0',
  `product_alias` varchar(100) NOT NULL,
  `page_title` varchar(255) NOT NULL,
  `page_description` text NOT NULL,
  PRIMARY KEY (`id`)
) ENGINE=MyISAM  DEFAULT CHARSET=latin1 AUTO_INCREMENT=20 ;

--
-- Dumping data for table `tbl_product`
--

INSERT INTO `tbl_product` (`id`, `product_name`, `product_sold_out`, `product_category`, `product_new_arrival`, `product_order`, `product_date_added`, `product_size_type_id`, `product_visibility`, `product_delete`, `product_alias`, `page_title`, `page_description`) VALUES
(1, 'Fruits Crisps', 0, '8', 0, 0, '2013-07-16 00:00:00', 43, 1, 0, 'fruits-crisps', 'Fruits Crisps', ''),
(2, 'Rice Bran Cookies', 0, '9', 0, 1, '2013-07-16 00:00:00', 43, 1, 0, 'rice-bran-cookies', 'Rice Bran Cookies', ''),
(3, 'Oyster Mushroom Cookies', 0, '10', 0, 2, '2013-07-16 00:00:00', 43, 1, 0, 'oyster-mushroom-cookies', 'Oyster Mushroom Cookies', ''),
(4, 'Datelicious Cookies', 0, '11', 0, 3, '2013-07-16 00:00:00', 43, 1, 0, 'datelicious-cookies', 'Datelicious Cookies', ''),
(5, 'Oyster Mushroom Crisps (can)', 0, '12', 0, 4, '2013-07-16 00:00:00', 43, 1, 0, 'oyster-mushroom-crisps-can', 'Oyster Mushroom Crisps (can)', ''),
(6, 'Oyster Mushroom Crisps (sp)', 0, '12', 0, 5, '2013-07-16 00:00:00', 43, 1, 0, 'oyster-mushroom-crisps-sp', 'Oyster Mushroom Crisps (sp)', ''),
(7, 'Jam', 0, '13', 0, 6, '2013-07-16 00:00:00', 43, 1, 0, 'jam', 'Jam', ''),
(8, 'Diabetic Jam', 0, '13', 0, 7, '2013-07-16 00:00:00', 43, 1, 0, 'diabetic-jam', 'Diabetic Jam', ''),
(9, 'Germinated Organic Rice', 0, '14', 0, 8, '2013-07-16 00:00:00', 43, 1, 0, 'germinated-organic-rice', 'Germinated Organic Rice', ''),
(10, 'Seven Gourmet Blend', 0, '15', 0, 9, '2013-07-16 00:00:00', 43, 1, 0, 'seven-gourmet-blend', 'Seven Gourmet Blend', ''),
(11, 'Organic Rice', 0, '16', 0, 10, '2013-07-16 00:00:00', 43, 1, 0, 'organic-rice', 'Organic Rice', ''),
(12, 'Organic Flour', 0, '17', 0, 11, '2013-07-16 00:00:00', 43, 1, 0, 'organic-flour', 'Organic Flour', ''),
(13, 'Sprouted Beans', 0, '18', 0, 12, '2013-07-16 00:00:00', 43, 1, 0, 'sprouted-beans', 'Sprouted Beans', ''),
(14, 'Herbal Tea', 0, '19', 0, 13, '2013-07-16 00:00:00', 43, 1, 0, 'herbal-tea', 'Herbal Tea', ''),
(15, 'Mushroom Pickled', 0, '20', 0, 14, '2013-07-16 00:00:00', 43, 1, 0, 'mushroom-pickled', 'Mushroom Pickled', ''),
(16, 'Umamitake', 0, '21', 0, 15, '2013-07-16 00:00:00', 43, 1, 0, 'umamitake', 'Umamitake', ''),
(17, 'Shiitake', 0, '22', 0, 16, '2013-07-16 00:00:00', 43, 1, 0, 'shiitake', 'Shiitake', ''),
(18, 'Oyster', 0, '22', 0, 17, '2013-07-16 00:00:00', 43, 1, 0, 'oyster', 'Oyster', ''),
(19, 'Wood Ears', 0, '22', 0, 18, '2013-07-16 00:00:00', 43, 1, 0, 'wood-ears', 'Wood Ears', '');

-- --------------------------------------------------------

--
-- Table structure for table `tbl_product_image`
--

CREATE TABLE IF NOT EXISTS `tbl_product_image` (
  `image_id` int(11) NOT NULL AUTO_INCREMENT,
  `type_id` int(11) NOT NULL,
  `img_src` text NOT NULL,
  `image_order` int(11) NOT NULL,
  PRIMARY KEY (`image_id`)
) ENGINE=MyISAM  DEFAULT CHARSET=latin1 AUTO_INCREMENT=61 ;

--
-- Dumping data for table `tbl_product_image`
--

INSERT INTO `tbl_product_image` (`image_id`, `type_id`, `img_src`, `image_order`) VALUES
(1, 1, 'files/uploads/products/2013-07-16/fruit-crisp-nangka.jpg', 1),
(2, 2, 'files/uploads/products/2013-07-16/fruit-crisps-salak.jpg', 1),
(3, 3, 'files/uploads/products/2013-07-16/fruit-crisps-rambutan.jpg', 1),
(4, 4, 'files/uploads/products/2013-07-16/rice-bran-vanilla.jpg', 1),
(5, 5, 'files/uploads/products/2013-07-16/rice-bran-spekkoek.jpg', 1),
(6, 6, 'files/uploads/products/2013-07-16/rice-bran-fruits.jpg', 1),
(7, 7, 'files/uploads/products/2013-07-16/rice-bran-ginger.jpg', 1),
(8, 8, 'files/uploads/products/2013-07-16/rice-bran-greenpeas.jpg', 1),
(9, 9, 'files/uploads/products/2013-07-16/rice-bran-mushroom.jpg', 1),
(10, 10, 'files/uploads/products/2013-07-16/datelicious-cookies.jpg', 1),
(11, 11, 'files/uploads/products/2013-07-16/oyster-mushroom-crisps-original.jpg', 1),
(12, 12, 'files/uploads/products/2013-07-16/oyster-mushroom-crisps-bbq.jpg', 1),
(13, 13, 'files/uploads/products/2013-07-16/oyster-mushroom-crisps-cheese.jpg', 1),
(14, 14, 'files/uploads/products/2013-07-16/oyster-mushroom-crisps-balado.jpg', 1),
(15, 15, 'files/uploads/products/2013-07-16/mushroom-crisps-original.jpg', 1),
(16, 16, 'files/uploads/products/2013-07-16/mushroom-crisps-bbq.jpg', 1),
(17, 17, 'files/uploads/products/2013-07-16/mushroom-crisps-cheese.jpg', 1),
(18, 18, 'files/uploads/products/2013-07-16/mushroom-crisps-balado.jpg', 1),
(19, 19, 'files/uploads/products/2013-07-16/calamansi.jpg', 1),
(20, 20, 'files/uploads/products/2013-07-16/rosella.jpg', 1),
(21, 21, 'files/uploads/products/2013-07-16/papaya.jpg', 1),
(22, 22, 'files/uploads/products/2013-07-16/gor-brown.jpg', 1),
(23, 23, 'files/uploads/products/2013-07-16/gor-red.jpg', 1),
(24, 24, 'files/uploads/products/2013-07-16/seven-gourmet-brown.jpg', 1),
(25, 25, 'files/uploads/products/2013-07-16/seven-gourmet-white.jpg', 1),
(26, 26, 'files/uploads/products/2013-07-16/organic-rice-white.jpg', 1),
(27, 27, 'files/uploads/products/2013-07-16/organic-rice-white2.jpg', 1),
(28, 28, 'files/uploads/products/2013-07-16/organic-rice-brown.jpg', 1),
(29, 29, 'files/uploads/products/2013-07-16/organic-rice-brown2.jpg', 1),
(30, 30, 'files/uploads/products/2013-07-16/organic-rice-red.jpg', 1),
(31, 31, 'files/uploads/products/2013-07-16/organic-rice-black.jpg', 1),
(32, 32, 'files/uploads/products/2013-07-16/organic-flour-white.jpg', 1),
(33, 33, 'files/uploads/products/2013-07-16/organic-flour-brown.jpg', 1),
(34, 34, 'files/uploads/products/2013-07-16/organic-flour-red.jpg', 1),
(35, 35, 'files/uploads/products/2013-07-16/organic-flour-black.jpg', 1),
(36, 36, 'files/uploads/products/2013-07-16/organic-flour-ricebran.jpg', 1),
(37, 37, 'files/uploads/products/2013-07-16/organic-flour-purple.jpg', 1),
(38, 38, 'files/uploads/products/2013-07-16/organic-flour-cassava.jpg', 1),
(39, 39, 'files/uploads/products/2013-07-16/sprouted-beans-mung.jpg', 1),
(40, 40, 'files/uploads/products/2013-07-16/sprouted-beans-red.jpg', 1),
(41, 41, 'files/uploads/products/2013-07-16/sprouted-beans-black.jpg', 1),
(42, 42, 'files/uploads/products/2013-07-16/sprouted-beans-soybeans.jpg', 1),
(43, 43, 'files/uploads/products/2013-07-16/sprouted-beans-cowpea.jpg', 1),
(44, 44, 'files/uploads/products/2013-07-16/rosella-tea.jpg', 1),
(45, 45, 'files/uploads/products/2013-07-16/pickled-oyster.jpg', 1),
(46, 46, 'files/uploads/products/2013-07-16/pickled-shiitake.jpg', 1),
(47, 47, 'files/uploads/products/2013-07-16/pickled-mix.jpg', 1),
(48, 48, 'files/uploads/products/2013-07-16/umamitake', 1),
(49, 49, 'files/uploads/products/2013-07-16/shiitake.jpg', 1),
(50, 50, 'files/uploads/products/2013-07-16/shiitake-baby.jpg', 1),
(51, 51, 'files/uploads/products/2013-07-16/oyster-white.jpg', 1),
(52, 52, 'files/uploads/products/2013-07-16/oyster-brown.jpg', 1),
(53, 53, 'files/uploads/products/2013-07-16/oyster-yellow.jpg', 1),
(54, 54, 'files/uploads/products/2013-07-16/oyster-pink.jpg', 1),
(55, 55, 'files/uploads/products/2013-07-16/oyster-gray.jpg', 1),
(56, 56, 'files/uploads/products/2013-07-16/oyster-baby.jpg', 1),
(57, 57, 'files/uploads/products/2013-07-16/king-oyster.jpg', 1),
(58, 58, 'files/uploads/products/2013-07-16/wood-ears.jpg', 1),
(59, 4, 'files/uploads/product_image/rice-bran-cookies_vanilla_2013-08-26_10-55-07_rice-bran-vanilla.jpg', 1),
(60, 4, 'files/uploads/product_image/rice-bran-cookies_vanilla_2013-08-26_10-55-07_rice-bran-vanilla-3.jpg', 2);

-- --------------------------------------------------------

--
-- Table structure for table `tbl_product_stock`
--

CREATE TABLE IF NOT EXISTS `tbl_product_stock` (
  `stock_id` int(11) NOT NULL AUTO_INCREMENT,
  `type_id` int(11) NOT NULL,
  `size_id` int(11) NOT NULL,
  `stock_name` varchar(10) CHARACTER SET latin1 COLLATE latin1_general_ci NOT NULL,
  `stock_quantity` int(11) NOT NULL,
  `stock_sold_out` tinyint(1) NOT NULL DEFAULT '0',
  PRIMARY KEY (`stock_id`)
) ENGINE=MyISAM  DEFAULT CHARSET=latin1 AUTO_INCREMENT=129 ;

--
-- Dumping data for table `tbl_product_stock`
--

INSERT INTO `tbl_product_stock` (`stock_id`, `type_id`, `size_id`, `stock_name`, `stock_quantity`, `stock_sold_out`) VALUES
(79, 1, 0, 'One', 24, 0),
(80, 2, 0, 'One', 24, 0),
(81, 3, 0, 'One', 24, 0),
(124, 4, 0, 'One', 24, 0),
(125, 5, 0, 'One', 24, 0),
(126, 6, 0, 'One', 24, 0),
(127, 7, 0, 'One', 24, 0),
(128, 8, 0, 'One', 24, 0),
(82, 9, 0, 'One', 10, 0),
(83, 10, 0, 'One', 36, 0),
(74, 11, 0, 'One', 24, 0),
(75, 12, 0, 'One', 24, 0),
(76, 13, 0, 'One', 24, 0),
(77, 14, 0, 'One', 24, 0),
(15, 15, 0, 'One', 24, 0),
(16, 16, 0, 'One', 24, 0),
(17, 17, 0, 'One', 24, 0),
(18, 18, 0, 'One', 24, 0),
(84, 19, 0, 'One', 1, 0),
(85, 20, 0, 'One', 1, 0),
(86, 21, 0, 'One', 1, 0),
(87, 22, 0, 'One', 24, 0),
(88, 23, 0, 'One', 24, 0),
(89, 24, 0, 'One', 24, 0),
(90, 25, 0, 'One', 24, 0),
(91, 26, 0, 'One', 24, 0),
(92, 27, 0, 'One', 10, 0),
(93, 28, 0, 'One', 24, 0),
(94, 29, 0, 'One', 10, 0),
(95, 30, 0, 'One', 24, 0),
(96, 31, 0, 'One', 24, 0),
(97, 32, 0, 'One', 48, 0),
(98, 33, 0, 'One', 48, 0),
(99, 34, 0, 'One', 48, 0),
(100, 35, 0, 'One', 48, 0),
(101, 36, 0, 'One', 48, 0),
(102, 37, 0, 'One', 48, 0),
(103, 38, 0, 'One', 48, 0),
(104, 39, 0, 'One', 48, 0),
(105, 40, 0, 'One', 48, 0),
(106, 41, 0, 'One', 48, 0),
(107, 42, 0, 'One', 48, 0),
(108, 43, 0, 'One', 48, 0),
(109, 44, 0, 'One', 48, 0),
(110, 45, 0, 'One', 1, 0),
(111, 46, 0, 'One', 1, 0),
(112, 47, 0, 'One', 1, 0),
(113, 48, 0, 'One', 36, 0),
(114, 49, 0, 'One', 1, 0),
(115, 50, 0, 'One', 1, 0),
(116, 51, 0, 'One', 1, 0),
(117, 52, 0, 'One', 1, 0),
(118, 53, 0, 'One', 1, 0),
(119, 54, 0, 'One', 1, 0),
(120, 55, 0, 'One', 1, 0),
(121, 56, 0, 'One', 1, 0),
(122, 57, 0, 'One', 10, 0),
(123, 58, 0, 'One', 10, 0);

-- --------------------------------------------------------

--
-- Table structure for table `tbl_product_type`
--

CREATE TABLE IF NOT EXISTS `tbl_product_type` (
  `type_id` int(11) NOT NULL AUTO_INCREMENT,
  `product_id` int(11) NOT NULL,
  `type_code` text NOT NULL,
  `type_name` text NOT NULL,
  `type_price` double NOT NULL,
  `color_id` int(11) NOT NULL,
  `type_description` text NOT NULL,
  `type_weight` double NOT NULL,
  `type_new_arrival` tinyint(1) NOT NULL DEFAULT '0',
  `type_image` text NOT NULL,
  `type_order` int(11) NOT NULL,
  `type_sold_out` tinyint(1) NOT NULL DEFAULT '0',
  `type_visibility` int(11) NOT NULL DEFAULT '0',
  `type_delete` int(11) NOT NULL DEFAULT '0',
  `type_alias` varchar(100) NOT NULL,
  `page_title` text NOT NULL,
  `page_description` text NOT NULL,
  PRIMARY KEY (`type_id`)
) ENGINE=MyISAM  DEFAULT CHARSET=latin1 AUTO_INCREMENT=59 ;

--
-- Dumping data for table `tbl_product_type`
--

INSERT INTO `tbl_product_type` (`type_id`, `product_id`, `type_code`, `type_name`, `type_price`, `color_id`, `type_description`, `type_weight`, `type_new_arrival`, `type_image`, `type_order`, `type_sold_out`, `type_visibility`, `type_delete`, `type_alias`, `page_title`, `page_description`) VALUES
(1, 1, 'FRUIT01', 'Jackfruit', 30000, 10, 'Naturally great tasting and nutritious Bionic Fruit Crisps. Made using only fresh and ripe organic fruits to retain their natural taste and goodness for your total enjoyment!\r\n\r\nBionic Farm produces 3 types : Jackfruit, Salak, Rambutan\r\n\r\nVacuum Fried, No Preservatives, No Colorants, No Trans-Fat', 0.08, 0, '../files/uploads/color_image/no-color.png', 0, 0, 1, 0, '', 'Fruits Crisps', ''),
(2, 1, 'FRUIT02', 'Salak', 30000, 10, 'Naturally great tasting and nutritious Bionic Fruit Crisps. Made using only fresh and ripe organic fruits to retain their natural taste and goodness for your total enjoyment!\r\n\r\nBionic Farm produces 3 types : Jackfruit, Salak, Rambutan\r\n\r\nVacuum Fried, No Preservatives, No Colorants, No Trans-Fat', 0.08, 0, '../files/uploads/color_image/no-color.png', 0, 0, 1, 0, '', 'Fruits Crisps', ''),
(3, 1, 'FRUIT03', 'Rambutan', 32100, 10, 'Naturally great tasting and nutritious Bionic Fruit Crisps. Made using only fresh and ripe organic fruits to retain their natural taste and goodness for your total enjoyment!\r\n\r\nBionic Farm produces 3 types : Jackfruit, Salak, Rambutan\r\n\r\nVacuum Fried, No Preservatives, No Colorants, No Trans-Fat', 0.08, 0, '../files/uploads/color_image/no-color.png', 0, 0, 1, 0, '', 'Fruits Crisps', ''),
(4, 2, 'RICE01', 'Vanilla', 25000, 10, 'Bionic Homemade Rice Bran Cookies are filled with wholesome goodness and deliciously baked to perfection. The hearty natural fiber helps you maintain a healthy digestive system while keeping you satiated at the same time. With these cookies, dessert and snacks can now be the healthiest part of your day!\r\n\r\nBionic Farm produces 5 flavors : Vanilla, Spekkoek, Fruits, Ginger, Green Peas\r\n\r\nOven Baked, Fiber Rich, Protein Rich, Low Fat, Trans-Fat Free', 0.15, 0, '../files/uploads/color_image/no-color.png', 0, 0, 1, 0, '', 'Rice Bran Cookies', ''),
(5, 2, 'RICE02', 'Spekkoek', 25000, 10, 'Bionic Homemade Rice Bran Cookies are filled with wholesome goodness and deliciously baked to perfection. The hearty natural fiber helps you maintain a healthy digestive system while keeping you satiated at the same time. With these cookies, dessert and snacks can now be the healthiest part of your day!\r\n\r\nBionic Farm produces 5 flavors : Vanilla, Spekkoek, Fruits, Ginger, Green Peas\r\n\r\nOven Baked, Fiber Rich, Protein Rich, Low Fat, Trans-Fat Free', 0.15, 0, '../files/uploads/color_image/no-color.png', 0, 0, 1, 0, '', 'Rice Bran Cookies', ''),
(6, 2, 'RICE03', 'Fruits', 25000, 10, 'Bionic Homemade Rice Bran Cookies are filled with wholesome goodness and deliciously baked to perfection. The hearty natural fiber helps you maintain a healthy digestive system while keeping you satiated at the same time. With these cookies, dessert and snacks can now be the healthiest part of your day!\r\n\r\nBionic Farm produces 5 flavors : Vanilla, Spekkoek, Fruits, Ginger, Green Peas\r\n\r\nOven Baked, Fiber Rich, Protein Rich, Low Fat, Trans-Fat Free', 0.15, 0, '../files/uploads/color_image/no-color.png', 0, 0, 1, 0, '', 'Rice Bran Cookies', ''),
(7, 2, 'RICE04', 'Ginger', 25000, 10, 'Bionic Homemade Rice Bran Cookies are filled with wholesome goodness and deliciously baked to perfection. The hearty natural fiber helps you maintain a healthy digestive system while keeping you satiated at the same time. With these cookies, dessert and snacks can now be the healthiest part of your day!\r\n\r\nBionic Farm produces 5 flavors : Vanilla, Spekkoek, Fruits, Ginger, Green Peas\r\n\r\nOven Baked, Fiber Rich, Protein Rich, Low Fat, Trans-Fat Free', 0.15, 0, '../files/uploads/color_image/no-color.png', 0, 0, 1, 0, '', 'Rice Bran Cookies', ''),
(8, 2, 'RICE05', 'Green Peas', 25000, 10, 'Bionic Homemade Rice Bran Cookies are filled with wholesome goodness and deliciously baked to perfection. The hearty natural fiber helps you maintain a healthy digestive system while keeping you satiated at the same time. With these cookies, dessert and snacks can now be the healthiest part of your day!\r\n\r\nBionic Farm produces 5 flavors : Vanilla, Spekkoek, Fruits, Ginger, Green Peas\r\n\r\nOven Baked, Fiber Rich, Protein Rich, Low Fat, Trans-Fat Free', 0.15, 0, '../files/uploads/color_image/no-color.png', 0, 0, 1, 0, '', 'Rice Bran Cookies', ''),
(9, 3, '', 'Chicken', 25000, 10, 'Bionic Homemade Mushroom Cookies are filled with wholesome goodness and deliciously baked to perfection. The hearty natural fiber helps you maintain a healthy digestive system while keeping you satiated at the same time. With these cookies, dessert and snacks can now be the healthiest part of your day!\r\n\r\nBionic Farm produces 3 flavors : Chicken, Beef, Seafood\r\n\r\nOven Baked, Fiber Rich, Protein Rich, Low Fat, Trans-Fat Free', 0.16, 0, '../files/uploads/color_image/no-color.png', 0, 0, 1, 0, '', 'Oyster Mushroom Cookies', ''),
(10, 4, '', 'Brownies', 20000, 2, 'Datelicious Brown Rice Cookies are filled with wholesome goodness and deliciously baked to perfection. The hearty natural fiber helps you maintain a healthy digestive system. With these cookies, dessert and snacks can now be the healthiest part of your day!\r\n\r\nOven Baked, Fiber Rich, Protein Rich, Low Fat, Trans-Fat Free', 0.1, 0, '../files/uploads/color_image/no-color.png', 0, 0, 1, 0, '', 'Datelicious Cookies', ''),
(11, 5, 'OYSTER01', 'Original', 23000, 10, 'Bionic Oyster Mushroom Crisps are made from fresh organic oyster mushrooms and are the preferred choice for health conscious individuals.\r\n\r\nBionic Farm produces 3 flavors : Original, Barbeque, Cheese\r\n\r\nVacuum Fried, No Preservatives, No Colorants, No Trans-Fat', 0.05, 0, '../files/uploads/color_image/no-color.png', 0, 0, 1, 0, '', 'Oyster Mushroom Crisps (can)', ''),
(12, 5, 'OYSTER02', 'Barbeque', 23000, 10, 'Bionic Oyster Mushroom Crisps are made from fresh organic oyster mushrooms and are the preferred choice for health conscious individuals.\r\n\r\nBionic Farm produces 3 flavors : Original, Barbeque, Cheese\r\n\r\nVacuum Fried, No Preservatives, No Colorants, No Trans-Fat', 0.05, 0, '../files/uploads/color_image/no-color.png', 0, 0, 1, 0, '', 'Oyster Mushroom Crisps (can)', ''),
(13, 5, 'OYSTER03', 'Cheese', 23000, 10, 'Bionic Oyster Mushroom Crisps are made from fresh organic oyster mushrooms and are the preferred choice for health conscious individuals.\r\n\r\nBionic Farm produces 3 flavors : Original, Barbeque, Cheese\r\n\r\nVacuum Fried, No Preservatives, No Colorants, No Trans-Fat', 0.05, 0, '../files/uploads/color_image/no-color.png', 0, 0, 1, 0, '', 'Oyster Mushroom Crisps (can)', ''),
(14, 5, 'OYSTER04', 'Balado', 23000, 10, 'Bionic Oyster Mushroom Crisps are made from fresh organic oyster mushrooms and are the preferred choice for health conscious individuals.\r\n\r\nBionic Farm produces 3 flavors : Original, Barbeque, Cheese\r\n\r\nVacuum Fried, No Preservatives, No Colorants, No Trans-Fat', 0.05, 0, '../files/uploads/color_image/no-color.png', 0, 0, 1, 0, '', 'Oyster Mushroom Crisps (can)', ''),
(15, 6, 'OYSTER01', 'Original', 20000, 10, 'Bionic Oyster Mushroom Crisps are made from fresh organic oyster mushrooms and are the preferred choice for health conscious individuals.\n\nBionic Farm produces 3 flavors : Original, Barbeque, Cheese\n\nVacuum Fried, No Preservatives, No Colorants, No Trans-Fat', 50, 0, '../files/uploads/color_image/no-color.png', 0, 0, 1, 0, '', 'Oyster Mushroom Crisps (sp)', ''),
(16, 6, 'OYSTER02', 'Barbeque', 20000, 10, 'Bionic Oyster Mushroom Crisps are made from fresh organic oyster mushrooms and are the preferred choice for health conscious individuals.\n\nBionic Farm produces 3 flavors : Original, Barbeque, Cheese\n\nVacuum Fried, No Preservatives, No Colorants, No Trans-Fat', 50, 0, '../files/uploads/color_image/no-color.png', 0, 0, 1, 0, '', 'Oyster Mushroom Crisps (sp)', ''),
(17, 6, 'OYSTER03', 'Cheese', 20000, 10, 'Bionic Oyster Mushroom Crisps are made from fresh organic oyster mushrooms and are the preferred choice for health conscious individuals.\n\nBionic Farm produces 3 flavors : Original, Barbeque, Cheese\n\nVacuum Fried, No Preservatives, No Colorants, No Trans-Fat', 50, 0, '../files/uploads/color_image/no-color.png', 0, 0, 1, 0, '', 'Oyster Mushroom Crisps (sp)', ''),
(18, 6, 'OYSTER04', 'Balado', 20000, 10, 'Bionic Oyster Mushroom Crisps are made from fresh organic oyster mushrooms and are the preferred choice for health conscious individuals.\n\nBionic Farm produces 3 flavors : Original, Barbeque, Cheese\n\nVacuum Fried, No Preservatives, No Colorants, No Trans-Fat', 50, 0, '../files/uploads/color_image/no-color.png', 0, 0, 1, 0, '', 'Oyster Mushroom Crisps (sp)', ''),
(19, 7, 'OYSTER03', 'Calamansi 5 in 1', 42800, 10, '  \r\n5 in 1 Calamansi is made from 50 fresh organic Calamansi fruits. A deliciously versatile treat which can be enjoyed as syrup, spread on toast, topping for ice cream, filling in cakes or even sauce on meat dishes.\r\n\r\nAll Natural, No Preservatives, No Colorants', 0.22, 0, '../files/uploads/color_image/no-color.png', 0, 0, 1, 0, '', 'Jam', ''),
(20, 8, '', 'Rosella Jam', 0, 10, '  \r\nRosella jam is made from fresh organic rosella flowers. It is ideal for diabetics, low carb dieters, children and perfect for health conscious. So take a bite and satisfy your sweet tooth gulit free.\r\n\r\nSugar Free, Low Calorie, Fiber Rich, Natural Antioxidant, All Natural', 0.22, 0, '../files/uploads/color_image/no-color.png', 0, 0, 1, 0, '', 'Diabetic Jam', ''),
(21, 8, '', 'Papaya Jam', 0, 10, '  \r\nPapaya Jam is made from fresh Organic Papaya. A deliciously versatile treat which can be enjoyed as spread on toast, toppings, filling in cakes.\r\n\r\nAll Natural, No Preservatives, No Colorants, Low Sugar', 0.22, 0, '../files/uploads/color_image/no-color.png', 0, 0, 1, 0, '', 'Diabetic Jam', ''),
(22, 9, '', 'Brown Rice', 57000, 10, '  \r\nWe ensure the quality and freshness of our product by monitoring every stage of Germinated Organic Rice (GOR) process closely, from planting & harvesting stages to processing, packaging & distributing stages.\r\n\r\nStringent control at processing stage is applied, we only use reverse osmosis water that is free from bacteria. The air temperature and circulation are also monitored closely during drying process to maintain the high nutritional content in GOR', 1, 0, '../files/uploads/color_image/no-color.png', 0, 0, 1, 0, '', 'Germinated Organic Rice', ''),
(23, 9, '', 'Red Rice', 60000, 10, '  \r\nWe ensure the quality and freshness of our product by monitoring every stage of Germinated Organic Rice (GOR) process closely, from planting & harvesting stages to processing, packaging & distributing stages.\r\n\r\nStringent control at processing stage is applied, we only use reverse osmosis water that is free from bacteria. The air temperature and circulation are also monitored closely during drying process to maintain the high nutritional content in GOR', 1, 0, '../files/uploads/color_image/no-color.png', 0, 0, 1, 0, '', 'Germinated Organic Rice', ''),
(24, 10, '', 'Brown Rice', 40000, 10, '7 Gourmet Blend Brown a colorful combination of grains, lentils and beans which provide the complete protein source of essential amino acids needed for dietary requirements. When cooked, this wonderful blend bursts out with flavor and serves up a delicious and highly nutritious meal', 1, 0, '../files/uploads/color_image/no-color.png', 0, 0, 1, 0, '', 'Seven Gourmet Blend', ''),
(25, 10, '', 'White Rice', 40000, 10, '7 Gourmet Blend White a colorful combination of grains, lentils and beans which provide the complete protein source of essential amino acids needed for dietary requirements. When cooked, this wonderful blend bursts out with flavor and serves up a delicious and highly nutritious meal', 1, 0, '../files/uploads/color_image/no-color.png', 0, 0, 1, 0, '', 'Seven Gourmet Blend', ''),
(26, 11, '', 'Fragrance White', 25000, 10, 'Bionic Farm practices a sustainable organic rice farming technique, system of Rice Intensification in our Ciherang Farm, Indonesia. We provide the best quality organic rice because we have complete control over all aspects of production from the field to finished product', 1, 0, '../files/uploads/color_image/no-color.png', 0, 0, 1, 0, '', 'Organic Rice', ''),
(27, 11, '', 'Fragrance White', 50000, 10, 'Bionic Farm practices a sustainable organic rice farming technique, system of Rice Intensification in our Ciherang Farm, Indonesia. We provide the best quality organic rice because we have complete control over all aspects of production from the field to finished product', 2, 0, '../files/uploads/color_image/no-color.png', 0, 0, 1, 0, '', 'Organic Rice', ''),
(28, 11, '', 'Fragrance Brown', 25000, 10, 'Bionic Farm practices a sustainable organic rice farming technique, system of Rice Intensification in our Ciherang Farm, Indonesia. We provide the best quality organic rice because we have complete control over all aspects of production from the field to finished product', 1, 0, '../files/uploads/color_image/no-color.png', 0, 0, 1, 0, '', 'Organic Rice', ''),
(29, 11, '', 'Fragrance Brown', 50000, 10, 'Bionic Farm practices a sustainable organic rice farming technique, system of Rice Intensification in our Ciherang Farm, Indonesia. We provide the best quality organic rice because we have complete control over all aspects of production from the field to finished product', 2, 0, '../files/uploads/color_image/no-color.png', 0, 0, 1, 0, '', 'Organic Rice', ''),
(30, 11, '', 'Red Rice', 28000, 10, 'Bionic Farm practices a sustainable organic rice farming technique, system of Rice Intensification in our Ciherang Farm, Indonesia. We provide the best quality organic rice because we have complete control over all aspects of production from the field to finished product', 1, 0, '../files/uploads/color_image/no-color.png', 0, 0, 1, 0, '', 'Organic Rice', ''),
(31, 11, '', 'Black Rice', 30000, 10, 'Bionic Farm practices a sustainable organic rice farming technique, system of Rice Intensification in our Ciherang Farm, Indonesia. We provide the best quality organic rice because we have complete control over all aspects of production from the field to finished product', 1, 0, '../files/uploads/color_image/no-color.png', 0, 0, 1, 0, '', 'Organic Rice', ''),
(32, 12, '', 'White Rice', 30000, 10, '  \r\nIngredient for bread, pastry, cookies, traditional cakes, pasta, noodles, porridge and as thickener.\r\n\r\nWhite Rice; Low in sodium, suitable for management of hypertension, Good source of carbohydrate and calorie', 0.5, 0, '../files/uploads/color_image/no-color.png', 0, 0, 1, 0, '', 'Organic Flour', ''),
(33, 12, '', 'Brown Rice', 30000, 10, '  \r\nIngredient for bread, pastry, cookies, traditional cakes, pasta, noodles, porridge and as thickener.\r\n\r\nBrown Rice; Control blood sugar level, Improve digestion, Lower cholesterol level.', 0.5, 0, '../files/uploads/color_image/no-color.png', 0, 0, 1, 0, '', 'Organic Flour', ''),
(34, 12, '', 'Red Rice', 30000, 10, '  \r\nIngredient for bread, pastry, cookies, traditional cakes, pasta, noodles, porridge and as thickener.\r\n\r\nRed rice; Antioxidant, Lower cholesterol level and high blood pressure', 0.5, 0, '../files/uploads/color_image/no-color.png', 0, 0, 1, 0, '', 'Organic Flour', ''),
(35, 12, '', 'Black Rice', 30000, 10, '  \r\nIngredient for bread, pastry, cookies, traditional cakes, pasta, noodles, porridge and as thickener.\r\n\r\nBlack Rice; Antioxidant, Anti inflammatory, Lower cholesterol level', 0.5, 0, '../files/uploads/color_image/no-color.png', 0, 0, 1, 0, '', 'Organic Flour', ''),
(36, 12, '', 'Rice Bran', 30000, 10, '  \r\nIngredient for bread, pastry, cookies, traditional cakes, pasta, noodles, porridge and as thickener.\r\n\r\nRice Bran; Improve degestion, Lower cholesterol level and high blood pressure', 0.5, 0, '../files/uploads/color_image/no-color.png', 0, 0, 1, 0, '', 'Organic Flour', ''),
(37, 12, '', 'Purple Sweet Potato', 30000, 10, '  \r\nIngredient for bread, pastry, cookies, traditional cakes, pasta, noodles, porridge and as thickener.\r\n\r\nPurple Sweet Potato; Antioxidant, Anti inflammatory, Lower cholesterol level, Improve digestion', 0.5, 0, '../files/uploads/color_image/no-color.png', 0, 0, 1, 0, '', 'Organic Flour', ''),
(38, 12, '', 'Modified Cassava', 30000, 10, '  \r\nIngredient for bread, pastry, cookies, traditional cakes, pasta, noodles, porridge and as thickener.\r\n\r\nModified Cassava; Good source of carbohydrate and calorie, Improve digestion, Lower cholesterol level', 0.5, 0, '../files/uploads/color_image/no-color.png', 0, 0, 1, 0, '', 'Organic Flour', ''),
(39, 13, '', 'Sprouted Mung Beans', 30000, 10, '  \r\n  \r\nSprouted Beans are packed with greater concentration of vitamins, minerals, proteins and contain lower carbohydrate content and calorie count. The abundant enzymes in sprouted beans also make them easily digestible than regular beans. Sprouted Beans can be easily combined with rice, porridge or soup. Make them an essential part of your diet today.\r\n\r\nMung Beans; Lower cholesterol level, Control blood sugar level, Improve digestion', 0.5, 0, '../files/uploads/color_image/no-color.png', 0, 0, 1, 0, '', 'Sprouted Beans', ''),
(40, 13, '', 'Sprouted Red Beans', 30000, 10, '  \r\nSprouted Beans are packed with greater concentration of vitamins, minerals, proteins and contain lower carbohydrate content and calorie count. The abundant enzymes in sprouted beans also make them easily digestible than regular beans. Sprouted Beans can be easily combined with rice, porridge or soup. Make them an essential part of your diet today.\r\n\r\nRed Beans; Good source of dietary fiber, Low glycemic index, Antioxidant, Anti cancer', 0.5, 0, '../files/uploads/color_image/no-color.png', 0, 0, 1, 0, '', 'Sprouted Beans', ''),
(41, 13, '', 'Sprouted Black Beans', 30000, 10, '  \r\nSprouted Beans are packed with greater concentration of vitamins, minerals, proteins and contain lower carbohydrate content and calorie count. The abundant enzymes in sprouted beans also make them easily digestible than regular beans. Sprouted Beans can be easily combined with rice, porridge or soup. Make them an essential part of your diet today.\r\n\r\nBlack Beans; Improve digestion, Control blood sugar level, Antioxidant, Anti inflammatory', 0.5, 0, '../files/uploads/color_image/no-color.png', 0, 0, 1, 0, '', 'Sprouted Beans', ''),
(42, 13, '', 'Sprouted Soybeans', 30000, 10, '  \r\nSprouted Beans are packed with greater concentration of vitamins, minerals, proteins and contain lower carbohydrate content and calorie count. The abundant enzymes in sprouted beans also make them easily digestible than regular beans. Sprouted Beans can be easily combined with rice, porridge or soup. Make them an essential part of your diet today.\r\n\r\nSoybeans; Improvement in cognitive function, Anti cancer Lower cholesterol level', 0.5, 0, '../files/uploads/color_image/no-color.png', 0, 0, 1, 0, '', 'Sprouted Beans', ''),
(43, 13, '', 'Sprouted Cowpea', 30000, 10, '  \r\nSprouted Beans are packed with greater concentration of vitamins, minerals, proteins and contain lower carbohydrate content and calorie count. The abundant enzymes in sprouted beans also make them easily digestible than regular beans. Sprouted Beans can be easily combined with rice, porridge or soup. Make them an essential part of your diet today.\r\n\r\nCowpea; Lower cholesterol level, Low glycemic index, Control blood sugar level, Anti cancer', 0.5, 0, '../files/uploads/color_image/no-color.png', 0, 0, 1, 0, '', 'Sprouted Beans', ''),
(44, 14, '', 'Rosella', 10000, 10, 'Rosella is native to old world tropics and popularly used as herbal remedy. The Rosella flowers are brewed to make a tantalizing drink', 0.02, 0, '../files/uploads/color_image/no-color.png', 0, 0, 1, 0, '', 'Herbal Tea', ''),
(45, 15, '', 'Oyster Mushroom', 15000, 10, '  \r\nPickled Organic Oyster Mushrooms have delicate, mild flavor and velvety texture, perfect accompaniment for salad, side dhises or pure enjoyment by themselves\r\n\r\nNo preservatives added, All Natural', 0.2, 0, '../files/uploads/color_image/no-color.png', 0, 0, 1, 0, '', 'Mushroom Pickled', ''),
(46, 15, '', 'Shiitake Mushroom', 20000, 10, '  \r\nPickled Organic Shiitake Mushrooms have wonderful robust flavor and meaty texture, perfect accompaniment for salad, side dishes or pure enjoyment by themselves\r\n\r\nNo preservatives added, All Natural', 0.2, 0, '../files/uploads/color_image/no-color.png', 0, 0, 1, 0, '', 'Mushroom Pickled', ''),
(47, 15, '', 'Mix', 18000, 10, '  \r\nA wonderful combination of Pickled Organic Shiitake & Oyster Mushrooms, perfect accompaniment for salad, side dishes or pure enjoyment by themselves\r\n\r\nNo preservatives added, All Natural', 0.2, 0, '../files/uploads/color_image/no-color.png', 0, 0, 1, 0, '', 'Mushroom Pickled', ''),
(48, 16, '', 'Umamitake', 20000, 10, '  \r\nA natural & versatile seasoning powder made from organic Shiitake mushrooms. Umamitake contains natural glutamate that will enhance the flavor of your dish. Simply sprinkle generously on any food and serve\r\n\r\nNo MSG, All Natural', 0.075, 0, '../files/uploads/color_image/no-color.png', 0, 0, 1, 0, '', 'Umamitake', ''),
(49, 17, 'SHIITAKE1', 'Super', 30000, 10, 'Shiitake is considered to be Asia finest edible mushroom and one of the most widely cultivated specialty mushrooms in the world.\r\n\r\nShiitake is prized for its culinary delight and medicinal values. This particular mushroom contains eight essential amino acids, minerals, vitamins such as vitamins A, B, B12, C, D and niacin.\r\n\r\nHealth benefits :\r\n\r\nAnti cancer, contain lentinan\r\nReduce cholesterol levels, contain eritadenine\r\nReduce high blood pressure\r\nEnhance immune system\r\nRich in antioxidants, contain ergothioneine\r\nAnti viral\r\nProtection against thrombosis, contain lenthionine\r\nShiitake is suitable for most dishes and add meaty sensation when cooked.\r\n\r\nBionic Farm cultivates 2 variations : Shiitake Super and Shiitake Baby.', 0.1, 0, '../files/uploads/color_image/no-color.png', 0, 0, 1, 0, '', 'Shiitake', ''),
(50, 17, 'SHIITAKE2', 'Baby', 30000, 10, 'Shiitake is considered to be Asia finest edible mushroom and one of the most widely cultivated specialty mushrooms in the world.\r\n\r\nShiitake is prized for its culinary delight and medicinal values. This particular mushroom contains eight essential amino acids, minerals, vitamins such as vitamins A, B, B12, C, D and niacin.\r\n\r\nHealth benefits :\r\n\r\nAnti cancer, contain lentinan\r\nReduce cholesterol levels, contain eritadenine\r\nReduce high blood pressure\r\nEnhance immune system\r\nRich in antioxidants, contain ergothioneine\r\nAnti viral\r\nProtection against thrombosis, contain lenthionine\r\nShiitake is suitable for most dishes and add meaty sensation when cooked.\r\n\r\nBionic Farm cultivates 2 variations : Shiitake Super and Shiitake Baby.', 0.1, 0, '../files/uploads/color_image/no-color.png', 0, 0, 1, 0, '', 'Shiitake', ''),
(51, 18, 'OYSTER1', 'White', 30000, 10, '  \r\nOyster mushrooms are highly esteemed for their tender flesh, velvety texture and mild flavor. They are great addition for soups and sauces and develop light, delicate flavor when cooked.\r\n\r\nThese mushrooms contain carbohydrates, fiber, vitamins B1, B2 and minerals.\r\n\r\nHealth benefits :\r\n\r\nAnti tumor, contain pleuran\r\nReduce cholesterol levels, contain lovastatin\r\nCure anemia, contain folic acid\r\nAnti inflammatory\r\nAnti viral\r\nAntibiotic\r\n\r\nBionic Farm cultivates 6 variations : White, Brown, Yellow, Pink, Gray and Baby.', 0.1, 0, '../files/uploads/color_image/no-color.png', 0, 0, 1, 0, '', 'Oyster', ''),
(52, 18, 'OYSTER2', 'Brown', 30000, 10, '  \r\nOyster mushrooms are highly esteemed for their tender flesh, velvety texture and mild flavor. They are great addition for soups and sauces and develop light, delicate flavor when cooked.\r\n\r\nThese mushrooms contain carbohydrates, fiber, vitamins B1, B2 and minerals.\r\n\r\nHealth benefits :\r\n\r\nAnti tumor, contain pleuran\r\nReduce cholesterol levels, contain lovastatin\r\nCure anemia, contain folic acid\r\nAnti inflammatory\r\nAnti viral\r\nAntibiotic\r\n\r\nBionic Farm cultivates 6 variations : White, Brown, Yellow, Pink, Gray and Baby.', 0.1, 0, '../files/uploads/color_image/no-color.png', 0, 0, 1, 0, '', 'Oyster', ''),
(53, 18, 'OYSTER3', 'Yellow', 30000, 10, '  \r\nOyster mushrooms are highly esteemed for their tender flesh, velvety texture and mild flavor. They are great addition for soups and sauces and develop light, delicate flavor when cooked.\r\n\r\nThese mushrooms contain carbohydrates, fiber, vitamins B1, B2 and minerals.\r\n\r\nHealth benefits :\r\n\r\nAnti tumor, contain pleuran\r\nReduce cholesterol levels, contain lovastatin\r\nCure anemia, contain folic acid\r\nAnti inflammatory\r\nAnti viral\r\nAntibiotic\r\n\r\nBionic Farm cultivates 6 variations : White, Brown, Yellow, Pink, Gray and Baby.', 0.1, 0, '../files/uploads/color_image/no-color.png', 0, 0, 1, 0, '', 'Oyster', ''),
(54, 18, 'OYSTER4', 'Pink', 30000, 10, '  \r\nOyster mushrooms are highly esteemed for their tender flesh, velvety texture and mild flavor. They are great addition for soups and sauces and develop light, delicate flavor when cooked.\r\n\r\nThese mushrooms contain carbohydrates, fiber, vitamins B1, B2 and minerals.\r\n\r\nHealth benefits :\r\n\r\nAnti tumor, contain pleuran\r\nReduce cholesterol levels, contain lovastatin\r\nCure anemia, contain folic acid\r\nAnti inflammatory\r\nAnti viral\r\nAntibiotic\r\n\r\nBionic Farm cultivates 6 variations : White, Brown, Yellow, Pink, Gray and Baby.', 0.1, 0, '../files/uploads/color_image/no-color.png', 0, 0, 1, 0, '', 'Oyster', ''),
(55, 18, 'OYSTER5', 'Gray', 30000, 10, '  \r\nOyster mushrooms are highly esteemed for their tender flesh, velvety texture and mild flavor. They are great addition for soups and sauces and develop light, delicate flavor when cooked.\r\n\r\nThese mushrooms contain carbohydrates, fiber, vitamins B1, B2 and minerals.\r\n\r\nHealth benefits :\r\n\r\nAnti tumor, contain pleuran\r\nReduce cholesterol levels, contain lovastatin\r\nCure anemia, contain folic acid\r\nAnti inflammatory\r\nAnti viral\r\nAntibiotic\r\n\r\nBionic Farm cultivates 6 variations : White, Brown, Yellow, Pink, Gray and Baby.', 0.1, 0, '../files/uploads/color_image/no-color.png', 0, 0, 1, 0, '', 'Oyster', ''),
(56, 18, 'OYSTER6', 'Baby', 30000, 10, '  \r\nOyster mushrooms are highly esteemed for their tender flesh, velvety texture and mild flavor. They are great addition for soups and sauces and develop light, delicate flavor when cooked.\r\n\r\nThese mushrooms contain carbohydrates, fiber, vitamins B1, B2 and minerals.\r\n\r\nHealth benefits :\r\n\r\nAnti tumor, contain pleuran\r\nReduce cholesterol levels, contain lovastatin\r\nCure anemia, contain folic acid\r\nAnti inflammatory\r\nAnti viral\r\nAntibiotic\r\n\r\nBionic Farm cultivates 6 variations : White, Brown, Yellow, Pink, Gray and Baby.', 0.1, 0, '../files/uploads/color_image/no-color.png', 0, 0, 1, 0, '', 'Oyster', ''),
(57, 18, 'OYSTER7', 'King Oyster', 30000, 10, '  \r\nOyster mushrooms are highly esteemed for their tender flesh, velvety texture and mild flavor. They are great addition for soups and sauces and develop light, delicate flavor when cooked.\r\n\r\nThese mushrooms contain carbohydrates, fiber, vitamins B1, B2 and minerals.\r\n\r\nHealth benefits :\r\n\r\nAnti tumor, contain pleuran\r\nReduce cholesterol levels, contain lovastatin\r\nCure anemia, contain folic acid\r\nAnti inflammatory\r\nAnti viral\r\nAntibiotic', 0.1, 0, '../files/uploads/color_image/no-color.png', 0, 0, 1, 0, '', 'Oyster', ''),
(58, 19, 'WOODEARS1', 'Wood Ears', 30000, 10, '  \r\nWood Ears mushroom has earthy gourmet flavor and renowned for its distinctive and pleasing crisp texture. Adding this mushroom into your dish will enhance the flavor and make nourishing food.\r\n\r\nHealth benefits :\r\nReduce cholesterol levels\r\nAnticoagulant, beneficial for atherosclerosis\r\nAnti tumor\r\nTreatment for hemorrhoids\r\nTreatment for gastrointestinal problems and diarrhea', 0.1, 0, '../files/uploads/color_image/no-color.png', 0, 0, 1, 0, '', 'Wood Ears', '');

-- --------------------------------------------------------

--
-- Table structure for table `tbl_promo`
--

CREATE TABLE IF NOT EXISTS `tbl_promo` (
  `promo_id` int(11) NOT NULL AUTO_INCREMENT,
  `promo_name` varchar(255) NOT NULL,
  `promo_description` text NOT NULL,
  PRIMARY KEY (`promo_id`)
) ENGINE=MyISAM  DEFAULT CHARSET=latin1 AUTO_INCREMENT=3 ;

--
-- Dumping data for table `tbl_promo`
--

INSERT INTO `tbl_promo` (`promo_id`, `promo_name`, `promo_description`) VALUES
(1, 'Discount by Percentage', ''),
(2, 'Discount by Amount', '');

-- --------------------------------------------------------

--
-- Table structure for table `tbl_promo_banner`
--

CREATE TABLE IF NOT EXISTS `tbl_promo_banner` (
  `id` int(11) NOT NULL AUTO_INCREMENT,
  `filename` varchar(100) NOT NULL,
  `link` varchar(100) NOT NULL,
  `order` int(11) NOT NULL,
  `flag` varchar(100) NOT NULL,
  PRIMARY KEY (`id`)
) ENGINE=MyISAM  DEFAULT CHARSET=latin1 AUTO_INCREMENT=3 ;

--
-- Dumping data for table `tbl_promo_banner`
--

INSERT INTO `tbl_promo_banner` (`id`, `filename`, `link`, `order`, `flag`) VALUES
(1, 'files/uploads/promo/promo-1-1.jpg', '', 0, 'files/uploads/promo/promo-1-promo-1.jpg'),
(2, 'files/uploads/promo/promo-2-2.jpg', '', 0, 'files/uploads/promo/promo-2-promo-1.jpg');

-- --------------------------------------------------------

--
-- Table structure for table `tbl_promo_item`
--

CREATE TABLE IF NOT EXISTS `tbl_promo_item` (
  `promo_item_id` int(11) NOT NULL AUTO_INCREMENT,
  `promo_id` int(11) NOT NULL,
  `product_type_id` int(11) NOT NULL,
  `promo_value` text NOT NULL,
  `promo_start_datetime` datetime NOT NULL,
  `promo_end_datetime` datetime NOT NULL,
  PRIMARY KEY (`promo_item_id`)
) ENGINE=MyISAM DEFAULT CHARSET=latin1 AUTO_INCREMENT=1 ;

--
-- Dumping data for table `tbl_promo_item`
--


-- --------------------------------------------------------

--
-- Table structure for table `tbl_recipes`
--

CREATE TABLE IF NOT EXISTS `tbl_recipes` (
  `recipe_id` int(11) NOT NULL AUTO_INCREMENT,
  `category_recipes` int(11) NOT NULL,
  `recipe_name` varchar(100) NOT NULL,
  `recipe_image` varchar(100) NOT NULL,
  `recipe_date` date NOT NULL,
  `recipe_ingredients` text NOT NULL,
  `recipe_sauce` text NOT NULL,
  `method` text NOT NULL,
  `alias` text NOT NULL,
  `visibility_status` varchar(10) NOT NULL,
  `additional` varchar(3) NOT NULL,
  PRIMARY KEY (`recipe_id`)
) ENGINE=MyISAM  DEFAULT CHARSET=latin1 AUTO_INCREMENT=16 ;

--
-- Dumping data for table `tbl_recipes`
--

INSERT INTO `tbl_recipes` (`recipe_id`, `category_recipes`, `recipe_name`, `recipe_image`, `recipe_date`, `recipe_ingredients`, `recipe_sauce`, `method`, `alias`, `visibility_status`, `additional`) VALUES
(13, 21, 'Beef in oyster sauce', 'files/uploads/recipes_image/recipes_image-oyster.jpg', '2013-06-12', '350g/12oz beef fillet\r\n1 tsp light soy sauce\r\n1 tbsp oyster sauce\r\npinch sugar\r\nsalt and freshly ground black pepper\r\n2 tbsp groundnut oil\r\n3 cloves garlic, finely chopped\r\n1 chilli, de-seeded, finely chopped\r\n200g/7oz baby spinach leaves\r\n1 tbsp Shaoxing rice wine or dry sherry\r\npinch dried chilli flakes', '1 tsp groundnut oil\r\n100g/3oz oyster mushrooms\r\ndash Chinese black rice vinegar or balsamic vinegar\r\ndash light soy sauce', 'For the beef, place the fillet in between two sheets of cling film and bash with a meat mallet or rolling pin until half as thin. Slice the beef into thin pieces and place into a bowl, then season with the light soy sauce, oyster sauce, sugar and salt and freshly ground black pepper. Set aside.\r\nHeat a wok until smoking and add one tablespoon of the groundnut oil, then add the garlic and chilli. Stir-fry for a few seconds, then add the spinach leaves and toss for a few seconds, until warmed through. Pile onto a large serving plate.\r\nPlace the wok back on the heat and add the remaining oil, then add the beef slices and stir fry for 2-3 minutes, or until the beef is cooked to your liking. Pour in the Shaoxing rice wine and sprinkle over the dried chilli flakes. Pile the beef over the spinach leaves.\r\nFor the oyster mushrooms, heat the oil in the wok and add the oyster mushrooms, stir frying for one minute. Add a small splash of water to create some steam to help the mushrooms cook, then season, to taste, with the black rice vinegar and light soy sauce.\r\nSpoon the oyster mushrooms over the beef and serve.', 'beef-in-oyster-sauce', 'Visible', 'top'),
(12, 10, 'Creamy Mushroom Meatloaf', 'files/uploads/recipes_image/recipes_image-shiitake.jpg', '2013-06-26', '1/4 cup butter\r\n 2 cups shiitake mushrooms, sliced\r\n 1 pinch salt\r\n 1 sprig fresh rosemary, chopped\r\n 3 tablespoons all-purpose flour\r\n 2 1/2 cups beef broth\r\n salt and pepper to taste\r\n 1/2 cup heavy cream\r\n 1 (2 1/2 pound) uncooked prepared beef, veal and pork meatloaf', '', 'Preheat the oven to 325 degrees F (165 degrees C).\r\nMelt butter in an oven-safe skillet over medium-high heat. Stir in mushrooms and a pinch of salt; cook and stir until mushrooms begin to brown, about 5 minutes.\r\nStir in fresh rosemary. Add flour and stir to coat the mushrooms; cook and stir for about 3 minutes.\r\nWhisk in beef broth, 1/2 cup at a time, whisking constantly to prevent lumps.\r\nTurn heat to high and bring the sauce to a simmer. Simmer a few minutes until sauce starts to thicken. Season with salt and pepper to taste.\r\nRemove from heat and stir in heavy cream.\r\nSlide prepared meatloaf into the sauce. Spoon sauce over the top of the meatloaf.\r\nBake in the preheated oven until no longer pink in the center, about 1 1/2 hours. An instant-read thermometer inserted into the center should read at least 160 degrees F (70 degrees C).\r\nRemove pan from the oven and gently remove meatloaf to a serving platter.\r\nSkim off any extra fat from the surface of the sauce.\r\nBring the sauce to a boil over medium-high heat to reduce until thick, about 5 minutes.', 'creamy-mushroom-meatloaf', 'Visible', 'top');

-- --------------------------------------------------------

--
-- Table structure for table `tbl_recipes_category`
--

CREATE TABLE IF NOT EXISTS `tbl_recipes_category` (
  `category_id` int(11) NOT NULL AUTO_INCREMENT,
  `category_name` varchar(50) NOT NULL,
  `category_active` varchar(10) NOT NULL,
  `category_visibility` varchar(10) NOT NULL,
  `additional` varchar(3) NOT NULL,
  PRIMARY KEY (`category_id`)
) ENGINE=MyISAM  DEFAULT CHARSET=latin1 AUTO_INCREMENT=50 ;

--
-- Dumping data for table `tbl_recipes_category`
--

INSERT INTO `tbl_recipes_category` (`category_id`, `category_name`, `category_active`, `category_visibility`, `additional`) VALUES
(23, 'Brown Rice', 'Active', 'Visible', 'top'),
(10, 'Shiitake', 'Active', 'Visible', 'top'),
(8, 'Woodears', 'Active', 'Visible', 'top'),
(36, 'Beet', 'Inactive', 'Invisible', 'top'),
(21, 'Oyster Mushroom', 'Active', 'Visible', 'top'),
(22, 'Mix Mushroom', 'Active', 'Visible', 'top'),
(20, 'Rainbow Mushroom', 'Active', 'Visible', 'top'),
(41, 'Sprouts', 'Active', 'Visible', 'top'),
(49, 'GBR', 'Active', 'Visible', 'top');

-- --------------------------------------------------------

--
-- Table structure for table `tbl_shopping_bag`
--

CREATE TABLE IF NOT EXISTS `tbl_shopping_bag` (
  `bag_id` int(11) NOT NULL AUTO_INCREMENT,
  `user_id` int(11) NOT NULL,
  `bag_billing_first_name` text,
  `bag_billing_last_name` text,
  `bag_billing_email` text,
  `bag_billing_phone` text,
  `bag_shipping_first_name` text,
  `bag_shipping_last_name` text,
  `bag_shipping_phone` text,
  `bag_shipping_address` text,
  `bag_shipping_country` text,
  `bag_shipping_province` text,
  `bag_shipping_city` text,
  `bag_shipping_postal_code` text,
  `shipping_method` text NOT NULL,
  `bag_gift_flag` tinyint(1) DEFAULT '0',
  `bag_gift_message` text,
  `bag_payment_method` text,
  `bag_purchase_amount` double DEFAULT NULL,
  `bag_shipping_amount` double DEFAULT NULL,
  `bag_total_amount` double DEFAULT NULL,
  `bag_date` datetime DEFAULT NULL,
  `bag_counter` int(11) DEFAULT NULL,
  PRIMARY KEY (`bag_id`)
) ENGINE=MyISAM  DEFAULT CHARSET=latin1 AUTO_INCREMENT=460 ;

--
-- Dumping data for table `tbl_shopping_bag`
--

INSERT INTO `tbl_shopping_bag` (`bag_id`, `user_id`, `bag_billing_first_name`, `bag_billing_last_name`, `bag_billing_email`, `bag_billing_phone`, `bag_shipping_first_name`, `bag_shipping_last_name`, `bag_shipping_phone`, `bag_shipping_address`, `bag_shipping_country`, `bag_shipping_province`, `bag_shipping_city`, `bag_shipping_postal_code`, `shipping_method`, `bag_gift_flag`, `bag_gift_message`, `bag_payment_method`, `bag_purchase_amount`, `bag_shipping_amount`, `bag_total_amount`, `bag_date`, `bag_counter`) VALUES
(64, 0, NULL, NULL, NULL, NULL, NULL, NULL, NULL, NULL, NULL, NULL, NULL, NULL, '0', 1, NULL, NULL, NULL, NULL, NULL, NULL, NULL),
(65, 0, NULL, NULL, NULL, NULL, NULL, NULL, NULL, NULL, NULL, NULL, NULL, NULL, '0', 1, NULL, NULL, NULL, NULL, NULL, NULL, NULL),
(66, 4, 'Garyswd', 'OKFO', 'gary@gary.comm', '320324024', 'Garyswd', 'OKFO', '320324024', 'Mega Kebon Jeruk', 'Indonesia', 'DKI Jakarta', 'Jakarta Barat', '11650', '0', 0, '', '', 0, 0, 0, '2011-09-02 15:59:39', 2),
(67, 0, NULL, NULL, NULL, NULL, NULL, NULL, NULL, NULL, NULL, NULL, NULL, NULL, '0', 1, NULL, NULL, NULL, NULL, NULL, NULL, NULL),
(449, 144, 'Test', 'Test', 'test@gmail.com', '123123', 'Test', 'Test', '123123', 'test', 'Indonesia', 'PROVINSI D.I ACEH', 'BANDA ACEH', '12345', '', 0, NULL, NULL, NULL, NULL, NULL, '2012-12-05 17:11:20', NULL),
(128, 7, 'Agatha', 'Carolina', 'carolina@heymonstore.com', '45467687', 'Agatha', 'Carolina', '45467687', 'asdasdasd', 'Indonesia', 'DKI Jakarta', 'Jakarta Barat', '12345', '', 0, '', '', 0, 0, 0, '2011-11-03 23:20:28', NULL),
(143, 10, 'jimmy ', 'limantara', 'jihai_13@hotmail.com', '+6283896055317', 'jimmy ', 'limantara', '+6283896055317', 'tl.gong', 'Indonesia', 'DKI Jakarta', 'Jakarta Barat', '14450', '', 0, '', '', 0, 0, 0, '2011-11-26 15:09:11', NULL),
(232, 40, 'tommy', 'pratama', 'tommypratama@hotmail.com', '085866866655', 'tommy', 'pratama', '085866866655', 'tegalsari RT03 RW04, Manjung, Ngawen.', 'Indonesia', 'PROVINSI JAWA TENGAH', 'KLATEN', '57466', '', 0, '', '', 0, 0, 0, '2011-12-30 13:54:09', 2),
(220, 33, 'gita', 'prasetyo', 'go_get_strong@rocketmail.com', '087888006506', 'gita', 'prasetyo', '087888006506', 'Jl. Senjoyo no 24', 'Indonesia', 'PROVINSI JAWA TENGAH', 'SALATIGA', '50473', '', 0, '', '', 0, 0, 0, '2011-12-22 17:54:29', NULL),
(147, 9, 'Irwina', 'Annisa', 'winawinch@hotmail.com', '+628158777707', 'Irwina', 'Annisa', '+628158777707', 'Jalan Tebet Dalam II a no. 3, Jakarta Selatan', 'Indonesia', 'DKI Jakarta', 'Jakarta Barat', '12810', '', 0, '', '', 0, 0, 0, '2011-11-27 20:58:02', NULL),
(148, 12, 'Diyang', 'Renantia', 'diyang.renantia@gmail.com', '085718860788', 'Diyang', 'Renantia', '085718860788', 'Komplek Depkes Jl. Biomedis Blok B4 no 8 Sunter Jaya Jakarta Utara', 'Indonesia', 'DKI Jakarta', 'Jakarta Barat', '14350', '', 0, '', '', 0, 0, 0, '2011-11-28 01:27:21', NULL),
(146, 11, 'Nanda ', 'Nadiera', 'dea.nnup@gmail.com', '081253326669', 'Nanda ', 'Nadiera', '081253326669', 'Jl. Wijaya Kusuma X No. 1D Air Putih, Samarinda 75124', 'Indonesia', 'DKI Jakarta', 'Jakarta Barat', '75124', '', 0, '', '', 0, 0, 0, '2011-11-27 10:02:12', NULL),
(151, 14, 'Vivian', 'Ali', 'ali.vivian@hotmail.com', '0818937318', 'Vivian', 'Ali', '0818937318', 'Taman Ratu Indah Blok CC 2 No.1\r\nJakarta Barat', 'Indonesia', 'DKI JAKARTA', 'DKI JAKARTA', '11520', 'free', 0, '', 'BCA', 159000, 0, 159000, '2011-11-28 23:40:40', 1),
(150, 13, 'anggrek', 'anggunatami', 'theangeworld@hotmail.com', '085691258390', 'anggrek', 'anggunatami', '085691258390', 'bukit pamulang indah blok f 13 no 8 RT 04/13.kecamatan pamulang, kelurahan pamulang.Tangerang selatan.15417', 'Indonesia', 'DKI Jakarta', 'Jakarta Barat', '15417', '', 0, '', '', 0, 0, 0, '2011-11-28 12:54:12', NULL),
(152, 15, 'Fauz', 'Alawi', 'flyoff.2satrun@yahoo.com', '081314636453', 'Fauz', 'Alawi', '081314636453', 'ruko permata regency blok A/08 jl. haji kelik srengseng kelapa dua jakarta barat  ', 'Indonesia', 'DKI Jakarta', 'Jakarta Barat', '11530', '', 0, '', '', 0, 0, 0, '2011-11-29 08:17:27', NULL),
(205, 27, 'Bahtiar', 'Sidik', 'tiarzzz@gmail.com', '08561480033', 'Bahtiar', 'Sidik', '08561480033', 'Jl. Hi. Hasbi No. 23\r\nRT 09/ RW 09\r\nKel. Bidaracina\r\nKec. Jatinegara\r\nJakarta Timur', 'Indonesia', 'DKI JAKARTA', 'DKI JAKARTA', '13330', '', 0, '', '', 0, 0, 0, '2011-12-11 17:15:43', NULL),
(200, 23, 'Dimas', 'Putra', 'dikejarmasmas_dimas@yahoo.com', '08170710288', 'Dimas', 'Putra', '08170710288', 'JL. Pratama 5 Blok T No. 19 Perumahan Kemang Pratama 1', 'Indonesia', 'DKI JAKARTA', 'BEKASI', '17116', '', 0, '', '', 0, 0, 0, '2011-12-09 00:58:03', NULL),
(198, 24, 'yuki', 'andriani', 'yukiandriani@ymail.com', '08568202070', 'yuki', 'andriani', '08568202070', 'Jln. Kijang 1 no. F56 slipi - kemanggisan ', 'Indonesia', 'DKI JAKARTA', '', '11480', '', 0, '', '', 0, 0, 0, '2011-12-09 00:52:56', NULL),
(228, 37, 'Jessica', 'Soekidi', 'jessicasoekidi@yahoo.com', '+6285659333332', 'Jessica', 'Soekidi', '+6285659333332', 'Taman Cipulir Estate Blok A/4 No. 14, Ciledug', 'Indonesia', 'PROVINSI BANTEN', 'TANGERANG', '15055', '', 0, '', '', 0, 0, 0, '2011-12-25 19:36:49', NULL),
(302, 84, 'nita', 'darsono', 'nita.darsono@gmail.com', '082139022888', 'nita', 'darsono', '082139022888', 'jalan ciliwung 54 ', 'Indonesia', 'PROVINSI JAWA TIMUR', 'SURABAYA', '60241', '', 0, '', '', 0, 0, 0, '2012-03-14 15:52:50', NULL),
(182, 21, 'Irma', 'Widya', 'irma_dwk87@yahoo.com', '081908221259', 'Irma', 'Widya', '081908221259', 'PTB. Duren Sawit Timur Blok M1 No 8', 'Indonesia', 'DKI JAKARTA', 'DKI JAKARTA', '13440', '', 0, '', '', 0, 0, 0, '2011-12-04 19:39:33', NULL),
(231, 3, 'Gary', 'Gregorius', 'gary@heymonstore.com', '08170102349', 'Gary', 'Gregorius', '08170102349', 'Mega Kebon Jeruk F3/6\r\nMeruya Selatan\r\nKembangan\r\n', 'Indonesia', 'PROVINSI BALI', 'DENPASAR', '11650', '', 0, '', 'BCA', 143100, 1000, 144100, '2011-12-30 09:42:57', 1),
(226, 36, 'Ririn', 'Susanti', 'rynsrn@hotmail.com', '081213115711', 'Ririn', 'Susanti', '081213115711', 'amarapura blok d no 30', 'Indonesia', 'DKI JAKARTA', 'DKI JAKARTA', '12140', '', 0, '', '', 0, 0, 0, '2011-12-25 17:30:25', NULL),
(192, 22, 'Richie', 'Bestianto', 'richiebestianto@live.com', '08998886819', 'Richie', 'Bestianto', '08998886819', 'Jl. Trapesium III Blok A3 No.17\r\nTaman Kedoya Permai - Jakarta Barat', 'Indonesia', 'DKI JAKARTA', 'DKI JAKARTA', '11530', '', 0, '', '', 0, 0, 0, '2011-12-07 12:47:39', NULL),
(163, 16, 'Sartika', 'Lubis', 'tika.lubis@yahoo.com', '081287750087', 'Sartika', 'Lubis', '081287750087', 'Jl. Bambu Duri v No. 21, Jakarta Timur 13430. Pondok Bambu', 'Indonesia', 'DKI Jakarta', 'Jakarta Barat', '13430', '', 0, '', '', 0, 0, 0, '2011-11-30 16:42:42', NULL),
(306, 85, 'Nabila', 'Renjani', 'bilarenjani@hotmail.com', '087888511616', 'Nabila', 'Renjani', '087888511616', 'Jl. Kebon Nanas PWI no. 36\r\nCipinang Besar Selatan\r\nJakarta Timur', 'Indonesia', 'DKI JAKARTA', '', '13410', '', 0, '', '', 179000, 0, 0, '2012-03-16 12:22:03', 1),
(459, 19, 'Gary', 'Gregorius', 'gary@antikode.com', '', 'Gar', 'Gregorius', '0819329903', 'Jalan Lalalalala', 'Indonesia', 'DKI JAKARTA', 'DKI JAKARTA', '11650', 'regular', 0, NULL, '', 1150000, 6000, 1156000, '2013-03-28 13:02:05', 1),
(175, 18, 'isnen', 'bahar', 'bonesbahar@yahoo.co.id', '085643656727', 'isnen', 'bahar', '085643656727', 'Prum Depkes B7 No. 17, Kramat, Magelang', 'Indonesia', 'DKI Jakarta', 'Jakarta Barat', '56113', '', 0, '', '', 0, 0, 0, '2011-12-02 12:17:53', NULL),
(239, 44, 'taufik', 'dirgavasa', 'taufikdirgavasa@yahoo.com', '085710883801', 'taufik', 'dirgavasa', '085710883801', 'jl. anggrek cakra no20 rt05/rw07 kebon jeruk, jakarta barat', 'Indonesia', 'DKI JAKARTA', 'DKI JAKARTA', '11530 ', '', 0, '', '', 0, 0, 0, '2012-01-06 03:28:42', NULL),
(202, 25, 'Ifan', 'Alfian', 'ifan@alfian.net', '62817884326', 'Ifan', 'Alfian', '62817884326', 'PT XL Axiata, Tbk\r\nMenara Prima 6th Fl.\r\nJalan Lingkar Mega Kuningan Blok 6.2\r\nKawasan Mega Kuningan', 'Indonesia', 'DKI JAKARTA', 'DKI JAKARTA', '12950', '', 0, '', '', 0, 0, 0, '2011-12-09 17:33:16', NULL),
(204, 26, 'karina citra', 'Darmawan', 'cededarmawan@gmail.com', '08129558035', 'karina citra', 'Darmawan', '08129558035', 'Jl. Hj Abdul Hamid No.32 RT6/RW4 Cawang 2 Jakarta Timur', 'Indonesia', 'DKI JAKARTA', 'DKI JAKARTA', '13630', '', 0, '', '', 0, 0, 0, '2011-12-09 20:30:47', NULL),
(207, 28, 'harumi', 'tanoto', 'harumitanoto@yahoo.com', '083894650039', 'harumi', 'tanoto', '083894650039', 'pantai indah kapuk, katamaran indah 9 no. 2H', 'Indonesia', 'DKI JAKARTA', 'DKI JAKARTA', '14460', '', 0, '', '', 0, 0, 0, '2011-12-12 23:03:47', NULL),
(208, 29, 'renny', 'fw', 'rennyfw@yahoo.com', '085737430328', 'renny', 'fw', '085737430328', 'jln budi raya no21 kebun jeruk jakarta barat, 11530 binus square', 'Indonesia', 'DKI JAKARTA', 'DKI JAKARTA', '11530', '', 0, '', '', 0, 0, 0, '2011-12-14 22:28:21', NULL),
(209, 25, 'Ifan', 'Alfian', 'ifan@alfian.net', '62817884326', 'Ifan', 'Alfian', '62817884326', 'PT XL Axiata, Tbk\r\nMenara Prima 6th Fl.\r\nJalan Lingkar Mega Kuningan Blok 6.2\r\nKawasan Mega Kuningan', 'Indonesia', 'DKI JAKARTA', 'DKI JAKARTA', '12950', 'regular', 0, '', 'BCA', 159000, 6000, 6000, '2011-12-15 05:59:22', 1),
(210, 25, 'Ifan', 'Alfian', 'ifan@alfian.net', '62817884326', 'Ifan', 'Alfian', '62817884326', 'PT XL Axiata, Tbk\r\nMenara Prima 6th Fl.\r\nJalan Lingkar Mega Kuningan Blok 6.2\r\nKawasan Mega Kuningan', 'Indonesia', 'DKI JAKARTA', 'DKI JAKARTA', '12950', 'regular', 0, '', 'BCA', 159000, 6000, 165000, '2011-12-15 06:01:46', 1),
(212, 30, 'idraz', 'erlangga', 'idraz.skywalker@gmail.com', '+6285732714595', 'idraz', 'erlangga', '+6285732714595', 'betoyo guci RT8/09 Kec.Manyar Kab.Gresik', 'Indonesia', 'PROVINSI JAWA TIMUR', 'GRESIK', '61151', '', 0, '', '', 0, 0, 0, '2011-12-15 13:45:42', NULL),
(213, 31, '', '', '', '', '', '', '', '', '', '', '', '', '', 0, '', '', 0, 0, 0, '2011-12-17 00:20:55', NULL),
(217, 32, 'gita', 'prasetyo', 'gitaprasetyo@hotmail.com', '087888006506', 'gita', 'prasetyo', '087888006506', 'Jl. Senjoyo no 24', 'Indonesia', 'PROVINSI JAWA TENGAH', 'SALATIGA', '50743', '', 0, '', '', 0, 0, 0, '2011-12-22 14:36:27', NULL),
(250, 53, 'Dista Maria', 'Zefanya', 'distamaria@yahoo.com', '085739783872', 'Dista Maria', 'Zefanya', '085739783872', 'Jl. Wiguna 2/21 Surabaya', 'Indonesia', 'PROVINSI JAWA TIMUR', 'SURABAYA', '60294', '', 0, '', '', 0, 0, 0, '2012-01-21 10:56:08', NULL),
(225, 35, '', '', '', '', '', '', '', '', '', '', '', '', '', 0, '', '', 0, 0, 0, '2011-12-25 13:17:22', NULL),
(223, 3, 'Gary', 'Gregorius', 'gary@heymonstore.com', '08170102349', 'Gary', 'Gregorius', '08170102349', 'Mega Kebon Jeruk F3/6\r\nMeruya Selatan\r\nKembangan\r\n', 'Indonesia', 'DKI JAKARTA', 'DKI JAKARTA', '11650', 'regular', 0, '', 'BCA', 954000, 12000, 386400, '2011-12-22 21:26:24', 1),
(234, 41, 'gabriella audrey', 'sadono', 'audreysadono@yahoo.com', '087881913005', 'gabriella audrey', 'sadono', '087881913005', 'jalan taman bendungan jatiluhur VII no.2 JAkarta Pusat 10210', 'Indonesia', 'DKI JAKARTA', 'DKI JAKARTA', '10210', '', 0, '', '', 0, 0, 0, '2011-12-30 18:29:14', NULL),
(235, 42, 'Alvin', 'Archimeda', 'vinzbox@gmail.com', '0817436974', 'Alvin', 'Archimeda', '0817436974', 'Jl. Bandung no 23 Cinere Depok', 'Indonesia', 'DKI JAKARTA', 'DEPOK', '16514', '', 0, '', 'Mandiri', 143100, 1000, 144100, '2012-01-01 11:53:58', 1),
(236, 39, 'Joverna', 'huang', 'joey_verna@hotmail.com', '08159971900', 'Joverna', 'huang', '08159971900', 'sunter mas tengah k blok e no 11. jakarta utara', 'Indonesia', 'DKI JAKARTA', 'DKI JAKARTA', '14350', '', 0, '', '', 0, 0, 0, '2012-01-04 19:59:48', NULL),
(238, 43, 'dea', 'andini', 'dhea_oshin@yahoo.com', '085780055516', 'dea', 'andini', '085780055516', 'jl. madrasah assalam no 12 rt 03 rw 03 gerendeng ', 'Indonesia', 'PROVINSI BANTEN', 'TANGERANG', '15113', '', 0, '', '', 0, 0, 0, '2012-01-05 21:06:38', NULL),
(240, 45, 'Rian', 'Kurniawan', 'thechannelstones@yahoo.co.id', '085228994254', 'Rian', 'Kurniawan', '085228994254', 'Jl. jati III no. 13 Ternate, Maluku Utara', 'Indonesia', '', '', '997714', '', 0, '', '', 0, 0, 0, '2012-01-07 15:40:52', NULL),
(241, 46, 'Raymond ', 'Foo', 'vodcramondz@yahoo.com', '085275752654', 'Raymond ', 'Foo', '085275752654', 'Jln. Menggala No. 12/2-FF Medan, Kel. Sei Rengas I, Kec. Medan Kota, Kab. Kota Medan\r\nMedan\r\n20214', 'Indonesia', '', '', '20214', '', 0, '', '', 0, 0, 0, '2012-01-08 22:54:55', NULL),
(242, 47, 'raymond', 'foo', 'foo.raymond@ymail.com', '085275752654', 'raymond', 'foo', '085275752654', 'Jln. Menggala No. 12/2-FF Medan, Kel. Sei Rengas I, Kec. Medan Kota, Kab. Kota Medan\r\nMedan', 'Indonesia', '', '', '20214', '', 0, '', '', 0, 0, 0, '2012-01-08 23:48:35', NULL),
(243, 48, 'Randy', 'Raharja', 'randy@randyraharja.com', '087775272845', 'Randy', 'Raharja', '087775272845', 'Jalan Meruya Utara no 8A', 'Indonesia', 'DKI JAKARTA', '', '11620', '', 0, '', '', 0, 0, 0, '2012-01-09 19:07:45', NULL),
(244, 49, 'Devi', 'Chameleon', 'wiradianita@yahoo.co.id', '+6285852187187', 'Devi', 'Chameleon', '+6285852187187', 'Jl. Hos Cokroaminoto 62 Bangkalan - Madura - Jawa Timur - Indonesia', 'Indonesia', '', '', '69115', '', 0, '', '', 0, 0, 0, '2012-01-11 12:22:55', NULL),
(245, 50, 'Ario', 'Trihantoro', 'ario_stm@yahoo.co.id', '081213936900', 'Ario', 'Trihantoro', '081213936900', 'apartment mediterania garden 1 tower a lantai 6 c/b ( a 6cb) , tanjung duren , jakarta barat', 'Indonesia', 'DKI JAKARTA', 'DKI JAKARTA', '11470', '', 0, '', '', 0, 0, 0, '2012-01-16 14:35:27', NULL),
(246, 51, 'Ario', 'Trihantoro', 'ansmarcellviella@gmail.com', '081213936900', 'Ario', 'Trihantoro', '081213936900', 'Apartemen Mediterania Garden 1 Tower A Lantai 6 c/b , Tanjung Duren , Jakarta barat', 'Indonesia', 'DKI JAKARTA', 'DKI JAKARTA', '11470', '', 0, '', '', 0, 0, 0, '2012-01-16 14:47:07', NULL),
(247, 52, 'Ario', 'Trihantoro', 'saiiasiioon@yahoo.com', '081213936900', 'Ario', 'Trihantoro', '081213936900', 'Apartemen Mediterania Garden 1 Tower a Lantai 6 c/b , Tanjung Duren , Jakarta Barat', 'Indonesia', 'DKI JAKARTA', 'DKI JAKARTA', '11470', '', 0, '', '', 0, 0, 0, '2012-01-16 14:51:12', NULL),
(265, 60, 'xyibpdj', 'xyibpdj', 'hjaxgr@hnbgup.com', '97156286765', 'xyibpdj', 'xyibpdj', '97156286765', 'mklARH  <a href="http://djzghbxumvps.com/">djzghbxumvps</a>, [url=http://zoitofhkjzyf.com/]zoitofhkjzyf[/url], [link=http://giytkrfrahzp.com/]giytkrfrahzp[/link], http://aofzkrtqzjwz.com/', '', '', '', '7836', '', 0, '', '', 0, 0, 0, '2012-02-06 14:31:02', NULL),
(253, 55, 'sandra', 'harahap', 'sandra_fetriana@yahoo.com', '081287802246', 'sandra', 'harahap', '081287802246', 'Jl. Cempaka 2 BS 17 no. 16\r\nKranggan Permai. Jati Sampurna\r\nBekasi', 'Indonesia', 'PROVINSI JAWA BARAT', 'OTHER JAWA BARAT', '17433', '', 0, '', '', 0, 0, 0, '2012-01-21 21:34:47', NULL),
(252, 54, 'Novyti', 'Ohyaan', 'novyti.ohyaan@yahoo.com', '087853363605', 'Novyti', 'Ohyaan', '087853363605', 'Jl. Perum. Karah Indah II blok L no 26 Surabaya ', 'Indonesia', 'PROVINSI JAWA TIMUR', 'SURABAYA', '60232', '', 0, '', '', 0, 0, 0, '2012-01-21 11:43:37', NULL),
(263, 56, 'hilman', 'satriawan', 'hilman_gokil@hotmail.com', '08568932210', 'hilman', 'satriawan', '08568932210', 'kotawisata, beverlyhills blok G1 no. 19\r\n(cibubur)', 'Indonesia', 'DKI JAKARTA', 'BOGOR', '16280', '', 0, '', '', 0, 0, 0, '2012-02-01 21:51:16', NULL),
(264, 59, 'lalita', 'setiandi', 'lalitatian@gmail.com', '085780218899', 'lalita', 'setiandi', '085780218899', 'jl. pancoran glodok #17-19 ', 'Indonesia', 'DKI JAKARTA', 'DKI JAKARTA', '11120', '', 0, '', '', 0, 0, 0, '2012-02-05 15:42:07', NULL),
(257, 57, 'inoe', 'windyarum', 'inuuu@hotmail.com', '085714363500', 'inoe', 'windyarum', '085714363500', 'Jl.kalimantan IX blok F2 no.19 sektor 14 Nusa Loka BSD Tangerang Selatan', 'Indonesia', 'PROVINSI BANTEN', 'SERPONG', '15310', '', 0, '', '', 0, 0, 0, '2012-01-26 08:03:58', NULL),
(262, 58, 'Laura', 'Sandjaja', 'Laurasandjaja@ymail.com', '081399319877', 'Laura', 'Sandjaja', '081399319877', 'Apartemen pakubuwono view #R35A. Jl pakubuwono 6 no 70 kebayoran lama', 'Indonesia', 'DKI JAKARTA', 'DKI JAKARTA', '12120', '', 0, '', '', 0, 0, 0, '2012-02-01 18:22:54', NULL),
(272, 64, 'fabiyya ', 'edrus ', 'biyabiyabiya@hotmail.com', '085719876662', 'fabiyya ', 'edrus ', '085719876662', 'jl . a-yani 2 gg.822 no 24 pontianak ( kalimantan barat)', 'Indonesia', 'PROVINSI KALIMANTAN BARAT', 'PONTIANAK', '78391', '', 0, '', '', 0, 0, 0, '2012-02-11 15:44:02', NULL),
(267, 61, 'Lembah Redhati', 'Nirza', 'dhanirza@yahoo.com', '6282117885080', 'Lembah Redhati', 'Nirza', '6282117885080', 'Jl Tubagus Ismail Komplek Alamanda No. E2 ', 'Indonesia', 'PROVINSI JAWA BARAT', 'BANDUNG', '12345', '', 0, '', '', 0, 0, 0, '2012-02-10 02:24:21', NULL),
(269, 62, 'Nathania', 'Eliza', 'enzet_za@yahoo.com', '08997910533', 'Nathania', 'Eliza', '08997910533', 'Jl. Tanjungsari asri raya no 73 antapani 40291', 'Indonesia', 'PROVINSI JAWA BARAT', 'BANDUNG', '40291', '', 0, '', '', 0, 0, 0, '2012-02-10 17:01:08', NULL),
(271, 63, 'Rizkia', 'Ramadita', 'rizkiaramadita@yahoo.com', '085659476569', 'Rizkia', 'Ramadita', '085659476569', 'Tabanan No. 2 Antapani', 'Indonesia', 'PROVINSI JAWA BARAT', 'BANDUNG', '40291', '', 0, '', '', 0, 0, 0, '2012-02-10 18:28:18', NULL),
(273, 65, 'Sandika', 'Fitra', 'fitrasandika@yahoo.com', '085737067217', 'Sandika', 'Fitra', '085737067217', 'Griya Agung Budha Salahin\r\nJl. Cempaka Putih No. 10 Demulih, Kec.Susut, Kab. Bangli- Bali\r\n\r\nJl. Haji Basuki No. 138\r\nRT. 02 RW. 10 \r\nKelurahan Binong, Batununggal - Bandung', 'Indonesia', 'PROVINSI BALI', 'BANGLI', '80661', '', 0, '', '', 0, 0, 0, '2012-02-14 11:39:03', NULL),
(274, 66, 'Francisco', 'Vessalius', 'falius@live.com', '087788215851', 'Francisco', 'Vessalius', '087788215851', 'Jl. Kyai Tapa No.1', 'Indonesia', 'DKI JAKARTA', 'DKI JAKARTA', '11440', '', 0, '', '', 0, 0, 0, '2012-02-16 12:52:49', NULL),
(276, 68, 'Ryan', 'Aldian', 'amblomciusryan@yahoo.com', '088218148770', 'Ryan', 'Aldian', '088218148770', 'jl.cibabat no 70 cimahi , bandung', 'Indonesia', 'PROVINSI JAWA BARAT', 'CIMAHI', '4015', '', 0, '', '', 0, 0, 0, '2012-02-17 16:01:37', NULL),
(277, 69, 'Melania Niken', 'Larasati', 'melanianikenlj@gmail.com', '0410491891', 'Melania Niken', 'Larasati', '0410491891', 'PT AIRMAS ASRI\r\nJalan Cikini 4 no. 6 \r\nJakarta', 'Indonesia', 'DKI JAKARTA', 'DKI JAKARTA', '10330', '', 0, '', '', 0, 0, 0, '2012-02-18 18:12:47', NULL),
(278, 70, 'Danang Ibnu', 'Pratomo', 'ibnudanang_19@yahoo.com', '085694125900', 'Danang Ibnu', 'Pratomo', '085694125900', 'Perumahan Tanah Baru Blok H2 no.9 Rt02 Rw09,Kedung Halang,Bogor', 'Indonesia', 'DKI JAKARTA', 'BOGOR', '16153', '', 0, '', '', 159000, 0, 0, '2012-02-19 14:00:40', NULL),
(280, 71, 'Ignatius', 'Pratisto', 'muffinajaibs@yahoo.com.au', '087889600888', 'Ignatius', 'Pratisto', '087889600888', 'Komp. Polri Pejaten Jl.Siaga Raya Bl D/3\r\n', 'Indonesia', 'DKI JAKARTA', 'DKI JAKARTA', '12510', '', 0, '', '', 0, 0, 0, '2012-02-19 19:55:41', NULL),
(283, 72, 'Garrett', 'Garrett', 'l.stearman@brighton.ac.uk', 'dHjkZZpjfT', 'Garrett', 'Garrett', 'dHjkZZpjfT', 'Thank you so much.  I will use your post to get my hasbund talking.  Sorry is not enough but I think about you and your family daily.  Praying for comfort, strenth, peace, and the support you need.', 'Indonesia', '', '', 'OuPOYwMNyptOeFwAJzC', '', 0, '', '', 0, 0, 0, '2012-02-24 20:19:23', NULL),
(447, 143, 'Christopher', 'Dirdjohadi', 'vj_topher18@hotmail.com', '', 'Christopher', 'Dirdjohadi', '', '', '', '', '', '', '', 0, NULL, NULL, NULL, NULL, NULL, '2012-08-21 19:23:57', NULL),
(284, 73, 'Lenara Rizki', 'Lathifah', 'ouchwoops@yahoo.com', '08561165203', 'Lenara Rizki', 'Lathifah', '08561165203', 'Jl. Palayu Raya No.52, Bantarjati, Bogor', 'Indonesia', 'PROVINSI JAWA BARAT', 'OTHER JAWA BARAT', '16152', '', 0, '', '', 0, 0, 0, '2012-02-25 13:29:47', NULL),
(285, 74, '', '', '', '', '', '', '', '', '', '', '', '', '', 0, '', '', 0, 0, 0, '2012-02-29 19:02:50', 1),
(286, 75, 'Randy', 'Raharja', 'randy.rhrj@gmail.com', '087775272845', 'Randy', 'Raharja', '087775272845', 'Jalan meruta Utara no 8A', 'Indonesia', 'DKI JAKARTA', 'DKI JAKARTA', '11620', '', 0, '', '', 0, 0, 0, '2012-03-02 17:28:33', NULL),
(287, 76, 'Atika Hutami', 'Sarwono', 'atikasarwono@hotmail.com', '081319594200', 'Atika Hutami', 'Sarwono', '081319594200', 'Jl. Batu Merah IV no. 5B Pejaten Timur RT 09/02', 'Indonesia', 'DKI JAKARTA', 'DKI JAKARTA', 'JKT 12510', '', 0, '', '', 0, 0, 0, '2012-03-03 18:28:37', NULL),
(288, 67, 'Windy', 'Tenri Sau', 'wiwndyw@yahoo.com', '+6281263999991', 'Windy', 'Tenri Sau', '+6281263999991', 'Jl. STM Gg. Sukajadi No. 7C Kel. Sukamaju Kec. Medan Johor', 'Indonesia', 'PROVINSI SUMATERA UTARA', 'MEDAN', '20146', '', 0, '', '', 0, 0, 0, '2012-03-04 18:06:11', NULL),
(292, 78, 'Yolanda', 'Fox', 'yolanda.fox@gmail.com', '+6281314515714', 'Yolanda', 'Fox', '+6281314515714', 'Komp. Patria Jaya, Jl. Rinjani B I No. 30 Rt 001/ Rw 014, Jatirahayu, Pondok Melati', 'Indonesia', 'DKI JAKARTA', 'BEKASI', '17414', '', 0, '', '', 0, 0, 0, '2012-03-09 10:36:54', NULL),
(291, 77, 'cindy', 'octavia', 'cindy-23@Live.com', '085697558800', 'cindy', 'octavia', '085697558800', 'jl. rempoa raya no. 57B rt 01 rw 01 ciputat tangerang', 'Indonesia', 'PROVINSI BANTEN', 'TANGERANG', '15412', '', 0, '', '', 0, 0, 0, '2012-03-06 23:27:33', 4),
(293, 79, 'Larasati', 'Dewi', 'lxrxsxys@yahoo.com', '082122192255', 'Larasati', 'Dewi', '082122192255', 'Villa Pamulang Jl. Ismaya IV Blok U9 No. 18', 'Indonesia', 'PROVINSI BANTEN', 'TIGARAKSA', '15416', '', 0, '', '', 0, 0, 0, '2012-03-12 00:03:56', NULL),
(294, 80, 'renno', 'wijaya', 'renno.wijaya@hotmail.com', '085711666305', 'renno', 'wijaya', '085711666305', 'Jl Rs Fatmawati no 15', 'Indonesia', 'DKI JAKARTA', 'DKI JAKARTA', '12430', '', 0, '', '', 0, 0, 0, '2012-03-12 14:32:29', NULL),
(296, 20, 'Ratih', 'Permatasari', 'ratihpermatasari@hotmail.com', '087888428090', 'Ratih', 'Permatasari', '087888428090', 'Jl. Ir H Djuanda no. 227, Dago\r\nBandung-Jawa Barat', 'Indonesia', '', '', '40135', '', 0, '', '', 0, 0, 0, '2012-03-13 09:30:52', NULL),
(297, 81, 'fatimah', 'saputri', 'sa.putri@hotmail.com', '08989994669', 'fatimah', 'saputri', '08989994669', 'Jl. Banyuwangi No.2 Menteng Jakarta Pusat', 'Indonesia', 'DKI JAKARTA', 'DKI JAKARTA', '10310', '', 0, '', '', 0, 0, 0, '2012-03-13 15:55:17', 1),
(299, 82, 'Kharissa', 'Pitoyo', 'little.k@live.com', '081311193333', 'Kharissa', 'Pitoyo', '081311193333', 'Villa Melati Mas Blok P1 no. 9', 'Indonesia', 'PROVINSI BANTEN', 'SERPONG', '15323', '', 0, '', '', 0, 0, 0, '2012-03-13 22:18:04', NULL),
(301, 83, 'Shaviera Gita', 'Anisha', 'shavieragitaanisha@yahoo.com', '081398980114', 'Shaviera Gita', 'Anisha', '081398980114', 'Jl. Cigadung Raya Tengah Cigadung Valley Residence II Kavling 2', 'Indonesia', 'PROVINSI JAWA BARAT', 'BANDUNG', '40191', '', 0, '', '', 0, 0, 0, '2012-03-14 14:19:29', NULL),
(308, 38, 'Linardy', 'Linardy', 'linardy_90@hotmail.com', '082112156981', 'Linardy', 'Linardy', '082112156981', 'Jl. Kartini no 16a. Pancoran mas. Depok', 'Indonesia', 'DKI JAKARTA', '', 'H', '', 0, '', '', 0, 0, 0, '2012-03-16 15:21:52', NULL),
(311, 87, 'Nadhira Syabanita ', 'Rioputri', 'dhira-@live.com', '083897899588', 'Nadhira Syabanita ', 'Rioputri', '083897899588', 'jl. jatipadang utara no 16 rt01/07, pasar minggu. jaksel. 12540', 'Indonesia', 'DKI JAKARTA', 'DKI JAKARTA', '12540', '', 0, '', '', 0, 0, 0, '2012-03-17 06:43:17', NULL),
(310, 86, 'vyaa fauzia', 'burhanuddin', 'vyaafauzia@yahoo.com', '085656857095', 'vyaa fauzia', 'burhanuddin', '085656857095', 'jl.a.p.pettarani kompleks pemda blok E24 No 1/46A makassar, sulawesi selatan', 'Indonesia', 'PROVINSI SULAWESI SELATAN', 'MAKASAR', '90222', '', 0, '', '', 0, 0, 0, '2012-03-16 23:34:18', NULL),
(313, 88, 'Febi', 'Asga', 'febi.asga@gmail.com', '082114919111', 'Febi', 'Asga', '082114919111', 'Jl. Cucur Jaya Blok C1/10 Sektor 4 Bintaro Jaya.', 'Indonesia', 'DKI JAKARTA', 'DKI JAKARTA', '15525', '', 0, '', '', 0, 0, 0, '2012-03-17 12:13:21', NULL),
(314, 89, 'Wildandi', 'Djajakusuma', 'wildandi.djajakusuma@gmail.com', '0856 741 6445', 'Wildandi', 'Djajakusuma', '0856 741 6445', 'Jl Garuda 8 no 7 Kranggan Permai, Jatisampurna Pd Gede Bekasi 17433', 'Indonesia', 'DKI JAKARTA', '', '17433', '', 0, '', '', 0, 0, 0, '2012-03-18 00:42:45', NULL),
(315, 90, 'ririn', 'wibowo', 'rynsrn@aol.com', '081213115711', 'ririn', 'wibowo', '081213115711', 'apartment hamptons park', 'Indonesia', 'DKI JAKARTA', '', '12140', '', 0, '', '', 318000, 0, 0, '2012-03-19 12:23:49', 2),
(316, 91, 'Frans', 'Wijaya', 'Wijaya_frans@yahoo.com', '081280439939', 'Frans', 'Wijaya', '081280439939', 'Cempaka putih barat xix blok e no 72\r\nJakarta pusat', 'Indonesia', 'DKI JAKARTA', 'DKI JAKARTA', '10520', '', 0, '', '', 0, 0, 0, '2012-03-21 12:30:53', NULL),
(317, 92, 'Jessica', 'Bratakencana', 'jessicabratakencana@yahoo.com', '+6281271001622', 'Jessica', 'Bratakencana', '+6281271001622', 'Taman Kedoya Permai blok A2 no. 16', 'Indonesia', 'DKI JAKARTA', 'DKI JAKARTA', '11530', '', 0, '', '', 0, 0, 0, '2012-03-21 17:19:10', NULL),
(318, 93, 'Betty', 'Fransisca', 'betty.f.devera@gmail.com', '6285890667770', 'Betty', 'Fransisca', '6285890667770', 'Jl.Kh moh mansyur no.30', 'Indonesia', 'DKI JAKARTA', 'DKI JAKARTA', '10140', '', 0, '', '', 0, 0, 0, '2012-03-26 12:01:20', NULL),
(453, 145, 'Angga', 'Kusumah', 'angga@antikode.com', '08561906085', 'Angga', 'Kusumah', '08561906085', 'Mutiara Bogor Raya, Zona Sevilla Blok C4 No. 11 Bogor Timur', 'Indonesia', 'PROVINSI JAWA BARAT', 'SUKABUMI', '16143', '', 0, NULL, NULL, NULL, NULL, NULL, '2012-12-21 14:54:03', NULL),
(438, 8, 'Nicholas', 'Yudha', 'nick.yudha@gmail.com', '0811170165', 'Nicholas', 'Yudha', '0811170165', 'Jl. Sutera Magnolia 3 No. 3\r\nAlam Sutera ', 'Indonesia', 'DKI JAKARTA', 'DKI JAKARTA', '15326', '', 0, NULL, NULL, NULL, NULL, NULL, '2012-07-23 21:43:00', NULL),
(324, 95, 'muhammad', 'gana', 'gianluigi.gana@ymail.com', '08982192608', 'muhammad', 'gana', '08982192608', 'jalan bambu kuning gang rahmat no.2c', 'Indonesia', 'PROVINSI RIAU', 'PEKANBARU', '28281', 'regular', 0, '', 'Mandiri', 318000, 0, 318000, '2012-04-04 13:03:05', NULL),
(326, 94, 'siska', 'chandranita', 'fransiska@cisarua.com', '087721279666', 'siska', 'chandranita', '087721279666', 'jl.Hos.cokroaminoto no.68\r\n', 'Indonesia', 'PROVINSI JAWA BARAT', '', '43215', '', 0, '', '', 0, 0, 0, '2012-04-06 01:29:27', NULL),
(332, 98, 'Ade', 'Gandi', 'dol_gandi@yahoo.com', '081977132813', 'Ade', 'Gandi', '081977132813', 'Jl. Puluhdadi no 415 Rt06 Rw 02, Seturan, Catur Tunggal, Depok Sleman ', 'Indonesia', 'PROVINSI D.I YOGYAKARTA', 'SLEMAN', '55281', '', 0, '', '', 0, 0, 0, '2012-04-13 21:56:10', NULL),
(329, 96, 'Muhammad ', 'Komarul Hakim', 'hakimkomarul@yahoo.co.id', '087897255666', 'Muhammad ', 'Komarul Hakim', '087897255666', 'Komplek Bukit Sejahtera jalan Kelapa Gading Blok AF 08 , Palembang , Sumatera Selatan', 'Indonesia', 'PROVINSI SUMATERA SELATAN', 'PALEMBANG', '30139', '', 0, '', '', 0, 0, 0, '2012-04-11 18:54:57', NULL),
(331, 97, 'Bima', 'Trisulo', 'bimatrisulo@gmail.com', '0817898678', 'Bima', 'Trisulo', '0817898678', 'Jl. H. Sinen No. 20 RT07/07 Ragunan, Pasar Minggu', 'Indonesia', 'DKI JAKARTA', 'DKI JAKARTA', '12550', '', 0, '', '', 0, 0, 0, '2012-04-12 12:39:02', NULL),
(441, 142, 'Nicholas', 'Yudha', 'nick.yudha@gmail.com', '02153124521', 'Nicholas', 'Yudha', '02153124521', 'Jl. Sutera Magnolia', 'Indonesia', 'DKI JAKARTA', 'DKI JAKARTA', '15326', '', 0, NULL, NULL, NULL, NULL, NULL, '2012-07-23 22:21:21', NULL),
(334, 99, 'Edo', 'Edo', 'nick@stilomo.com', '0811170165', 'Edo', 'Edo', '0811170165', 'Test', 'Indonesia', 'PROVINSI BANTEN', '', '12345', '', 0, '', '', 0, 0, 0, '2012-04-15 20:32:04', NULL),
(335, 100, 'Satrya', 'Adhitama', 'saryaadhitama@gmail.com', '087774747295', 'Satrya', 'Adhitama', '087774747295', 'Jalan Cempaka Lestari 3, G- 48, Lebak Bulus, Jakarta Selatan', 'Indonesia', 'DKI JAKARTA', 'DKI JAKARTA', '12440', '', 0, '', '', 0, 0, 0, '2012-04-19 10:01:43', NULL),
(336, 101, 'lisa', 'lie', 'lisaa.lie@hotmail.com', '085780890002', 'lisa', 'lie', '085780890002', 'jl. kaca-kaca buntu no 18a \r\npasar baru\r\njakarta pusat', 'Indonesia', 'DKI JAKARTA', 'DKI JAKARTA', '10710', '', 0, '', '', 0, 0, 0, '2012-04-20 10:59:11', NULL),
(359, 17, 'Pingkan', 'R', 'callmepinx@yahoo.com', '021-5484438', 'Pingkan', 'R', '021-5484438', 'Jl. Kristal G-7\r\nPermata Hijau\r\n', 'Indonesia', 'DKI JAKARTA', 'DKI JAKARTA', '12210', '', 0, '', '', 0, 0, 0, '2012-05-14 00:16:57', NULL),
(340, 102, 'Arief', 'Dharmawan', 'ariefdbp@live.com', '081388256447', 'Arief', 'Dharmawan', '081388256447', 'Jl.Parkit 2 No.5 Blok C2 Griya Cinere 1, Cinere, Depok.', 'Indonesia', 'DKI JAKARTA', 'DEPOK', '16515', '', 0, '', '', 0, 0, 0, '2012-04-25 19:32:57', NULL),
(342, 103, 'Tri Maulida', 'Rahardianti', 'tebakaja@live.com', '082115063924', 'Tri Maulida', 'Rahardianti', '082115063924', 'Jl. Rancabentang 1 no. 4a, Ciumbuleuit', 'Indonesia', 'PROVINSI JAWA BARAT', 'BANDUNG', '40134', '', 0, '', '', 0, 0, 0, '2012-04-26 12:40:30', NULL),
(367, 119, 'dheri', 'fikrianto', 'dheri@live.com', '081219101224', 'dheri', 'fikrianto', '081219101224', 'komplek bank mandiri, jln. taska, no.15, cilandak barat, jakarta selatan', 'Indonesia', 'DKI JAKARTA', 'DKI JAKARTA', '12430', '', 0, '', '', 0, 0, 0, '2012-05-23 21:57:32', NULL),
(344, 104, 'Putri', 'Djelantik', 'putri_mdj@yahoo.com', '081999045393', 'Putri', 'Djelantik', '081999045393', 'Jalan Pengembak no 2 Sanur', 'Indonesia', 'PROVINSI BALI', 'SANUR', '80228', '', 0, '', '', 0, 0, 0, '2012-04-27 21:48:02', NULL),
(347, 106, 'Yanti', 'Octavia', 'yanti_octaviazz@hotmail.com', '081908156094', 'Yanti', 'Octavia', '081908156094', 'jl. arteri tentara pelajar no.10, rt 003 rw 008 patal senayan,kebayoran lama,  jakarta selatan 12210', 'Indonesia', 'DKI JAKARTA', 'DKI JAKARTA', '12210', '', 0, '', '', 0, 0, 0, '2012-04-29 10:40:00', NULL),
(348, 107, 'Rati', 'Paramaningayu', 'tortue_to@yahoo.com', '081219168022', 'Rati', 'Paramaningayu', '081219168022', 'jl. daksinapati timur 1 no 7 rawamangun', 'Indonesia', 'DKI JAKARTA', 'DKI JAKARTA', '13220', '', 0, '', '', 0, 0, 0, '2012-04-29 19:22:37', NULL),
(349, 108, 'Laura', 'Basuki', 'Laurabasuki@hotmail.com', '081399319877', 'Laura', 'Basuki', '081399319877', 'Apartemen Pakubuwono View #R35A\r\nJl. Pakubuwono 6 no 70 Kebayoran Lama Utara \r\nJakarta Selatan, DKI Jakarta 12120\r\n', 'Indonesia', 'DKI JAKARTA', 'DKI JAKARTA', '12120', '', 0, '', '', 0, 0, 0, '2012-05-01 08:05:42', NULL),
(350, 109, 'aryo', 'wahyutomo', 'ayog555@yahoo.com', '085743173555', 'aryo', 'wahyutomo', '085743173555', 'JL. fajar indah 6 E62A RT 10 RW 15 jaten, karanganyar, solo\r\n', 'Indonesia', 'PROVINSI JAWA TENGAH', '', '57771', '', 0, '', '', 0, 0, 0, '2012-05-01 23:31:42', NULL),
(351, 110, 'Dita', 'Pranandia', 'dita.pranandia@yahoo.com', '+6281383686883', 'Dita', 'Pranandia', '+6281383686883', 'PT Elnusa Tbk - Corp. Finance,\r\nGraha Elnusa, 5th floor.\r\nJl. TB Simatupang Kav. 1B\r\nCilandak', 'Indonesia', 'DKI JAKARTA', '', '12560', '', 0, '', '', 0, 0, 0, '2012-05-02 14:43:18', NULL),
(353, 111, 'RizkiRahayu', 'Utami', 'rizkirahayuutami20@yahoo.com', '085782671881', 'RizkiRahayu', 'Utami', '085782671881', 'KOMPLEK KODAM JAYA RT 08 RW02 NO.3 F6KRAMAT JATI.JAKARTA TIMUR.', 'Indonesia', 'DKI JAKARTA', 'DKI JAKARTA', '13510', '', 0, '', '', 0, 0, 0, '2012-05-02 23:33:25', NULL),
(354, 112, 'Khairina', 'Lika', 'khairinalika@gmail.com', '08174930310', 'Khairina', 'Lika', '08174930310', 'Villa Kelapa 2, Jalan Janur Raya blok D-24 Pos Pengumben Jakarta barat.', 'Indonesia', 'DKI JAKARTA', 'DKI JAKARTA', '11550', '', 0, '', '', 0, 0, 0, '2012-05-03 20:01:26', NULL),
(380, 128, 'Joy Yohanes', 'Wangsa Seputra', 'joy.yohanes@yahoo.com', '081390282425', 'Joy Yohanes', 'Wangsa Seputra', '081390282425', 'Jl. KH Agus Salim 234 ', 'Indonesia', 'PROVINSI JAWA TENGAH', 'KUDUS', '59317', '', 0, '', '', 0, 0, 0, '2012-06-11 11:10:27', NULL),
(356, 114, 'wilda', 'retno', 'wilda_wr@yahoo.com', '087877431642', 'wilda', 'retno', '087877431642', 'jl. keahlian no 22 rt 07 rw 05 jatiwaringin pondok gede, bekasi', 'Indonesia', 'DKI JAKARTA', '', '17411', '', 0, '', '', 0, 0, 0, '2012-05-08 14:04:49', NULL),
(357, 115, 'venny', 'yusnita', 'venny.yusnita@gmail.com', '08179775125', 'venny', 'yusnita', '08179775125', 'Perum balangan pratama jl jingga 2 no 16 cenggiling', 'Indonesia', 'PROVINSI BALI', '', '80361', '', 0, '', '', 0, 0, 0, '2012-05-09 00:37:27', NULL),
(358, 116, 'John', 'Marcell', 'extraowl_jm@ymail.com', '082132732742', 'John', 'Marcell', '082132732742', 'Jl.Rungkut Mejoyo Utara KY 5', 'Indonesia', 'PROVINSI JAWA TIMUR', 'SURABAYA', '60292', '', 0, '', '', 0, 0, 0, '2012-05-13 09:54:27', NULL),
(363, 117, 'claudio', 'piererra', 'claudiopiererra@yahoo.com', '081287900825', 'claudio', 'piererra', '081287900825', ' Jl. Pulo Permata Sari blok C2/3', 'Indonesia', 'DKI JAKARTA', 'BEKASI', '17116', '', 0, '', '', 0, 0, 0, '2012-05-14 16:49:36', NULL),
(364, 105, 'Rizka', 'Ramadhani', 'goldnasentaro@hotmail.com', '081807977836', 'Rizka', 'Ramadhani', '081807977836', 'Jl.Siaga Raya No.B2 Komplek LAN Pejaten Barat Ps.Minggu', 'Indonesia', 'DKI JAKARTA', 'DKI JAKARTA', '12510', '', 0, '', '', 0, 0, 0, '2012-05-15 14:01:34', NULL),
(366, 118, 'dinda', 'hamzah', 'dinda_hamzah@yahoo.com', '08561703759', 'dinda', 'hamzah', '08561703759', 'Jalan Amsar no 26 RT 004/RW 004 Ciganjur -Jaksel', 'Indonesia', 'DKI JAKARTA', 'DKI JAKARTA', '12630', '', 0, '', '', 0, 0, 0, '2012-05-20 20:34:29', NULL),
(370, 120, 'Eva ', 'Permatasari', 'brietyalucia@ymail.com', '081298911409', 'Eva ', 'Permatasari', '081298911409', 'Jalan Wangko No. 22 Trikora Halim PerdanaKusuma RT 09/ RW 015 Kec : Makasar Kelurahan :  Halim Perdana Kusuma', 'Indonesia', 'DKI JAKARTA', 'DKI JAKARTA', '13610', '', 0, '', '', 0, 0, 0, '2012-05-30 12:13:18', NULL),
(369, 34, 'Alex', 'Tho', 'alex.tho@live.com', '08158000676', 'Alex', 'Tho', '08158000676', 'Jl. Pluit Barat VII No. 41\r\nPluit, Jakarta Utara', 'Indonesia', 'DKI JAKARTA', '', '14450', '', 0, '', '', 0, 0, 0, '2012-05-26 23:46:54', NULL),
(371, 121, 'Juvita', 'Pratiwi', 'iamvitha@yahoo.com', '089636751636', 'Juvita', 'Pratiwi', '089636751636', 'Jln. 28 Oktober No 75 Link IV\r\nTeling Atas Manado 95119', 'Indonesia', 'PROVINSI SULAWESI UTARA', 'MANADO', '95119', '', 0, '', '', 0, 0, 0, '2012-06-04 06:36:24', NULL),
(372, 122, 'yuli', 'putri', 'yulisantika@yahoo.com', '089693418245', 'yuli', 'putri', '089693418245', 'Jalan parit makmur gg teratai 2 no 53,pontianak,daerah siantan', 'Indonesia', 'PROVINSI KALIMANTAN BARAT', '', '78956', '', 0, '', '', 0, 0, 0, '2012-06-05 22:46:38', NULL),
(373, 123, 'david', 'gordon', 'davidgordon313@gmail.com', '0812998265', 'david', 'gordon', '0812998265', 'lippo karawaci, kondominium gold, richmond 11F', 'Indonesia', 'PROVINSI BANTEN', '', '15229', '', 0, '', '', 0, 0, 0, '2012-06-06 21:55:04', NULL),
(374, 124, 'Lia', 'Kusumawardhani', 'lia_dhani21@yahoo.com', '081233729234', 'Lia', 'Kusumawardhani', '081233729234', 'Jalan simpang D. Maninjau Selatan 1 D1 / B6', 'Indonesia', 'PROVINSI JAWA TIMUR', 'MALANG', '12345', '', 0, '', '', 0, 0, 0, '2012-06-07 09:02:01', NULL),
(376, 125, 'ifni', 'isauria', 'isauriablabla@yahoo.com', '62818950385', 'ifni', 'isauria', '62818950385', 'Jl. tubagus ismail raya no. 40a\r\nwisma ayah bunda kamar A6\r\n', 'Indonesia', 'PROVINSI JAWA BARAT', 'BANDUNG', '40134', '', 0, '', '', 0, 0, 0, '2012-06-07 11:58:20', NULL),
(377, 126, 'Azalea', 'Phinata', 'sha_phi@rocketmail.com', '083854442474', 'Azalea', 'Phinata', '083854442474', 'Jl. Sawahan Sarimulyo I/8 RT 01 RW 01 Kel. Petemon Kec. Sawahan', 'Indonesia', 'PROVINSI JAWA TIMUR', 'SURABAYA', '60252', '', 0, '', '', 319000, 0, 0, '2012-06-10 01:43:11', NULL),
(378, 127, 'Maria', 'Elsa', 'm_elsa@ymail.com', '085722834223', 'Maria', 'Elsa', '085722834223', 'Jl. Asia Afrika 103', 'Indonesia', 'PROVINSI JAWA BARAT', 'BANDUNG', '40112', '', 0, '', '', 0, 0, 0, '2012-06-10 15:23:04', 3),
(379, 113, 'servina', 'mariska', 'servinaa@gmail.com', '087880534864', 'servina', 'mariska', '087880534864', 'Jalan Balongan E2 / 7 Jatiwaringin Asri, Pondok Gede', 'Indonesia', 'PROVINSI JAWA BARAT', 'OTHER JAWA BARAT', '17411', '', 0, '', '', 0, 0, 0, '2012-06-10 23:06:06', NULL),
(383, 130, 'jane ', 'lukman', 'janeodelialukman@yahoo.com', '0817140891', 'jane ', 'lukman', '0817140891', 'villa gading indah G no.11, kelapa gading, jakarta 14240', 'Indonesia', 'DKI JAKARTA', '', '14240', '', 0, '', '', 0, 0, 0, '2012-06-11 14:18:39', NULL),
(382, 129, 'Joy Yohanes', 'Wangsa Seputra', 'joy_endut17@yahoo.co.uk', '081390282425', 'Joy Yohanes', 'Wangsa Seputra', '081390282425', 'Jl. KH Agus Salim 234', 'Indonesia', 'PROVINSI JAWA TENGAH', 'KUDUS', '59317', '', 0, '', '', 0, 0, 0, '2012-06-11 11:25:09', NULL),
(386, 131, 'ardini', 'paramitha', 'ardiniparamitha@telkomsel.blackberry.com', '082122281893', 'ardini', 'paramitha', '082122281893', 'Jl. Banyak sumba no.15\r\nKoridor Bandung Tempo Dulu\r\nKota Baru Parahyangan\r\n', 'Indonesia', 'PROVINSI JAWA BARAT', 'BANDUNG', '-', '', 0, '', '', 0, 0, 0, '2012-06-12 17:58:36', NULL),
(421, 141, 'Gary', 'Gregorius', 'info@heymonstore2.com', '', 'Gary', 'Gregorius', '', '', '', '', '', '', '', 0, NULL, NULL, NULL, NULL, NULL, '2012-07-14 18:45:25', NULL),
(416, 140, 'Gary', 'Gregorius', 'info@heymonstore.com', '', 'Gary', 'Gregorius', '0817203040', 'Jalan ', 'Indonesia', 'KEPULAUAN RIAU', 'NONGSA', '283889', 'regular', 0, NULL, 'BCA', 219999999, 11300, 220011299, '2012-07-14 17:28:35', 1),
(404, 139, 'Gary', 'G', 'lala@gaga.com', '', 'Gary', 'G', '', '', '', '', '', '', '', 0, NULL, NULL, NULL, NULL, NULL, '2012-07-05 07:39:58', NULL),
(394, 133, '', '', '', '', '', '', '', '', '', '', '', '', '', 0, NULL, '', NULL, NULL, NULL, '2012-07-04 12:10:24', NULL),
(395, 134, 'Gary', 'Gregorius', 'gue@gary.com', '08170902909090', 'Gary', 'Gregorius', '08170902909090', 'Jalan Jalan', 'Indonesia', 'DKI JAKARTA', 'DKI JAKARTA', '11650', '', 0, NULL, '', 225000, 0, 0, '2012-07-04 14:16:33', 1),
(396, 135, 'G', 'G', 'gar@y.com', '08190190290', 'G', 'G', '08190190290', 'Penthouse ', 'Indonesia', 'DKI JAKARTA', 'DKI JAKARTA', '19299', '', 0, NULL, '', 280000, 0, 0, '2012-07-04 14:17:54', 1),
(397, 136, 'G', 'G', 'g@ar.com', '08192939', 'G', 'G', '08192939', 'Jalan', 'Indonesia', 'DKI JAKARTA', 'DKI JAKARTA', '191991', '', 0, NULL, '', 280000, 0, 0, '2012-07-04 14:20:27', 1),
(398, 137, 'z', 'z', 'z@ra.com', '01920021', 'z', 'z', '01920021', 'Gary', 'Indonesia', 'DKI JAKARTA', 'DKI JAKARTA', '11600', '', 0, NULL, '', 225000, 0, 0, '2012-07-04 14:22:33', 1),
(399, 138, 'Garu', 'Grei', 'ga@e.com', '2910290192', 'Garuk', 'Grei', '2910290192', 'Jalan', 'Indonesia', 'DKI JAKARTA', 'DKI JAKARTA', '1929939', '', 0, NULL, '', 280000, 0, 0, '2012-07-04 14:37:20', 1),
(446, 6, 'Nicholas', 'Yudha', 'nick@heymonstore.com', '0811170165', 'Nicholas', 'Yudha', '0811170165', 'Jl. Sutera Magnolia 3 no. 3\r\nAlam Sutera\r\nSerpong', 'Indonesia', 'DKI JAKARTA', 'DKI JAKARTA', '15326', '', 0, NULL, NULL, NULL, NULL, NULL, '2012-08-03 02:28:15', NULL),
(457, 1, 'Gary', 'Gregorius', 'gary.gunarman@yahoo.com', '08170102349', 'Gary', 'Gregorius', '08170102349', 'Mega Kebon Jeruk F3/6\r\nMeruya Selatan\r\nKembangan', 'Indonesia', 'DKI JAKARTA', 'DKI JAKARTA', '11650', '', 0, NULL, NULL, NULL, NULL, NULL, '2013-03-18 06:37:42', NULL),
(455, 19, 'Gary', 'Gregorius', 'gary@antikode.com', '08170102349', 'Gary', 'Gregorius', '08170102349', 'Mega Kebon Jeruk F3/6\r\nMeruya Selatan\r\nKembangan', 'Indonesia', 'DKI JAKARTA', 'DKI JAKARTA', '11650', '', 0, NULL, NULL, NULL, NULL, NULL, '2013-02-21 08:47:41', NULL),
(458, 1, 'Gary', 'Gregorius', 'gary.gunarman@yahoo.com', '08170102349', 'Gary', 'Gregorius', '08170102349', 'Mega Kebon Jeruk F3/6\r\nMeruya Selatan\r\nKembangan', 'Indonesia', 'DKI JAKARTA', 'DKI JAKARTA', '11650', '', 0, NULL, '', 970000, 0, 0, '2013-03-18 06:40:54', 1);

-- --------------------------------------------------------

--
-- Table structure for table `tbl_shopping_bag_item`
--

CREATE TABLE IF NOT EXISTS `tbl_shopping_bag_item` (
  `item_id` int(11) NOT NULL AUTO_INCREMENT,
  `bag_id` int(11) NOT NULL,
  `type_id` int(11) NOT NULL,
  `stock_name` text NOT NULL,
  `item_quantity` int(11) NOT NULL,
  `item_price` double NOT NULL,
  `item_gender` text NOT NULL,
  PRIMARY KEY (`item_id`)
) ENGINE=MyISAM  DEFAULT CHARSET=latin1 AUTO_INCREMENT=656 ;

--
-- Dumping data for table `tbl_shopping_bag_item`
--

INSERT INTO `tbl_shopping_bag_item` (`item_id`, `bag_id`, `type_id`, `stock_name`, `item_quantity`, `item_price`, `item_gender`) VALUES
(189, 92, 6, 'ALL', 1, 283000, ''),
(187, 87, 8, 'ALL', 1, 218200, ''),
(188, 91, 4, 'L', 1, 169000, ''),
(109, 66, 1, 'XS', 1, 249000, ''),
(108, 66, 1, 'S', 1, 249000, ''),
(185, 86, 4, 'L', 4, 169000, ''),
(165, 74, 1, 'S', 1, 200000, ''),
(166, 75, 7, 'M', 1, 200000, ''),
(164, 73, 1, 'M', 1, 200000, ''),
(163, 73, 4, 'L', 1, 169000, ''),
(191, 93, 1, 'XS', 1, 236550, ''),
(192, 94, 1, 'XS', 10, 236550, ''),
(237, 122, 54, 'M', 1, 159000, ''),
(238, 122, 60, 'XS', 1, 159000, ''),
(239, 123, 54, 'M', 1, 159000, ''),
(240, 123, 54, 'M', 1, 159000, ''),
(241, 124, 64, 'All Size', 1, 179000, ''),
(242, 124, 63, 'All Size', 2, 179000, ''),
(243, 124, 52, 'XS', 1, 159000, ''),
(244, 125, 64, 'All Size', 1, 179000, ''),
(246, 126, 61, 'L', 1, 159000, ''),
(247, 127, 62, 'default', 2, 199000, 'MEN'),
(248, 127, 61, 'L', 1, 159000, 'MEN'),
(292, 167, 74, 'All Size', 1, 179000, 'MEN'),
(278, 156, 74, 'All Size', 1, 179000, 'MEN'),
(275, 151, 81, 'M', 1, 159000, 'WOMEN'),
(277, 155, 74, 'All Size', 1, 179000, 'MEN'),
(279, 157, 86, 'default', 1, 179000, 'MEN'),
(282, 158, 74, 'All Size', 1, 179000, 'MEN'),
(283, 159, 74, 'All Size', 1, 179000, 'MEN'),
(284, 160, 73, 'All Size', 1, 199000, 'WOMEN'),
(285, 161, 83, 'XL', 1, 179000, 'MEN'),
(291, 166, 74, 'All Size', 1, 179000, 'MEN'),
(303, 179, 80, 'XL', 1, 159000, 'MEN'),
(300, 174, 81, 'M', 1, 159000, 'MEN'),
(305, 180, 74, 'All Size', 1, 179000, 'MEN'),
(306, 180, 80, 'S', 1, 159000, 'MEN'),
(308, 181, 78, 'XL', 1, 159000, 'WOMEN'),
(309, 181, 73, 'All Size', 1, 199000, 'MEN'),
(315, 190, 90, 'All Size', 1, 249000, 'WOMEN'),
(316, 191, 90, 'All Size', 1, 249000, 'WOMEN'),
(319, 195, 82, 'XS', 1, 159000, 'MEN'),
(373, 196, 85, 'All Size', 1, 179000, 'MEN'),
(372, 196, 102, 'All Size', 5, 149000, 'NONE'),
(371, 196, 104, 'All Size', 3, 59000, 'NONE'),
(370, 196, 105, 'All Size', 1, 119000, 'NONE'),
(369, 196, 75, 'All Size', 5, 179000, 'MEN'),
(368, 196, 79, 'XS', 1, 159000, 'MEN'),
(365, 196, 106, 'All Size', 4, 149000, 'NONE'),
(366, 196, 106, 'All Size', 1, 149000, 'NONE'),
(367, 196, 103, 'All Size', 3, 119000, 'NONE'),
(364, 214, 102, 'All Size', 1, 149000, 'NONE'),
(350, 210, 80, 'XS', 1, 159000, 'MEN'),
(349, 209, 81, 'S', 1, 159000, 'MEN'),
(363, 214, 88, 'All Size', 1, 249000, 'WOMEN'),
(374, 196, 86, 'All Size', 1, 179000, 'MEN'),
(377, 218, 81, 'S', 6, 159000, 'MEN'),
(378, 219, 79, 'S', 1, 159000, 'MEN'),
(379, 221, 90, 'All Size', 1, 249000, 'WOMEN'),
(382, 223, 80, 'S', 6, 159000, 'MEN'),
(385, 231, 82, 'XL', 1, 143100, 'MEN'),
(388, 232, 75, 'All Size', 1, 161100, 'MEN'),
(389, 232, 81, 'S', 1, 143100, 'MEN'),
(391, 235, 79, 'M', 1, 143100, 'MEN'),
(433, 291, 75, 'All Size', 1, 179000, 'WOMEN'),
(432, 291, 81, 'XS', 1, 159000, 'WOMEN'),
(431, 291, 90, 'All Size', 1, 249000, 'WOMEN'),
(434, 291, 79, 'S', 1, 159000, 'WOMEN'),
(436, 297, 73, 'All Size', 1, 199000, 'WOMEN'),
(479, 333, 130, 'All Size', 3, 249000, 'WOMEN'),
(469, 315, 125, 'S', 1, 159000, 'MEN'),
(452, 306, 83, 'S', 1, 179000, 'WOMEN'),
(475, 327, 144, 'XL', 1, 179000, 'MEN'),
(471, 323, 132, 'All Size', 1, 249000, 'WOMEN'),
(468, 315, 129, 'S', 1, 159000, 'MEN'),
(524, 378, 127, 'XS', 1, 159000, 'WOMEN'),
(525, 378, 127, 'XS', 1, 159000, 'WOMEN'),
(523, 378, 125, 'XS', 1, 159000, 'WOMEN'),
(531, 387, 143, 'XS', 10, 179000, ''),
(532, 388, 163, 'All Size', 4, 315000, ''),
(543, 390, 161, 'All Size', 1, 280000, ''),
(542, 389, 163, 'All Size', 6, 315000, ''),
(541, 389, 161, 'All Size', 9, 280000, ''),
(545, 391, 163, 'All Size', 1, 315000, ''),
(547, 392, 161, 'All Size', 1, 280000, ''),
(550, 395, 162, 'All Size', 1, 225000, ''),
(551, 396, 161, 'All Size', 1, 280000, ''),
(552, 397, 164, 'All Size', 1, 280000, ''),
(553, 398, 159, 'All Size', 1, 225000, ''),
(554, 399, 161, 'All Size', 1, 280000, ''),
(559, 402, 161, 'All Size', 1, 280000, ''),
(558, 402, 159, 'All Size', 1, 225000, ''),
(601, 415, 336, 'S', 1, 219999999, ''),
(600, 414, 336, 'S', 1, 219999999, ''),
(576, 405, 163, 'All Size', 1, 315000, ''),
(603, 416, 336, 'S', 1, 219999999, ''),
(642, 444, 62, '38', 1, 1000000, ''),
(630, 433, 51, '35/36', 1, 700000, ''),
(628, 435, 6, '35/36', 1, 500000, ''),
(641, 443, 62, '37', 1, 1000000, ''),
(649, 15, 62, '35/36', 1, 1000000, ''),
(652, 39, 62, '35/36', 1, 1000000, ''),
(654, 458, 66, '35/36', 1, 970000, ''),
(655, 459, 44, '35/36', 1, 1150000, '');

-- --------------------------------------------------------

--
-- Table structure for table `tbl_size`
--

CREATE TABLE IF NOT EXISTS `tbl_size` (
  `size_id` int(11) NOT NULL AUTO_INCREMENT,
  `size_type_id` int(11) NOT NULL,
  `size_name` text CHARACTER SET latin1 COLLATE latin1_general_ci NOT NULL,
  `size_sku` varchar(10) NOT NULL,
  `size_order` int(11) NOT NULL,
  PRIMARY KEY (`size_id`)
) ENGINE=MyISAM  DEFAULT CHARSET=latin1 AUTO_INCREMENT=234 ;

--
-- Dumping data for table `tbl_size`
--

INSERT INTO `tbl_size` (`size_id`, `size_type_id`, `size_name`, `size_sku`, `size_order`) VALUES
(233, 43, 'One', 'One', 1);

-- --------------------------------------------------------

--
-- Table structure for table `tbl_size_type`
--

CREATE TABLE IF NOT EXISTS `tbl_size_type` (
  `size_type_id` int(11) NOT NULL AUTO_INCREMENT,
  `size_type_name` text NOT NULL,
  `size_type_order` int(11) NOT NULL,
  `size_type_active` varchar(10) NOT NULL,
  `size_type_visibility` varchar(10) NOT NULL,
  PRIMARY KEY (`size_type_id`)
) ENGINE=MyISAM  DEFAULT CHARSET=latin1 AUTO_INCREMENT=44 ;

--
-- Dumping data for table `tbl_size_type`
--

INSERT INTO `tbl_size_type` (`size_type_id`, `size_type_name`, `size_type_order`, `size_type_active`, `size_type_visibility`) VALUES
(43, 'General', 1, 'Active', 'Yes');

-- --------------------------------------------------------

--
-- Table structure for table `tbl_slideshow`
--

CREATE TABLE IF NOT EXISTS `tbl_slideshow` (
  `id` int(11) NOT NULL AUTO_INCREMENT,
  `filename` text NOT NULL,
  `link` text NOT NULL,
  `order_` int(11) NOT NULL,
  `flag` varchar(100) NOT NULL,
  PRIMARY KEY (`id`)
) ENGINE=MyISAM  DEFAULT CHARSET=latin1 AUTO_INCREMENT=3 ;

--
-- Dumping data for table `tbl_slideshow`
--

INSERT INTO `tbl_slideshow` (`id`, `filename`, `link`, `order_`, `flag`) VALUES
(1, 'files/uploads/slideshow/slider-1-Melissa-Gradient-Sp-Ad_Black_2013-02-11_408.jpg', 'http://www.antikode.com', 1, '');

-- --------------------------------------------------------

--
-- Table structure for table `tbl_user`
--

CREATE TABLE IF NOT EXISTS `tbl_user` (
  `user_id` int(11) NOT NULL AUTO_INCREMENT,
  `user_email` text NOT NULL,
  `user_password` text NOT NULL,
  `user_first_name` text NOT NULL,
  `user_last_name` text NOT NULL,
  `user_fullname` varchar(100) NOT NULL,
  `user_phone` text NOT NULL,
  `user_address` text NOT NULL,
  `user_country` text NOT NULL,
  `user_province` text NOT NULL,
  `user_city` text NOT NULL,
  `user_postal_code` text NOT NULL,
  `user_created_date` date NOT NULL,
  `user_status` text NOT NULL,
  `user_alias` varchar(100) NOT NULL,
  PRIMARY KEY (`user_id`)
) ENGINE=MyISAM  DEFAULT CHARSET=latin1 AUTO_INCREMENT=78 ;

--
-- Dumping data for table `tbl_user`
--

INSERT INTO `tbl_user` (`user_id`, `user_email`, `user_password`, `user_first_name`, `user_last_name`, `user_fullname`, `user_phone`, `user_address`, `user_country`, `user_province`, `user_city`, `user_postal_code`, `user_created_date`, `user_status`, `user_alias`) VALUES
(1, 'dimas@antikode.com', '9ce911afffdca9577848f5b3434689c5', 'Dimas', 'Nuh Putra', 'Dimas Nuh Putra', '0888999888', 'Pending Kencana 3\r\nC5 #5\r\nKencana Loka, Bsd City', 'Indonesia', 'Banten', 'Tangerang Selatan', '15535', '2013-06-21', 'platinum', 'dimas-nuh-putra'),
(3, 'gary@antikode.com', '03b083fd0aadc8883198881ba88111ab', 'Gary Gregorius', 'Gunarman', 'Gary Gregorius Gunarman', '0214557769', 'Address Line\r\nAddress Lineaddress Line\r\nAddress Lineaddress Lineaddress Line', 'Indonesia', 'Jakarta', '', '14567', '2013-06-24', 'member', 'gary-gregorius-gunarman'),
(73, 'caesar@gmail.com', 'd41d8cd98f00b204e9800998ecf8427e', 'julius', 'caesar', 'julius caesar', '021888000', 'Jl. Permata 2 Blok GH VIII No. 8', 'Indonesia', 'Jakarta', 'Jakarta', '12345', '2013-09-23', 'normal', 'julius-caesar'),
(43, 'info@jkobylkareptiles.com', 'd41d8cd98f00b204e9800998ecf8427e', 'Justin', 'Kobylka', 'Justin Kobylka', '7065994850', '67 Sherwood Court\r\nToccoa', 'United States', 'Georgia', 'Stephen County', '30577', '2013-07-12', 'Normal', 'justin-kobylka'),
(33, 'caesar@rome.com', 'd41d8cd98f00b204e9800998ecf8427e', 'Julius', 'Caesar', 'Julius Caesar', '0627987789987', 'Jl. Banda Aceh Raya 17, No 45', 'Indonesia', 'Jawa Barat', '', '18455', '2013-06-24', 'normal', 'julius-caesar1'),
(40, 'isaac@newton.com', 'd41d8cd98f00b204e9800998ecf8427e', 'Isaacs', 'Newton', 'Isaacs Newton', '1234567899', 'Address Line\r\nAddress Line Address Line\r\nAddress Line Address Line Address Line', 'United Kingdom', 'London', 'Westminster Abbey', '12345', '2013-07-12', 'Normal', 'isaacs-newton'),
(67, 'dega@dega.com', '9ce911afffdca9577848f5b3434689c5', 'muhammad', 'ihsan', 'muhammad ihsan', '0217563214', 'Jl. Jalan Blok 5', 'Indonesia', 'Banten', 'Serpong', '15234', '0000-00-00', 'normal', 'muhammad-ihsan'),
(70, 'ferdinand@bpl.com', '9ce911afffdca9577848f5b3434689c5', 'Mikalia', 'Amarousso', 'Mikalia Amarousso', '03457984236', 'Jl. Palmerah Blok C45 No. 56', 'Indonesia', 'Jakarta', '', '13820', '0000-00-00', 'normal', 'mikalia-amarousso'),
(71, 'nam@cempaka.com', '9ce911afffdca9577848f5b3434689c5', 'namira', 'cempaka', 'namira cempaka', '0217563214', 'Jl. Jalan Blok 46', 'Indonesia', 'Banten', 'Serpong', '15321', '0000-00-00', 'normal', 'namira-cempaka'),
(77, 'ali@gmail.com', 'd41d8cd98f00b204e9800998ecf8427e', 'Ali', 'Topan', 'Ali Topan', '02145577699', 'Jl. Lenteng Agung Atas No. 59', 'Indonesia', 'Jakarta', '', '16754', '2013-09-23', 'normal', 'ali-topan');

-- --------------------------------------------------------

--
-- Table structure for table `tbl_user_purchase`
--

CREATE TABLE IF NOT EXISTS `tbl_user_purchase` (
  `purchase_id` int(11) NOT NULL AUTO_INCREMENT,
  `user_id` int(11) NOT NULL,
  `order_id` int(11) NOT NULL,
  PRIMARY KEY (`purchase_id`)
) ENGINE=MyISAM  DEFAULT CHARSET=latin1 AUTO_INCREMENT=25 ;

--
-- Dumping data for table `tbl_user_purchase`
--

INSERT INTO `tbl_user_purchase` (`purchase_id`, `user_id`, `order_id`) VALUES
(1, 1, 1),
(2, 1, 2),
(3, 1, 3),
(4, 1, 4),
(5, 1, 5),
(6, 1, 6),
(7, 1, 7),
(8, 1, 8),
(9, 1, 9),
(10, 1, 10),
(11, 1, 11),
(12, 1, 12),
(13, 1, 13),
(14, 1, 14),
(15, 1, 15),
(16, 1, 16),
(17, 1, 17),
(18, 1, 18),
(19, 1, 19),
(20, 1, 20),
(21, 67, 21),
(22, 70, 22),
(23, 71, 23),
(24, 1, 24);
